tillgang,modul,sida,in,ut,inpris,utpris,R,pnl,orsak
BTC,A,blank,2025-09-30T10:00:00.000Z,2025-09-30T13:00:00.000Z,112726,113606,-2.17,-0.01584,stopp
BTC,A,kop,2025-10-02T16:00:00.000Z,2025-10-03T15:00:00.000Z,119971,122197,1.02,0.01004,tid
BTC,A,kop,2025-10-03T16:00:00.000Z,2025-10-03T17:00:00.000Z,122319,122258,-0.86,-0.00845,släpande stopp
BTC,B,kop,2025-10-04T02:00:00.000Z,2025-10-04T02:00:00.000Z,121926,121794,-0.87,-0.00859,mål EMA20
BTC,B,kop,2025-10-04T03:00:00.000Z,2025-10-04T03:00:00.000Z,121915,122183,-0.58,-0.00564,mål EMA20
BTC,B,kop,2025-10-04T11:00:00.000Z,2025-10-04T12:00:00.000Z,122191,121945,-1.29,-0.00972,mål EMA20
BTC,A,kop,2025-10-05T03:00:00.000Z,2025-10-05T09:00:00.000Z,124093,124228,-0.89,-0.00665,släpande stopp
BTC,B,kop,2025-10-05T10:00:00.000Z,2025-10-05T11:00:00.000Z,123082,123403,-0.50,-0.00481,mål EMA20
BTC,A,kop,2025-10-06T14:00:00.000Z,2025-10-07T06:00:00.000Z,125094,123871,-1.91,-0.01686,stopp
BTC,B,blank,2025-10-12T05:00:00.000Z,2025-10-12T08:00:00.000Z,111469,111367,-0.36,-0.00334,mål EMA20
BTC,B,blank,2025-10-12T16:00:00.000Z,2025-10-12T20:00:00.000Z,113142,115171,-1.49,-0.01388,stopp
BTC,A,blank,2025-10-14T05:00:00.000Z,2025-10-14T14:00:00.000Z,113006,112118,-0.01,-0.00008,släpande stopp
BTC,B,blank,2025-10-14T16:00:00.000Z,2025-10-14T16:00:00.000Z,112844,112385,-0.23,-0.00207,mål EMA20
BTC,B,blank,2025-10-15T09:00:00.000Z,2025-10-15T09:00:00.000Z,112888,112620,-0.39,-0.00353,mål EMA20
BTC,A,blank,2025-10-15T16:00:00.000Z,2025-10-16T15:00:00.000Z,110743,108603,0.70,0.00639,tid
BTC,A,blank,2025-10-16T16:00:00.000Z,2025-10-17T11:00:00.000Z,108495,106095,0.77,0.00710,släpande stopp
BTC,B,blank,2025-10-17T22:00:00.000Z,2025-10-17T23:00:00.000Z,107248,106485,-0.05,-0.00043,mål EMA20
BTC,B,blank,2025-10-18T12:00:00.000Z,2025-10-18T16:00:00.000Z,107155,106717,-0.31,-0.00287,mål EMA20
BTC,A,blank,2025-10-21T05:00:00.000Z,2025-10-21T12:00:00.000Z,107726,109179,-1.66,-0.01528,stopp
BTC,B,blank,2025-10-21T13:00:00.000Z,2025-10-21T13:00:00.000Z,108739,108481,-0.44,-0.00396,mål EMA20
BTC,B,blank,2025-10-22T14:00:00.000Z,2025-10-22T15:00:00.000Z,108729,108471,-0.34,-0.00309,mål EMA20
BTC,B,blank,2025-10-23T02:00:00.000Z,2025-10-23T06:00:00.000Z,108096,109849,-1.55,-0.01389,stopp
BTC,B,blank,2025-10-29T07:00:00.000Z,2025-10-29T08:00:00.000Z,113228,113127,-0.65,-0.00573,mål EMA20
BTC,A,blank,2025-10-29T19:00:00.000Z,2025-10-30T05:00:00.000Z,110751,110320,-0.28,-0.00249,släpande stopp
BTC,A,blank,2025-10-30T14:00:00.000Z,2025-10-31T00:00:00.000Z,107573,109560,-1.48,-0.01295,stopp
BTC,B,blank,2025-10-31T01:00:00.000Z,2025-10-31T12:00:00.000Z,109263,109708,-0.71,-0.00617,tid
BTC,B,blank,2025-11-01T03:00:00.000Z,2025-11-01T14:00:00.000Z,109735,109989,-0.81,-0.00694,mål EMA20
BTC,A,blank,2025-11-03T04:00:00.000Z,2025-11-03T11:00:00.000Z,107883,107937,-0.80,-0.00683,släpande stopp
BTC,B,blank,2025-11-03T15:00:00.000Z,2025-11-03T15:00:00.000Z,108006,105799,1.02,0.00860,mål EMA20
BTC,A,blank,2025-11-04T06:00:00.000Z,2025-11-05T02:00:00.000Z,104164,101952,0.69,0.00591,släpande stopp
BTC,B,blank,2025-11-05T14:00:00.000Z,2025-11-06T01:00:00.000Z,102934,103417,-0.67,-0.00571,tid
BTC,A,blank,2025-11-06T17:00:00.000Z,2025-11-07T16:00:00.000Z,100817,101220,-0.65,-0.00554,tid
BTC,B,blank,2025-11-08T19:00:00.000Z,2025-11-08T19:00:00.000Z,102088,102041,-0.66,-0.00560,mål EMA20
BTC,A,blank,2025-11-11T16:00:00.000Z,2025-11-12T09:00:00.000Z,103404,104963,-1.59,-0.01336,stopp
BTC,B,blank,2025-11-13T06:00:00.000Z,2025-11-13T13:00:00.000Z,103084,102378,-0.07,-0.00059,mål EMA20
BTC,A,blank,2025-11-13T19:00:00.000Z,2025-11-14T15:00:00.000Z,98542.5,97307.2,0.23,0.00187,släpande stopp
BTC,B,blank,2025-11-15T03:00:00.000Z,2025-11-15T04:00:00.000Z,96434.5,96160.2,-0.22,-0.00180,mål EMA20
BTC,A,blank,2025-11-16T22:00:00.000Z,2025-11-17T00:00:00.000Z,93458.5,94945.5,-1.56,-0.01288,stopp
BTC,B,blank,2025-11-17T01:00:00.000Z,2025-11-17T01:00:00.000Z,95242.4,94815.4,-0.19,-0.00154,mål EMA20
BTC,A,blank,2025-11-17T20:00:00.000Z,2025-11-18T11:00:00.000Z,91633.1,91630.8,-0.38,-0.00305,släpande stopp
BTC,B,blank,2025-11-18T16:00:00.000Z,2025-11-19T00:00:00.000Z,92863.6,92462.7,-0.17,-0.00142,mål EMA20
BTC,A,blank,2025-11-19T06:00:00.000Z,2025-11-19T15:00:00.000Z,90414.8,92210.9,-1.44,-0.01167,stopp
BTC,B,blank,2025-11-20T00:00:00.000Z,2025-11-20T11:00:00.000Z,91509.2,91980.0,-0.64,-0.00512,tid
BTC,A,blank,2025-11-20T17:00:00.000Z,2025-11-21T13:00:00.000Z,87834.2,84034.4,1.64,0.01296,släpande stopp
BTC,B,blank,2025-11-21T15:00:00.000Z,2025-11-21T15:00:00.000Z,84807.6,82973.9,0.42,0.00335,mål EMA20
BTC,A,blank,2025-11-21T16:00:00.000Z,2025-11-22T15:00:00.000Z,82891.0,84326.2,-0.72,-0.00580,tid
BTC,A,blank,2025-12-01T01:00:00.000Z,2025-12-01T14:00:00.000Z,86956.5,86398.6,-0.11,-0.00086,släpande stopp
BTC,B,blank,2025-12-01T22:00:00.000Z,2025-12-01T23:00:00.000Z,86393.4,86329.2,-0.38,-0.00302,mål EMA20
BTC,B,blank,2025-12-02T04:00:00.000Z,2025-12-02T08:00:00.000Z,86933.5,86515.1,-0.18,-0.00141,mål EMA20
BTC,A,blank,2025-12-05T17:00:00.000Z,2025-12-06T16:00:00.000Z,88766.5,89752.7,-1.07,-0.00850,tid
BTC,A,blank,2025-12-11T03:00:00.000Z,2025-12-11T20:00:00.000Z,90029.0,91651.9,-1.49,-0.01174,stopp
BTC,A,blank,2025-12-12T16:00:00.000Z,2025-12-13T15:00:00.000Z,89890.2,90137.2,-0.66,-0.00516,tid
BTC,B,blank,2025-12-14T01:00:00.000Z,2025-12-14T03:00:00.000Z,90294.8,90304.1,-1.27,-0.00625,mål EMA20
BTC,B,blank,2025-12-15T02:00:00.000Z,2025-12-15T13:00:00.000Z,89197.7,89476.7,-1.00,-0.00762,mål EMA20
BTC,A,blank,2025-12-15T17:00:00.000Z,2025-12-16T13:00:00.000Z,86356.8,87692.5,-1.57,-0.01191,stopp
BTC,B,blank,2025-12-23T12:00:00.000Z,2025-12-23T12:00:00.000Z,87812.7,87833.1,-0.78,-0.00581,mål EMA20
BTC,A,blank,2025-12-23T15:00:00.000Z,2025-12-23T16:00:00.000Z,86830.6,87900.8,-1.72,-0.01275,stopp
BTC,B,blank,2025-12-24T12:00:00.000Z,2025-12-24T13:00:00.000Z,87160.3,87330.5,-0.97,-0.00703,mål EMA20
BTC,B,blank,2025-12-24T19:00:00.000Z,2025-12-25T06:00:00.000Z,87426.9,87880.3,-1.20,-0.00864,tid
BTC,B,blank,2025-12-27T10:00:00.000Z,2025-12-27T10:00:00.000Z,87575.1,87546.8,-1.17,-0.00546,mål EMA20
BTC,A,blank,2026-01-06T18:00:00.000Z,2026-01-06T21:00:00.000Z,91543.4,92758.5,-1.67,-0.01179,stopp
BTC,A,blank,2026-01-07T10:00:00.000Z,2026-01-08T09:00:00.000Z,91670.3,90055.0,0.75,0.00521,tid
BTC,A,blank,2026-01-08T13:00:00.000Z,2026-01-08T17:00:00.000Z,89944.2,91148.7,-1.66,-0.01164,stopp
BTC,B,blank,2026-01-08T18:00:00.000Z,2026-01-09T05:00:00.000Z,91320.7,91137.4,-0.45,-0.00309,tid
BTC,B,blank,2026-01-10T11:00:00.000Z,2026-01-10T13:00:00.000Z,90782.6,90701.8,-0.95,-0.00487,mål EMA20
BTC,B,blank,2026-01-11T04:00:00.000Z,2026-01-11T14:00:00.000Z,90688.1,91104.3,-3.08,-0.00857,stopp
BTC,B,kop,2026-01-15T02:00:00.000Z,2026-01-15T02:00:00.000Z,96493.5,96291.7,-0.73,-0.00490,mål EMA20
BTC,B,kop,2026-01-15T03:00:00.000Z,2026-01-15T04:00:00.000Z,96388.1,96268.1,-0.68,-0.00452,mål EMA20
BTC,B,kop,2026-01-15T19:00:00.000Z,2026-01-16T06:00:00.000Z,95882.9,95693.3,-0.70,-0.00461,tid
BTC,A,kop,2026-01-21T15:00:00.000Z,2026-01-21T16:00:00.000Z,89850.3,88592.4,-1.62,-0.01068,stopp
BTC,B,blank,2026-01-26T02:00:00.000Z,2026-01-26T02:00:00.000Z,87654.9,87607.2,-0.62,-0.00399,mål EMA20
BTC,B,blank,2026-01-26T08:00:00.000Z,2026-01-26T09:00:00.000Z,87956.6,87707.0,-0.45,-0.00290,mål EMA20
BTC,B,blank,2026-01-26T15:00:00.000Z,2026-01-26T15:00:00.000Z,88134.0,87685.2,-0.26,-0.00167,mål EMA20
BTC,A,blank,2026-01-29T03:00:00.000Z,2026-01-30T02:00:00.000Z,87863.1,82206.0,4.02,0.02567,tid
BTC,B,blank,2026-01-30T20:00:00.000Z,2026-01-31T06:00:00.000Z,84200.9,83828.0,-0.16,-0.00109,mål EMA20
BTC,B,blank,2026-02-01T10:00:00.000Z,2026-02-01T10:00:00.000Z,78994.9,78318.9,0.03,0.00019,mål EMA20
BTC,A,blank,2026-02-02T00:00:00.000Z,2026-02-02T07:00:00.000Z,76929.7,76968.2,-0.34,-0.00226,släpande stopp
BTC,B,blank,2026-02-02T10:00:00.000Z,2026-02-02T21:00:00.000Z,77686.5,78571.3,-0.69,-0.00456,tid
BTC,A,blank,2026-02-03T17:00:00.000Z,2026-02-03T20:00:00.000Z,76449.8,75593.4,0.15,0.00100,släpande stopp
BTC,A,blank,2026-02-04T17:00:00.000Z,2026-02-05T16:00:00.000Z,73598.8,68329.3,2.59,0.01701,tid
BTC,B,blank,2026-02-06T12:00:00.000Z,2026-02-06T16:00:00.000Z,66598.0,69597.0,-1.20,-0.00806,stopp
BTC,A,blank,2026-02-07T08:00:00.000Z,2026-02-08T07:00:00.000Z,68053.1,69745.5,-0.88,-0.00585,tid
BTC,B,blank,2026-02-11T01:00:00.000Z,2026-02-11T01:00:00.000Z,69166.5,69016.5,-0.29,-0.00193,mål EMA20
BTC,A,blank,2026-02-11T11:00:00.000Z,2026-02-11T14:00:00.000Z,66498.7,67787.8,-1.45,-0.00957,stopp
BTC,B,blank,2026-02-11T22:00:00.000Z,2026-02-11T23:00:00.000Z,67776.3,67116.1,0.07,0.00047,mål EMA20
BTC,B,blank,2026-02-13T10:00:00.000Z,2026-02-13T15:00:00.000Z,66926.2,68125.5,-1.49,-0.00969,stopp
BTC,B,blank,2026-02-16T21:00:00.000Z,2026-02-17T03:00:00.000Z,68495.7,68509.1,-0.48,-0.00305,mål EMA20
BTC,A,blank,2026-02-17T15:00:00.000Z,2026-02-17T16:00:00.000Z,66841.6,67994.7,-1.51,-0.00962,stopp
BTC,B,blank,2026-02-18T05:00:00.000Z,2026-02-18T05:00:00.000Z,67789.6,67688.6,-0.44,-0.00275,mål EMA20
BTC,B,blank,2026-02-19T02:00:00.000Z,2026-02-19T02:00:00.000Z,66833.2,66868.6,-0.57,-0.00358,mål EMA20
BTC,B,blank,2026-02-19T04:00:00.000Z,2026-02-19T04:00:00.000Z,66947.4,66836.2,-0.45,-0.00280,mål EMA20
BTC,B,blank,2026-02-19T08:00:00.000Z,2026-02-19T08:00:00.000Z,67172.8,66999.6,-0.42,-0.00262,mål EMA20
BTC,B,blank,2026-02-22T23:00:00.000Z,2026-02-22T23:00:00.000Z,67632.3,67677.2,-1.15,-0.00533,mål EMA20
BTC,A,blank,2026-02-23T02:00:00.000Z,2026-02-23T06:00:00.000Z,64395.4,65345.8,-1.60,-0.00976,stopp
BTC,B,blank,2026-02-23T08:00:00.000Z,2026-02-23T08:00:00.000Z,65926.0,65709.3,-0.33,-0.00197,mål EMA20
BTC,B,blank,2026-02-24T16:00:00.000Z,2026-02-25T01:00:00.000Z,63942.0,65149.0,-1.47,-0.00877,stopp
BTC,A,blank,2026-02-27T17:00:00.000Z,2026-02-28T13:00:00.000Z,65442.5,64533.5,0.34,0.00198,släpande stopp
BTC,B,blank,2026-02-28T14:00:00.000Z,2026-02-28T14:00:00.000Z,65073.9,64467.8,0.07,0.00040,mål EMA20
BTC,A,blank,2026-03-01T23:00:00.000Z,2026-03-02T00:00:00.000Z,65236.1,66735.6,-1.38,-0.00818,stopp
BTC,A,blank,2026-03-03T09:00:00.000Z,2026-03-03T16:00:00.000Z,66969.8,68412.4,-1.41,-0.00822,stopp
BTC,A,blank,2026-03-06T15:00:00.000Z,2026-03-07T14:00:00.000Z,68375.7,68050.7,-0.17,-0.00097,tid
BTC,B,blank,2026-03-08T09:00:00.000Z,2026-03-08T12:00:00.000Z,67505.6,67358.4,-0.53,-0.00301,mål EMA20
BTC,B,blank,2026-03-09T04:00:00.000Z,2026-03-09T09:00:00.000Z,67171.5,68438.5,-1.47,-0.00838,stopp
BTC,B,blank,2026-03-14T21:00:00.000Z,2026-03-14T22:00:00.000Z,70770.3,70746.3,-0.83,-0.00431,mål EMA20
BTC,B,kop,2026-03-17T06:00:00.000Z,2026-03-17T07:00:00.000Z,74073.8,74212.2,-0.33,-0.00186,mål EMA20
BTC,B,kop,2026-03-17T11:00:00.000Z,2026-03-17T14:00:00.000Z,73766.3,74344.5,-0.01,-0.00007,mål EMA20
BTC,B,kop,2026-03-18T00:00:00.000Z,2026-03-18T02:00:00.000Z,73946.3,74301.8,-0.20,-0.00112,mål EMA20
BTC,A,kop,2026-03-23T12:00:00.000Z,2026-03-23T15:00:00.000Z,70157.2,70122.1,-0.42,-0.00231,släpande stopp
BTC,B,kop,2026-03-24T03:00:00.000Z,2026-03-24T03:00:00.000Z,70488.6,70507.6,-0.43,-0.00237,mål EMA20
BTC,B,kop,2026-03-25T16:00:00.000Z,2026-03-25T16:00:00.000Z,70868.4,71288.3,-0.14,-0.00078,mål EMA20
BTC,B,kop,2026-03-26T03:00:00.000Z,2026-03-26T05:00:00.000Z,70928.5,69928.8,-1.62,-0.00891,stopp
BTC,A,kop,2026-03-30T05:00:00.000Z,2026-03-30T17:00:00.000Z,67650.1,66646.2,-1.59,-0.00859,stopp
BTC,B,kop,2026-04-01T03:00:00.000Z,2026-04-01T03:00:00.000Z,67702.7,68136.6,-0.10,-0.00052,mål EMA20
BTC,B,kop,2026-04-01T14:00:00.000Z,2026-04-01T14:00:00.000Z,68150.1,68559.3,-0.13,-0.00069,mål EMA20
BTC,A,kop,2026-04-06T00:00:00.000Z,2026-04-06T12:00:00.000Z,69068.7,69296.1,-0.47,-0.00249,släpande stopp
BTC,B,kop,2026-04-06T23:00:00.000Z,2026-04-07T08:00:00.000Z,68845.4,68902.2,-0.57,-0.00300,mål EMA20
BTC,A,kop,2026-04-07T23:00:00.000Z,2026-04-08T00:00:00.000Z,71549.9,71514.1,-0.51,-0.00270,släpande stopp
BTC,B,kop,2026-04-09T01:00:00.000Z,2026-04-09T08:00:00.000Z,70850.9,71213.9,-0.20,-0.00106,mål EMA20
BTC,B,kop,2026-04-10T08:00:00.000Z,2026-04-10T10:00:00.000Z,71517.6,71874.1,-0.22,-0.00115,mål EMA20
BTC,B,kop,2026-04-11T06:00:00.000Z,2026-04-11T06:00:00.000Z,72758.6,72725.6,-0.82,-0.00426,mål EMA20
BTC,B,kop,2026-04-11T09:00:00.000Z,2026-04-11T09:00:00.000Z,72700.5,72870.7,-0.62,-0.00293,mål EMA20
BTC,A,kop,2026-04-13T15:00:00.000Z,2026-04-14T14:00:00.000Z,72436.4,74976.1,2.40,0.01234,tid
BTC,B,kop,2026-04-15T06:00:00.000Z,2026-04-15T11:00:00.000Z,74058.5,74164.7,-0.50,-0.00262,mål EMA20
BTC,B,kop,2026-04-16T09:00:00.000Z,2026-04-16T13:00:00.000Z,74715.2,73819.0,-1.73,-0.00907,stopp
BTC,B,kop,2026-04-17T04:00:00.000Z,2026-04-17T04:00:00.000Z,74653.1,74754.0,-0.51,-0.00263,mål EMA20
BTC,A,kop,2026-04-17T14:00:00.000Z,2026-04-18T10:00:00.000Z,77378.8,76189.2,-1.57,-0.00801,stopp
BTC,B,kop,2026-04-18T11:00:00.000Z,2026-04-18T22:00:00.000Z,76227.6,75775.6,-1.29,-0.00650,tid
BTC,A,kop,2026-04-20T16:00:00.000Z,2026-04-21T12:00:00.000Z,75754.6,75749.3,-0.57,-0.00283,släpande stopp
BTC,A,kop,2026-04-22T03:00:00.000Z,2026-04-22T23:00:00.000Z,77643.5,78258.7,-0.01,-0.00003,släpande stopp
BTC,B,kop,2026-04-23T04:00:00.000Z,2026-04-23T06:00:00.000Z,77785.3,78172.3,-0.23,-0.00114,mål EMA20
BTC,B,kop,2026-04-23T10:00:00.000Z,2026-04-23T14:00:00.000Z,77694.2,78141.7,-0.19,-0.00095,mål EMA20
BTC,A,kop,2026-04-29T10:00:00.000Z,2026-04-29T12:00:00.000Z,77680.8,76930.3,-1.92,-0.00867,stopp
BTC,A,kop,2026-05-01T13:00:00.000Z,2026-05-01T20:00:00.000Z,77935.0,77896.0,-0.89,-0.00411,släpande stopp
BTC,B,kop,2026-05-01T21:00:00.000Z,2026-05-01T21:00:00.000Z,77919.1,78160.9,-0.43,-0.00206,mål EMA20
BTC,B,kop,2026-05-03T02:00:00.000Z,2026-05-03T07:00:00.000Z,78280.0,78324.1,-1.13,-0.00355,mål EMA20
BTC,A,kop,2026-05-04T02:00:00.000Z,2026-05-04T06:00:00.000Z,79809.3,79769.4,-0.87,-0.00403,släpande stopp
BTC,B,kop,2026-05-04T11:00:00.000Z,2026-05-04T14:00:00.000Z,78979.7,80176.1,0.57,0.00266,mål EMA20
BTC,B,kop,2026-05-05T10:00:00.000Z,2026-05-05T10:00:00.000Z,80626.3,80783.2,-0.56,-0.00264,mål EMA20
BTC,B,kop,2026-05-05T23:00:00.000Z,2026-05-06T01:00:00.000Z,81151.8,81398.6,-0.46,-0.00217,mål EMA20
BTC,A,kop,2026-05-06T10:00:00.000Z,2026-05-06T14:00:00.000Z,82038.0,81147.0,-1.82,-0.00849,stopp
BTC,B,kop,2026-05-10T00:00:00.000Z,2026-05-10T00:00:00.000Z,80718.7,80639.7,-1.57,-0.00412,mål EMA20
BTC,B,kop,2026-05-10T01:00:00.000Z,2026-05-10T01:00:00.000Z,80720.4,80645.2,-1.60,-0.00406,mål EMA20
BTC,A,kop,2026-05-10T23:00:00.000Z,2026-05-11T00:00:00.000Z,82085.5,81260.3,-1.88,-0.00812,stopp
BTC,B,kop,2026-05-12T01:00:00.000Z,2026-05-12T01:00:00.000Z,81586.0,80768.2,-1.89,-0.00796,stopp
BTC,B,kop,2026-05-12T02:00:00.000Z,2026-05-12T13:00:00.000Z,81239.8,80426.7,-1.72,-0.00746,tid
BTC,A,kop,2026-05-14T15:00:00.000Z,2026-05-15T02:00:00.000Z,81005.3,80964.8,-0.75,-0.00320,släpande stopp
BTC,B,kop,2026-05-21T07:00:00.000Z,2026-05-21T07:00:00.000Z,77661.0,77850.1,-0.63,-0.00236,mål EMA20
BTC,A,kop,2026-05-23T21:00:00.000Z,2026-05-23T22:00:00.000Z,77324.7,76498.8,-1.83,-0.00772,stopp
BTC,B,kop,2026-05-25T21:00:00.000Z,2026-05-25T21:00:00.000Z,77311.7,77328.3,-1.05,-0.00322,mål EMA20
BTC,A,blank,2026-05-28T04:00:00.000Z,2026-05-29T03:00:00.000Z,73221.4,73338.2,-0.75,-0.00307,tid
BTC,B,blank,2026-05-30T03:00:00.000Z,2026-05-30T03:00:00.000Z,73749.8,73560.8,-0.53,-0.00215,mål EMA20
BTC,A,blank,2026-06-04T02:00:00.000Z,2026-06-04T03:00:00.000Z,62147.0,63747.5,-1.34,-0.00544,stopp
BTC,A,blank,2026-06-05T06:00:00.000Z,2026-06-05T20:00:00.000Z,62298.2,61772.6,0.02,0.00007,släpande stopp
BTC,B,blank,2026-06-07T02:00:00.000Z,2026-06-07T08:00:00.000Z,61449.0,62599.8,-1.47,-0.00589,stopp
BTC,A,blank,2026-06-09T15:00:00.000Z,2026-06-10T14:00:00.000Z,61511.2,62227.1,-1.18,-0.00465,tid
BTC,B,blank,2026-06-17T14:00:00.000Z,2026-06-17T14:00:00.000Z,65245.4,65134.0,-0.55,-0.00215,mål EMA20
BTC,A,blank,2026-06-17T20:00:00.000Z,2026-06-18T19:00:00.000Z,64269.7,62982.3,0.66,0.00256,tid
BTC,B,blank,2026-06-19T14:00:00.000Z,2026-06-19T16:00:00.000Z,63178.4,63003.5,-0.41,-0.00161,mål EMA20
BTC,A,blank,2026-06-23T07:00:00.000Z,2026-06-24T00:00:00.000Z,62904.5,62849.3,-0.55,-0.00213,släpande stopp
BTC,B,blank,2026-06-24T01:00:00.000Z,2026-06-24T02:00:00.000Z,62982.5,62661.3,-0.26,-0.00101,mål EMA20
BTC,A,blank,2026-06-24T14:00:00.000Z,2026-06-24T20:00:00.000Z,61307.3,60489.3,0.39,0.00150,släpande stopp
BTC,B,blank,2026-06-24T21:00:00.000Z,2026-06-24T21:00:00.000Z,60925.5,61140.6,-0.59,-0.00226,mål EMA20
BTC,B,blank,2026-06-25T05:00:00.000Z,2026-06-25T10:00:00.000Z,61327.0,61300.6,-0.46,-0.00178,mål EMA20
BTC,A,blank,2026-06-25T14:00:00.000Z,2026-06-25T14:00:00.000Z,58262.6,59596.5,-1.38,-0.00530,stopp
BTC,B,blank,2026-06-25T22:00:00.000Z,2026-06-25T22:00:00.000Z,60181.8,59881.2,-0.13,-0.00049,mål EMA20
BTC,A,blank,2026-06-26T03:00:00.000Z,2026-06-26T03:00:00.000Z,58532.7,59893.1,-1.38,-0.00520,stopp
BTC,B,blank,2026-06-26T08:00:00.000Z,2026-06-26T09:00:00.000Z,60501.7,59765.9,0.19,0.00070,mål EMA20
BTC,B,blank,2026-06-27T00:00:00.000Z,2026-06-27T11:00:00.000Z,60067.2,60393.8,-0.67,-0.00250,tid
BTC,A,blank,2026-06-30T13:00:00.000Z,2026-06-30T14:00:00.000Z,58382.8,59169.8,-1.66,-0.00614,stopp
BTC,B,blank,2026-07-01T03:00:00.000Z,2026-07-01T06:00:00.000Z,59055.5,58785.2,-0.23,-0.00085,mål EMA20
BTC,A,blank,2026-07-08T09:00:00.000Z,2026-07-09T06:00:00.000Z,61987.4,62961.4,-1.56,-0.00568,stopp
BTC,A,blank,2026-07-13T04:00:00.000Z,2026-07-13T15:00:00.000Z,62775.0,62823.2,-0.90,-0.00313,släpande stopp
BTC,B,blank,2026-07-14T05:00:00.000Z,2026-07-14T07:00:00.000Z,62713.9,62592.2,-0.57,-0.00203,mål EMA20
BTC,A,blank,2026-07-17T06:00:00.000Z,2026-07-17T14:00:00.000Z,62808.4,63535.7,-1.77,-0.00624,stopp
BTC,B,blank,2026-07-17T16:00:00.000Z,2026-07-17T17:00:00.000Z,63420.3,64173.2,-1.75,-0.00606,stopp
BTC,B,kop,2026-07-22T08:00:00.000Z,2026-07-22T15:00:00.000Z,65876.4,66014.4,-0.68,-0.00201,mål EMA20
BTC,A,kop,2026-07-26T23:00:00.000Z,2026-07-27T00:00:00.000Z,65445.4,65057.3,-2.56,-0.00470,stopp
BTC,B,kop,2026-07-31T02:00:00.000Z,2026-07-31T07:00:00.000Z,64596.3,63889.5,-1.81,-0.00603,stopp
BTC,B,kop,2026-08-03T22:00:00.000Z,2026-08-03T22:00:00.000Z,63621.9,63586.2,-0.89,-0.00280,mål EMA20
BTC,B,kop,2026-08-04T01:00:00.000Z,2026-08-04T01:00:00.000Z,63393.7,63816.0,-0.15,-0.00044,mål EMA20
BTC,B,kop,2026-08-05T23:00:00.000Z,2026-08-05T23:00:00.000Z,64668.3,64632.9,-1.06,-0.00277,mål EMA20
BTC,B,kop,2026-08-06T02:00:00.000Z,2026-08-06T02:00:00.000Z,64612.4,64547.1,-1.21,-0.00289,mål EMA20
BTC,B,kop,2026-08-06T03:00:00.000Z,2026-08-06T03:00:00.000Z,64611.6,64498.8,-1.32,-0.00310,mål EMA20
BTC,B,kop,2026-08-06T04:00:00.000Z,2026-08-06T04:00:00.000Z,64563.3,64702.3,-0.83,-0.00185,mål EMA20
BTC,A,kop,2026-08-07T13:00:00.000Z,2026-08-07T14:00:00.000Z,65325.0,64814.9,-2.16,-0.00494,stopp
BTC,B,kop,2026-08-07T18:00:00.000Z,2026-08-07T18:00:00.000Z,64796.7,64703.1,-1.15,-0.00291,mål EMA20
BTC,B,kop,2026-08-08T23:00:00.000Z,2026-08-09T03:00:00.000Z,64983.1,64739.0,-3.60,-0.00359,stopp
BTC,B,kop,2026-08-09T21:00:00.000Z,2026-08-09T21:00:00.000Z,65170.5,65160.4,-2.97,-0.00246,mål EMA20
BTC,A,kop,2026-08-17T05:00:00.000Z,2026-08-18T02:00:00.000Z,63564.2,64045.3,-0.09,-0.00014,släpande stopp
BTC,B,kop,2026-08-19T03:00:00.000Z,2026-08-19T08:00:00.000Z,64384.0,64381.7,-1.39,-0.00240,mål EMA20
BTC,A,kop,2026-08-19T15:00:00.000Z,2026-08-19T17:00:00.000Z,65956.2,68223.6,3.36,0.00779,släpande stopp
BTC,A,kop,2026-08-20T09:00:00.000Z,2026-08-21T08:00:00.000Z,71627.9,79218.4,5.39,0.01640,tid
BTC,B,kop,2026-08-22T06:00:00.000Z,2026-08-22T06:00:00.000Z,77419.4,77447.3,-0.33,-0.00106,mål EMA20
BTC,B,kop,2026-08-22T10:00:00.000Z,2026-08-22T16:00:00.000Z,77100.5,77249.4,-0.30,-0.00094,mål EMA20
BTC,B,kop,2026-08-22T22:00:00.000Z,2026-08-23T00:00:00.000Z,76894.4,77264.0,-0.23,-0.00074,mål EMA20
BTC,B,kop,2026-08-23T05:00:00.000Z,2026-08-23T05:00:00.000Z,76640.3,75703.2,-1.72,-0.00547,stopp
BTC,B,kop,2026-08-24T02:00:00.000Z,2026-08-24T02:00:00.000Z,76960.6,77440.0,-0.14,-0.00044,mål EMA20
BTC,A,kop,2026-08-24T13:00:00.000Z,2026-08-24T13:00:00.000Z,79199.6,77937.3,-1.55,-0.00483,stopp
BTC,A,kop,2026-08-25T03:00:00.000Z,2026-08-25T09:00:00.000Z,80689.9,79223.2,-1.48,-0.00454,stopp
BTC,B,kop,2026-08-25T14:00:00.000Z,2026-08-25T15:00:00.000Z,78687.3,79462.3,0.10,0.00030,mål EMA20
BTC,A,kop,2026-08-27T15:00:00.000Z,2026-08-28T02:00:00.000Z,80244.2,80204.0,-0.62,-0.00187,släpande stopp
BTC,B,kop,2026-08-28T05:00:00.000Z,2026-08-28T06:00:00.000Z,79683.6,79864.3,-0.45,-0.00135,mål EMA20
BTC,B,kop,2026-08-30T21:00:00.000Z,2026-08-30T21:00:00.000Z,78636.6,78613.7,-1.02,-0.00249,mål EMA20
BTC,A,kop,2026-09-03T13:00:00.000Z,2026-09-04T01:00:00.000Z,78691.7,80850.5,1.72,0.00513,släpande stopp
BTC,B,kop,2026-09-04T03:00:00.000Z,2026-09-04T03:00:00.000Z,80872.4,80809.6,-0.67,-0.00203,mål EMA20
BTC,B,kop,2026-09-04T08:00:00.000Z,2026-09-04T08:00:00.000Z,80697.2,81106.6,-0.25,-0.00075,mål EMA20
BTC,A,kop,2026-09-09T09:00:00.000Z,2026-09-09T09:00:00.000Z,79737.9,78977.5,-1.94,-0.00525,stopp
BTC,A,kop,2026-09-11T13:00:00.000Z,2026-09-11T15:00:00.000Z,78072.0,78272.8,-0.46,-0.00137,släpande stopp
BTC,A,kop,2026-09-14T10:00:00.000Z,2026-09-14T22:00:00.000Z,78180.6,78527.7,-0.40,-0.00105,släpande stopp
BTC,B,kop,2026-09-15T00:00:00.000Z,2026-09-15T05:00:00.000Z,78228.3,77369.1,-1.81,-0.00528,stopp
BTC,A,kop,2026-09-18T05:00:00.000Z,2026-09-19T04:00:00.000Z,77614.8,80983.5,3.66,0.01011,tid
BTC,B,kop,2026-09-19T21:00:00.000Z,2026-09-19T22:00:00.000Z,81195.9,81220.7,-0.97,-0.00229,mål EMA20
BTC,B,kop,2026-09-20T03:00:00.000Z,2026-09-20T14:00:00.000Z,80371.7,80641.7,-0.55,-0.00137,mål EMA20
BTC,A,kop,2026-09-21T09:00:00.000Z,2026-09-22T01:00:00.000Z,83801.9,85819.4,1.21,0.00354,släpande stopp
BTC,B,kop,2026-09-22T02:00:00.000Z,2026-09-22T02:00:00.000Z,85659.0,85672.0,-0.54,-0.00161,mål EMA20
BTC,B,kop,2026-09-22T05:00:00.000Z,2026-09-22T05:00:00.000Z,85494.7,85354.7,-0.70,-0.00208,mål EMA20
BTC,B,kop,2026-09-22T06:00:00.000Z,2026-09-22T06:00:00.000Z,85440.1,85341.3,-0.68,-0.00199,mål EMA20
BTC,B,kop,2026-09-23T09:00:00.000Z,2026-09-23T14:00:00.000Z,85942.9,84889.4,-1.72,-0.00500,stopp
ETH,A,blank,2025-09-30T16:00:00.000Z,2025-09-30T20:00:00.000Z,4117.82,4182.39,-1.56,-0.01565,stopp
ETH,A,blank,2025-10-11T21:00:00.000Z,2025-10-12T07:00:00.000Z,3693.31,3843.74,-1.22,-0.01197,stopp
ETH,A,blank,2025-10-15T16:00:00.000Z,2025-10-16T15:00:00.000Z,3978.99,3909.13,0.32,0.00308,tid
ETH,A,blank,2025-10-17T08:00:00.000Z,2025-10-17T20:00:00.000Z,3754.61,3858.98,-1.32,-0.01284,stopp
ETH,B,blank,2025-10-17T22:00:00.000Z,2025-10-17T23:00:00.000Z,3874.78,3833.49,0.10,0.00095,mål EMA20
ETH,A,blank,2025-10-21T05:00:00.000Z,2025-10-21T14:00:00.000Z,3849.07,3922.79,-1.46,-0.01407,stopp
ETH,B,blank,2025-10-22T14:00:00.000Z,2025-10-22T14:00:00.000Z,3871.03,3855.50,-0.18,-0.00171,mål EMA20
ETH,A,blank,2025-10-22T22:00:00.000Z,2025-10-23T04:00:00.000Z,3742.81,3840.99,-1.34,-0.01265,stopp
ETH,B,blank,2025-10-23T05:00:00.000Z,2025-10-23T13:00:00.000Z,3834.00,3853.31,-0.63,-0.00590,mål EMA20
ETH,A,blank,2025-10-28T21:00:00.000Z,2025-10-29T19:00:00.000Z,3977.29,3957.32,-0.13,-0.00120,släpande stopp
ETH,A,blank,2025-10-30T14:00:00.000Z,2025-10-31T01:00:00.000Z,3764.80,3859.14,-1.35,-0.01254,stopp
ETH,B,blank,2025-10-31T02:00:00.000Z,2025-10-31T12:00:00.000Z,3845.04,3838.10,-0.27,-0.00244,mål EMA20
ETH,A,blank,2025-11-03T03:00:00.000Z,2025-11-03T17:00:00.000Z,3797.48,3683.35,1.49,0.01360,släpande stopp
ETH,B,blank,2025-11-04T02:00:00.000Z,2025-11-04T02:00:00.000Z,3642.76,3627.91,-0.14,-0.00133,mål EMA20
ETH,A,blank,2025-11-04T06:00:00.000Z,2025-11-04T22:00:00.000Z,3490.34,3246.63,2.06,0.01904,släpande stopp
ETH,B,blank,2025-11-05T17:00:00.000Z,2025-11-06T04:00:00.000Z,3436.22,3454.56,-0.40,-0.00375,tid
ETH,A,blank,2025-11-06T16:00:00.000Z,2025-11-07T14:00:00.000Z,3298.35,3300.00,-0.29,-0.00276,släpande stopp
ETH,B,blank,2025-11-13T04:00:00.000Z,2025-11-13T05:00:00.000Z,3451.13,3540.88,-1.34,-0.01255,stopp
ETH,A,blank,2025-11-13T18:00:00.000Z,2025-11-14T14:00:00.000Z,3253.86,3215.54,0.12,0.00109,släpande stopp
ETH,B,blank,2025-11-14T17:00:00.000Z,2025-11-14T17:00:00.000Z,3229.70,3181.27,0.18,0.00164,mål EMA20
ETH,B,blank,2025-11-15T18:00:00.000Z,2025-11-15T20:00:00.000Z,3213.38,3176.50,0.15,0.00140,mål EMA20
ETH,B,blank,2025-11-17T01:00:00.000Z,2025-11-17T01:00:00.000Z,3134.76,3116.22,-0.06,-0.00060,mål EMA20
ETH,B,blank,2025-11-18T11:00:00.000Z,2025-11-18T12:00:00.000Z,3064.62,3051.28,-0.12,-0.00107,mål EMA20
ETH,A,blank,2025-11-19T16:00:00.000Z,2025-11-19T21:00:00.000Z,2971.66,2973.15,-0.28,-0.00255,släpande stopp
ETH,B,blank,2025-11-20T00:00:00.000Z,2025-11-20T06:00:00.000Z,3023.97,3022.32,-0.23,-0.00212,mål EMA20
ETH,A,blank,2025-11-20T17:00:00.000Z,2025-11-21T13:00:00.000Z,2861.22,2770.27,0.75,0.00693,släpande stopp
ETH,B,blank,2025-11-21T15:00:00.000Z,2025-11-21T15:00:00.000Z,2768.97,2706.67,0.35,0.00321,mål EMA20
ETH,A,blank,2025-11-21T16:00:00.000Z,2025-11-22T15:00:00.000Z,2703.96,2740.29,-0.48,-0.00446,tid
ETH,B,blank,2025-11-30T02:00:00.000Z,2025-11-30T02:00:00.000Z,3003.46,2992.46,-0.35,-0.00324,mål EMA20
ETH,A,blank,2025-12-01T01:00:00.000Z,2025-12-01T21:00:00.000Z,2834.98,2795.93,0.28,0.00256,släpande stopp
ETH,B,blank,2025-12-01T22:00:00.000Z,2025-12-01T22:00:00.000Z,2790.32,2798.75,-0.48,-0.00444,mål EMA20
ETH,B,blank,2025-12-01T23:00:00.000Z,2025-12-01T23:00:00.000Z,2795.95,2800.47,-0.43,-0.00394,mål EMA20
ETH,B,blank,2025-12-02T04:00:00.000Z,2025-12-02T04:00:00.000Z,2803.15,2806.40,-0.43,-0.00395,mål EMA20
ETH,B,blank,2025-12-02T05:00:00.000Z,2025-12-02T05:00:00.000Z,2803.60,2804.61,-0.41,-0.00376,mål EMA20
ETH,B,blank,2025-12-02T07:00:00.000Z,2025-12-02T07:00:00.000Z,2811.51,2807.05,-0.34,-0.00309,mål EMA20
ETH,A,blank,2025-12-05T17:00:00.000Z,2025-12-06T16:00:00.000Z,3031.25,3053.93,-0.59,-0.00535,tid
ETH,A,blank,2025-12-07T15:00:00.000Z,2025-12-07T15:00:00.000Z,2941.18,2991.25,-1.52,-0.01373,stopp
ETH,A,blank,2025-12-12T16:00:00.000Z,2025-12-13T15:00:00.000Z,3069.86,3111.18,-0.87,-0.00774,tid
ETH,B,blank,2025-12-14T01:00:00.000Z,2025-12-14T04:00:00.000Z,3117.74,3112.87,-0.56,-0.00490,mål EMA20
ETH,B,blank,2025-12-15T02:00:00.000Z,2025-12-15T10:00:00.000Z,3106.99,3164.53,-1.48,-0.01295,stopp
ETH,A,blank,2025-12-15T18:00:00.000Z,2025-12-16T17:00:00.000Z,2935.71,2921.08,-0.12,-0.00103,tid
ETH,B,blank,2025-12-17T00:00:00.000Z,2025-12-17T00:00:00.000Z,2960.82,2951.15,-0.21,-0.00178,mål EMA20
ETH,A,blank,2025-12-17T17:00:00.000Z,2025-12-18T13:00:00.000Z,2862.86,2950.76,-1.29,-0.01108,stopp
ETH,A,blank,2025-12-23T15:00:00.000Z,2025-12-23T16:00:00.000Z,2915.74,2965.96,-1.51,-0.01287,stopp
ETH,B,blank,2025-12-27T04:00:00.000Z,2025-12-27T04:00:00.000Z,2931.92,2932.07,-0.74,-0.00619,mål EMA20
ETH,A,blank,2026-01-07T10:00:00.000Z,2026-01-08T09:00:00.000Z,3198.57,3113.45,1.08,0.00896,tid
ETH,A,blank,2026-01-08T13:00:00.000Z,2026-01-09T12:00:00.000Z,3094.21,3086.09,-0.30,-0.00249,tid
ETH,B,blank,2026-01-10T11:00:00.000Z,2026-01-10T14:00:00.000Z,3101.41,3093.19,-0.51,-0.00427,mål EMA20
ETH,B,kop,2026-01-14T11:00:00.000Z,2026-01-14T11:00:00.000Z,3314.65,3284.58,-1.08,-0.00898,mål EMA20
ETH,B,kop,2026-01-14T12:00:00.000Z,2026-01-14T12:00:00.000Z,3287.86,3294.79,-0.37,-0.00301,mål EMA20
ETH,B,kop,2026-01-15T03:00:00.000Z,2026-01-15T07:00:00.000Z,3315.94,3328.34,-0.22,-0.00184,mål EMA20
ETH,B,blank,2026-01-21T06:00:00.000Z,2026-01-21T06:00:00.000Z,2991.53,2981.79,-0.26,-0.00212,mål EMA20
ETH,B,blank,2026-01-21T16:00:00.000Z,2026-01-21T16:00:00.000Z,3001.19,2893.03,1.34,0.01096,mål EMA20
ETH,B,blank,2026-01-23T02:00:00.000Z,2026-01-23T02:00:00.000Z,2967.41,2954.31,-0.19,-0.00156,mål EMA20
ETH,A,blank,2026-01-25T18:00:00.000Z,2026-01-26T00:00:00.000Z,2882.97,2845.39,0.47,0.00392,släpande stopp
ETH,B,blank,2026-01-26T02:00:00.000Z,2026-01-26T02:00:00.000Z,2881.26,2867.41,-0.17,-0.00139,mål EMA20
ETH,B,blank,2026-01-26T07:00:00.000Z,2026-01-26T15:00:00.000Z,2890.19,2944.03,-1.47,-0.01222,stopp
ETH,A,blank,2026-01-30T02:00:00.000Z,2026-01-30T19:00:00.000Z,2745.79,2741.64,-0.25,-0.00201,släpande stopp
ETH,B,blank,2026-02-01T00:00:00.000Z,2026-02-01T00:00:00.000Z,2450.73,2453.41,-0.22,-0.00177,mål EMA20
ETH,B,blank,2026-02-01T01:00:00.000Z,2026-02-01T01:00:00.000Z,2450.95,2445.92,-0.15,-0.00119,mål EMA20
ETH,A,blank,2026-02-01T16:00:00.000Z,2026-02-02T09:00:00.000Z,2314.31,2295.75,0.00,0.00001,släpande stopp
ETH,B,blank,2026-02-02T10:00:00.000Z,2026-02-02T10:00:00.000Z,2290.43,2278.94,-0.06,-0.00048,mål EMA20
ETH,B,blank,2026-02-02T13:00:00.000Z,2026-02-03T00:00:00.000Z,2310.49,2355.16,-0.62,-0.00501,tid
ETH,A,blank,2026-02-03T15:00:00.000Z,2026-02-03T20:00:00.000Z,2256.06,2224.38,0.19,0.00151,släpande stopp
ETH,A,blank,2026-02-04T17:00:00.000Z,2026-02-05T16:00:00.000Z,2133.97,1999.68,1.34,0.01080,tid
ETH,B,blank,2026-02-06T15:00:00.000Z,2026-02-06T17:00:00.000Z,1977.90,2082.97,-1.17,-0.00955,stopp
ETH,A,blank,2026-02-10T07:00:00.000Z,2026-02-11T06:00:00.000Z,2007.79,1950.16,0.67,0.00540,tid
ETH,A,blank,2026-02-11T16:00:00.000Z,2026-02-11T21:00:00.000Z,1928.50,1984.52,-1.30,-0.01061,stopp
ETH,B,blank,2026-02-11T22:00:00.000Z,2026-02-11T22:00:00.000Z,1969.47,1952.45,0.02,0.00019,mål EMA20
ETH,B,blank,2026-02-13T00:00:00.000Z,2026-02-13T00:00:00.000Z,1946.88,1934.23,-0.06,-0.00049,mål EMA20
ETH,B,blank,2026-02-13T09:00:00.000Z,2026-02-13T14:00:00.000Z,1957.98,2000.09,-1.41,-0.01133,stopp
ETH,A,blank,2026-02-15T14:00:00.000Z,2026-02-16T09:00:00.000Z,2001.45,1978.30,0.16,0.00128,släpande stopp
ETH,B,blank,2026-02-16T10:00:00.000Z,2026-02-16T10:00:00.000Z,1986.67,1979.87,-0.24,-0.00188,mål EMA20
ETH,B,blank,2026-02-19T02:00:00.000Z,2026-02-19T08:00:00.000Z,1966.03,1971.49,-0.55,-0.00439,mål EMA20
ETH,B,blank,2026-02-19T21:00:00.000Z,2026-02-19T22:00:00.000Z,1949.31,1944.93,-0.27,-0.00210,mål EMA20
ETH,B,blank,2026-02-22T23:00:00.000Z,2026-02-22T23:00:00.000Z,1957.55,1958.80,-0.83,-0.00654,mål EMA20
ETH,A,blank,2026-02-23T02:00:00.000Z,2026-02-23T08:00:00.000Z,1855.95,1890.32,-1.48,-0.01150,stopp
ETH,B,blank,2026-02-23T10:00:00.000Z,2026-02-23T14:00:00.000Z,1917.03,1907.87,-0.18,-0.00137,mål EMA20
ETH,B,blank,2026-02-24T17:00:00.000Z,2026-02-25T01:00:00.000Z,1857.64,1900.14,-1.38,-0.01061,stopp
ETH,A,blank,2026-02-26T17:00:00.000Z,2026-02-26T20:00:00.000Z,1982.81,2040.00,-1.30,-0.00986,stopp
ETH,A,blank,2026-02-27T13:00:00.000Z,2026-02-28T12:00:00.000Z,1958.93,1869.46,1.55,0.01159,tid
ETH,B,blank,2026-02-28T14:00:00.000Z,2026-02-28T14:00:00.000Z,1904.63,1888.69,0.02,0.00012,mål EMA20
ETH,A,blank,2026-03-03T09:00:00.000Z,2026-03-03T16:00:00.000Z,1952.12,2007.47,-1.31,-0.00992,stopp
ETH,A,blank,2026-03-06T15:00:00.000Z,2026-03-07T14:00:00.000Z,1980.56,1987.99,-0.47,-0.00351,tid
ETH,B,blank,2026-03-08T10:00:00.000Z,2026-03-08T11:00:00.000Z,1962.56,1952.36,-0.20,-0.00146,mål EMA20
ETH,B,kop,2026-03-17T04:00:00.000Z,2026-03-17T04:00:00.000Z,2321.17,2310.34,-0.49,-0.00365,mål EMA20
ETH,B,kop,2026-03-17T05:00:00.000Z,2026-03-17T06:00:00.000Z,2312.65,2314.18,-0.28,-0.00207,mål EMA20
ETH,A,kop,2026-03-23T12:00:00.000Z,2026-03-24T11:00:00.000Z,2135.85,2164.82,0.20,0.00148,tid
ETH,B,kop,2026-03-24T14:00:00.000Z,2026-03-24T20:00:00.000Z,2139.44,2147.41,-0.21,-0.00154,mål EMA20
ETH,B,kop,2026-03-25T15:00:00.000Z,2026-03-25T16:00:00.000Z,2175.23,2172.74,-0.55,-0.00402,mål EMA20
ETH,B,kop,2026-03-30T18:00:00.000Z,2026-03-31T01:00:00.000Z,2042.81,2071.96,0.32,0.00232,mål EMA20
ETH,B,kop,2026-03-31T09:00:00.000Z,2026-03-31T12:00:00.000Z,2041.13,2046.76,-0.27,-0.00197,mål EMA20
ETH,A,kop,2026-03-31T17:00:00.000Z,2026-04-01T16:00:00.000Z,2092.75,2145.02,0.67,0.00489,tid
ETH,A,kop,2026-04-07T23:00:00.000Z,2026-04-08T14:00:00.000Z,2220.89,2224.32,-0.29,-0.00215,släpande stopp
ETH,B,kop,2026-04-08T15:00:00.000Z,2026-04-08T15:00:00.000Z,2196.33,2214.34,0.01,0.00006,mål EMA20
ETH,B,kop,2026-04-09T01:00:00.000Z,2026-04-09T09:00:00.000Z,2184.12,2193.04,-0.20,-0.00151,mål EMA20
ETH,B,kop,2026-04-10T00:00:00.000Z,2026-04-10T05:00:00.000Z,2191.27,2195.80,-0.30,-0.00217,mål EMA20
ETH,A,kop,2026-04-11T19:00:00.000Z,2026-04-12T00:00:00.000Z,2306.58,2273.63,-1.61,-0.01180,stopp
ETH,A,kop,2026-04-13T20:00:00.000Z,2026-04-14T15:00:00.000Z,2263.46,2351.87,1.71,0.01232,släpande stopp
ETH,B,kop,2026-04-16T02:00:00.000Z,2026-04-16T02:00:00.000Z,2353.24,2355.50,-0.45,-0.00331,mål EMA20
ETH,B,kop,2026-04-16T08:00:00.000Z,2026-04-16T13:00:00.000Z,2342.69,2307.21,-1.58,-0.01149,stopp
ETH,A,kop,2026-04-17T14:00:00.000Z,2026-04-18T08:00:00.000Z,2438.27,2389.74,-1.43,-0.01029,stopp
ETH,A,kop,2026-04-20T19:00:00.000Z,2026-04-21T15:00:00.000Z,2335.41,2290.09,-1.44,-0.01022,stopp
ETH,A,kop,2026-04-22T06:00:00.000Z,2026-04-23T00:00:00.000Z,2398.01,2350.64,-1.44,-0.01002,stopp
ETH,B,kop,2026-04-23T01:00:00.000Z,2026-04-23T03:00:00.000Z,2374.15,2333.05,-1.50,-0.01032,stopp
ETH,A,kop,2026-04-26T20:00:00.000Z,2026-04-26T21:00:00.000Z,2368.58,2348.32,-2.05,-0.01119,stopp
ETH,A,kop,2026-04-29T10:00:00.000Z,2026-04-29T12:00:00.000Z,2340.88,2310.16,-1.67,-0.01111,stopp
ETH,B,kop,2026-04-29T13:00:00.000Z,2026-04-29T15:00:00.000Z,2317.29,2285.92,-1.65,-0.01079,stopp
ETH,A,kop,2026-05-01T14:00:00.000Z,2026-05-01T20:00:00.000Z,2319.38,2290.76,-1.71,-0.01103,stopp
ETH,B,kop,2026-05-01T21:00:00.000Z,2026-05-01T21:00:00.000Z,2286.32,2291.53,-0.45,-0.00282,mål EMA20
ETH,B,kop,2026-05-03T02:00:00.000Z,2026-05-03T07:00:00.000Z,2305.29,2308.13,-0.84,-0.00427,mål EMA20
ETH,A,kop,2026-05-04T03:00:00.000Z,2026-05-04T10:00:00.000Z,2375.92,2340.63,-1.59,-0.00993,stopp
ETH,B,kop,2026-05-04T13:00:00.000Z,2026-05-04T14:00:00.000Z,2336.70,2370.20,0.41,0.00254,mål EMA20
ETH,B,kop,2026-05-05T10:00:00.000Z,2026-05-05T10:00:00.000Z,2370.78,2377.22,-0.39,-0.00241,mål EMA20
ETH,B,kop,2026-05-05T18:00:00.000Z,2026-05-05T18:00:00.000Z,2363.99,2371.09,-0.38,-0.00231,mål EMA20
ETH,A,kop,2026-05-06T10:00:00.000Z,2026-05-06T13:00:00.000Z,2413.98,2379.66,-1.61,-0.00991,stopp
ETH,B,kop,2026-05-10T01:00:00.000Z,2026-05-10T01:00:00.000Z,2325.06,2322.51,-1.24,-0.00549,mål EMA20
ETH,B,kop,2026-05-10T02:00:00.000Z,2026-05-10T02:00:00.000Z,2324.84,2326.78,-0.99,-0.00429,mål EMA20
ETH,B,kop,2026-05-10T12:00:00.000Z,2026-05-10T13:00:00.000Z,2323.75,2328.64,-0.96,-0.00351,mål EMA20
ETH,A,kop,2026-05-13T09:00:00.000Z,2026-05-13T12:00:00.000Z,2317.81,2293.10,-1.83,-0.01082,stopp
ETH,A,kop,2026-05-14T16:00:00.000Z,2026-05-15T02:00:00.000Z,2299.63,2266.99,-1.62,-0.00937,stopp
ETH,B,blank,2026-05-20T06:00:00.000Z,2026-05-20T13:00:00.000Z,2124.57,2121.67,-0.53,-0.00301,mål EMA20
ETH,A,blank,2026-05-22T20:00:00.000Z,2026-05-23T13:00:00.000Z,2064.51,2040.13,0.27,0.00152,släpande stopp
ETH,B,blank,2026-05-23T14:00:00.000Z,2026-05-23T15:00:00.000Z,2043.86,2069.18,-1.72,-0.00978,stopp
ETH,B,blank,2026-05-23T17:00:00.000Z,2026-05-23T20:00:00.000Z,2060.63,2086.93,-1.70,-0.00949,stopp
ETH,A,blank,2026-05-24T22:00:00.000Z,2026-05-24T22:00:00.000Z,2069.55,2097.31,-1.66,-0.00914,stopp
ETH,A,blank,2026-05-26T18:00:00.000Z,2026-05-27T17:00:00.000Z,2069.80,2053.31,0.00,0.00000,tid
ETH,A,blank,2026-05-27T22:00:00.000Z,2026-05-28T16:00:00.000Z,2020.03,2004.30,-0.01,-0.00006,släpande stopp
ETH,B,blank,2026-05-28T18:00:00.000Z,2026-05-28T22:00:00.000Z,2018.50,2006.60,-0.12,-0.00066,mål EMA20
ETH,B,blank,2026-05-29T07:00:00.000Z,2026-05-29T07:00:00.000Z,2017.08,2008.62,-0.30,-0.00159,mål EMA20
ETH,A,blank,2026-06-01T14:00:00.000Z,2026-06-01T19:00:00.000Z,1970.23,2000.68,-1.57,-0.00847,stopp
ETH,A,blank,2026-06-02T15:00:00.000Z,2026-06-02T16:00:00.000Z,1940.38,1938.19,-0.41,-0.00216,släpande stopp
ETH,A,blank,2026-06-03T20:00:00.000Z,2026-06-03T21:00:00.000Z,1802.51,1846.17,-1.36,-0.00719,stopp
ETH,A,blank,2026-06-04T02:00:00.000Z,2026-06-04T04:00:00.000Z,1758.88,1816.39,-1.27,-0.00660,stopp
ETH,A,blank,2026-06-05T06:00:00.000Z,2026-06-05T09:00:00.000Z,1683.32,1684.16,-0.27,-0.00138,släpande stopp
ETH,B,blank,2026-06-07T00:00:00.000Z,2026-06-07T00:00:00.000Z,1568.90,1565.81,-0.23,-0.00116,mål EMA20
ETH,B,blank,2026-06-07T02:00:00.000Z,2026-06-07T08:00:00.000Z,1589.32,1631.83,-1.33,-0.00679,stopp
ETH,A,blank,2026-06-09T16:00:00.000Z,2026-06-10T15:00:00.000Z,1635.58,1658.80,-1.00,-0.00505,tid
ETH,B,blank,2026-06-14T21:00:00.000Z,2026-06-14T21:00:00.000Z,1669.64,1685.00,-1.98,-0.00860,stopp
ETH,A,blank,2026-06-17T20:00:00.000Z,2026-06-18T19:00:00.000Z,1733.86,1706.24,0.32,0.00158,tid
ETH,B,blank,2026-06-19T14:00:00.000Z,2026-06-19T16:00:00.000Z,1702.61,1697.65,-0.31,-0.00154,mål EMA20
ETH,B,blank,2026-06-23T22:00:00.000Z,2026-06-23T22:00:00.000Z,1665.91,1665.50,-0.51,-0.00251,mål EMA20
ETH,B,blank,2026-06-24T01:00:00.000Z,2026-06-24T01:00:00.000Z,1670.53,1673.55,-0.69,-0.00336,mål EMA20
ETH,B,blank,2026-06-24T02:00:00.000Z,2026-06-24T02:00:00.000Z,1671.87,1664.86,-0.26,-0.00127,mål EMA20
ETH,A,blank,2026-06-24T16:00:00.000Z,2026-06-24T20:00:00.000Z,1617.27,1603.35,0.03,0.00016,släpande stopp
ETH,B,blank,2026-06-25T05:00:00.000Z,2026-06-25T10:00:00.000Z,1634.22,1637.40,-0.47,-0.00227,mål EMA20
ETH,A,blank,2026-06-25T14:00:00.000Z,2026-06-25T14:00:00.000Z,1537.38,1583.42,-1.29,-0.00623,stopp
ETH,B,blank,2026-06-26T08:00:00.000Z,2026-06-26T08:00:00.000Z,1580.33,1567.21,0.01,0.00006,mål EMA20
ETH,A,blank,2026-06-30T13:00:00.000Z,2026-06-30T14:00:00.000Z,1552.02,1578.51,-1.52,-0.00722,stopp
ETH,B,blank,2026-06-30T20:00:00.000Z,2026-06-30T20:00:00.000Z,1579.73,1576.78,-0.38,-0.00176,mål EMA20
ETH,A,blank,2026-07-06T13:00:00.000Z,2026-07-06T15:00:00.000Z,1739.98,1767.81,-1.55,-0.00725,stopp
ETH,A,blank,2026-07-08T15:00:00.000Z,2026-07-09T07:00:00.000Z,1728.76,1760.62,-1.48,-0.00679,stopp
ETH,A,blank,2026-07-13T18:00:00.000Z,2026-07-14T00:00:00.000Z,1752.74,1780.47,-1.56,-0.00706,stopp
ETH,A,kop,2026-07-15T15:00:00.000Z,2026-07-16T08:00:00.000Z,1934.21,1900.63,-1.50,-0.00668,stopp
ETH,B,kop,2026-07-19T19:00:00.000Z,2026-07-19T20:00:00.000Z,1862.05,1866.21,-0.58,-0.00253,mål EMA20
ETH,A,kop,2026-07-21T10:00:00.000Z,2026-07-21T17:00:00.000Z,1943.19,1915.25,-1.61,-0.00701,stopp
ETH,B,kop,2026-07-21T18:00:00.000Z,2026-07-21T21:00:00.000Z,1919.66,1923.36,-0.43,-0.00186,mål EMA20
ETH,B,kop,2026-07-23T03:00:00.000Z,2026-07-23T10:00:00.000Z,1928.56,1927.18,-0.66,-0.00282,mål EMA20
ETH,A,kop,2026-07-26T16:00:00.000Z,2026-07-27T00:00:00.000Z,1915.59,1940.91,0.67,0.00219,släpande stopp
ETH,B,kop,2026-07-27T15:00:00.000Z,2026-07-27T19:00:00.000Z,1933.27,1947.34,-0.05,-0.00020,mål EMA20
ETH,A,kop,2026-08-05T18:00:00.000Z,2026-08-06T17:00:00.000Z,1917.71,1913.12,-0.77,-0.00327,tid
ETH,B,kop,2026-08-07T01:00:00.000Z,2026-08-07T06:00:00.000Z,1904.84,1903.58,-0.90,-0.00366,mål EMA20
ETH,B,kop,2026-08-08T23:00:00.000Z,2026-08-09T06:00:00.000Z,1917.70,1918.37,-1.65,-0.00321,mål EMA20
ETH,A,kop,2026-08-17T03:00:00.000Z,2026-08-18T01:00:00.000Z,1903.30,1902.35,-1.17,-0.00354,släpande stopp
ETH,B,kop,2026-08-19T03:00:00.000Z,2026-08-19T03:00:00.000Z,1908.66,1911.19,-0.87,-0.00276,mål EMA20
ETH,A,kop,2026-08-19T15:00:00.000Z,2026-08-19T22:00:00.000Z,1971.60,2243.49,11.22,0.04601,släpande stopp
ETH,A,kop,2026-08-20T12:00:00.000Z,2026-08-21T11:00:00.000Z,2297.74,2370.11,0.92,0.00419,släpande stopp
ETH,B,kop,2026-08-22T06:00:00.000Z,2026-08-22T17:00:00.000Z,2441.17,2425.11,-0.46,-0.00209,tid
ETH,A,kop,2026-08-23T22:00:00.000Z,2026-08-24T16:00:00.000Z,2471.19,2469.96,-0.41,-0.00187,släpande stopp
ETH,A,kop,2026-08-26T22:00:00.000Z,2026-08-27T10:00:00.000Z,2498.07,2511.43,-0.16,-0.00074,släpande stopp
ETH,B,kop,2026-08-27T20:00:00.000Z,2026-08-27T20:00:00.000Z,2499.47,2506.58,-0.29,-0.00130,mål EMA20
ETH,A,kop,2026-08-30T17:00:00.000Z,2026-08-30T17:00:00.000Z,2530.53,2504.24,-1.85,-0.00833,stopp
ETH,B,kop,2026-08-30T23:00:00.000Z,2026-08-30T23:00:00.000Z,2471.86,2435.97,-1.60,-0.00714,stopp
ETH,A,kop,2026-08-31T15:00:00.000Z,2026-09-01T13:00:00.000Z,2468.80,2426.04,-1.50,-0.00658,stopp
ETH,A,kop,2026-09-03T15:00:00.000Z,2026-09-04T12:00:00.000Z,2490.70,2499.36,-0.27,-0.00118,släpande stopp
ETH,B,kop,2026-09-06T14:00:00.000Z,2026-09-06T14:00:00.000Z,2496.09,2472.38,-1.94,-0.00752,stopp
ETH,A,kop,2026-09-11T13:00:00.000Z,2026-09-11T15:00:00.000Z,2512.48,2584.41,1.35,0.00572,släpande stopp
ETH,B,kop,2026-09-11T22:00:00.000Z,2026-09-12T06:00:00.000Z,2517.94,2518.37,-0.31,-0.00131,mål EMA20
ETH,B,kop,2026-09-12T18:00:00.000Z,2026-09-12T23:00:00.000Z,2527.16,2524.67,-0.84,-0.00358,mål EMA20
ETH,B,kop,2026-09-13T05:00:00.000Z,2026-09-13T08:00:00.000Z,2521.30,2502.16,-2.19,-0.00660,stopp
ETH,A,kop,2026-09-14T17:00:00.000Z,2026-09-14T21:00:00.000Z,2530.30,2560.55,0.28,0.00116,släpande stopp
ETH,A,kop,2026-09-17T16:00:00.000Z,2026-09-18T15:00:00.000Z,2471.51,2582.77,2.13,0.00890,tid
ETH,B,kop,2026-09-19T22:00:00.000Z,2026-09-19T22:00:00.000Z,2629.28,2629.51,-0.64,-0.00273,mål EMA20
ETH,B,kop,2026-09-20T02:00:00.000Z,2026-09-20T02:00:00.000Z,2621.11,2590.19,-1.75,-0.00743,stopp
ETH,A,kop,2026-09-21T09:00:00.000Z,2026-09-22T01:00:00.000Z,2697.62,2740.86,0.43,0.00180,släpande stopp
ETH,B,kop,2026-09-22T03:00:00.000Z,2026-09-22T03:00:00.000Z,2741.38,2738.28,-0.51,-0.00212,mål EMA20
ETH,B,kop,2026-09-22T04:00:00.000Z,2026-09-22T08:00:00.000Z,2741.01,2747.65,-0.32,-0.00132,mål EMA20
ETH,B,kop,2026-09-23T08:00:00.000Z,2026-09-23T14:00:00.000Z,2744.29,2701.79,-1.56,-0.00650,stopp
SOL,A,blank,2025-09-30T16:00:00.000Z,2025-09-30T21:00:00.000Z,205.887,210.432,-1.40,-0.01399,stopp
SOL,A,blank,2025-10-04T15:00:00.000Z,2025-10-05T02:00:00.000Z,226.697,230.751,-1.49,-0.01473,stopp
SOL,A,blank,2025-10-07T15:00:00.000Z,2025-10-08T13:00:00.000Z,225.187,222.811,0.12,0.00118,släpande stopp
SOL,A,blank,2025-10-09T09:00:00.000Z,2025-10-09T12:00:00.000Z,219.890,225.357,-1.35,-0.01316,stopp
SOL,B,blank,2025-10-09T23:00:00.000Z,2025-10-09T23:00:00.000Z,221.139,221.040,-0.32,-0.00311,mål EMA20
SOL,A,blank,2025-10-10T16:00:00.000Z,2025-10-10T22:00:00.000Z,210.585,193.507,2.58,0.02469,släpande stopp
SOL,A,blank,2025-10-11T20:00:00.000Z,2025-10-12T14:00:00.000Z,177.481,186.209,-1.18,-0.01157,stopp
SOL,A,blank,2025-10-14T06:00:00.000Z,2025-10-14T15:00:00.000Z,199.580,199.680,-0.26,-0.00249,släpande stopp
SOL,B,blank,2025-10-16T02:00:00.000Z,2025-10-16T02:00:00.000Z,195.022,195.588,-0.35,-0.00340,mål EMA20
SOL,B,blank,2025-10-16T03:00:00.000Z,2025-10-16T03:00:00.000Z,195.402,193.727,0.02,0.00019,mål EMA20
SOL,B,blank,2025-10-16T12:00:00.000Z,2025-10-16T14:00:00.000Z,196.722,194.117,0.16,0.00158,mål EMA20
SOL,A,blank,2025-10-17T09:00:00.000Z,2025-10-17T11:00:00.000Z,175.462,182.152,-1.23,-0.01188,stopp
SOL,B,blank,2025-10-21T12:00:00.000Z,2025-10-21T12:00:00.000Z,186.187,186.573,-0.51,-0.00486,mål EMA20
SOL,B,blank,2025-10-21T13:00:00.000Z,2025-10-21T13:00:00.000Z,186.397,185.183,-0.07,-0.00070,mål EMA20
SOL,B,blank,2025-10-22T14:00:00.000Z,2025-10-22T14:00:00.000Z,186.437,185.593,-0.14,-0.00130,mål EMA20
SOL,B,blank,2025-10-23T02:00:00.000Z,2025-10-23T02:00:00.000Z,181.699,182.361,-0.43,-0.00406,mål EMA20
SOL,B,blank,2025-10-23T03:00:00.000Z,2025-10-23T06:00:00.000Z,182.179,187.008,-1.33,-0.01255,stopp
SOL,B,blank,2025-10-29T08:00:00.000Z,2025-10-29T08:00:00.000Z,195.552,194.597,-0.15,-0.00141,mål EMA20
SOL,A,blank,2025-10-30T14:00:00.000Z,2025-10-31T00:00:00.000Z,185.647,185.740,-0.27,-0.00247,släpande stopp
SOL,B,blank,2025-10-31T01:00:00.000Z,2025-10-31T01:00:00.000Z,185.357,186.343,-0.45,-0.00412,mål EMA20
SOL,B,blank,2025-10-31T02:00:00.000Z,2025-10-31T02:00:00.000Z,186.167,184.722,-0.01,-0.00007,mål EMA20
SOL,B,blank,2025-10-31T12:00:00.000Z,2025-10-31T12:00:00.000Z,188.796,186.603,0.16,0.00146,mål EMA20
SOL,B,blank,2025-11-02T22:00:00.000Z,2025-11-02T22:00:00.000Z,185.397,185.002,-0.39,-0.00363,mål EMA20
SOL,A,blank,2025-11-03T04:00:00.000Z,2025-11-04T03:00:00.000Z,177.471,167.744,2.02,0.01855,tid
SOL,A,blank,2025-11-04T06:00:00.000Z,2025-11-04T14:00:00.000Z,157.621,163.913,-1.22,-0.01145,stopp
SOL,B,blank,2025-11-04T15:00:00.000Z,2025-11-04T15:00:00.000Z,164.318,161.581,0.24,0.00224,mål EMA20
SOL,B,blank,2025-11-05T06:00:00.000Z,2025-11-05T07:00:00.000Z,157.441,156.548,-0.05,-0.00047,mål EMA20
SOL,B,blank,2025-11-05T17:00:00.000Z,2025-11-06T04:00:00.000Z,161.759,162.211,-0.29,-0.00271,tid
SOL,A,blank,2025-11-06T17:00:00.000Z,2025-11-07T15:00:00.000Z,155.322,155.400,-0.27,-0.00254,släpande stopp
SOL,B,blank,2025-11-07T17:00:00.000Z,2025-11-07T18:00:00.000Z,157.201,162.574,-1.26,-0.01161,stopp
SOL,A,blank,2025-11-11T16:00:00.000Z,2025-11-12T08:00:00.000Z,160.800,158.103,0.33,0.00298,släpande stopp
SOL,B,blank,2025-11-12T11:00:00.000Z,2025-11-12T15:00:00.000Z,160.210,155.808,0.84,0.00766,mål EMA20
SOL,B,blank,2025-11-13T04:00:00.000Z,2025-11-13T04:00:00.000Z,154.253,154.377,-0.31,-0.00282,mål EMA20
SOL,B,blank,2025-11-13T06:00:00.000Z,2025-11-13T09:00:00.000Z,156.062,155.088,-0.06,-0.00056,mål EMA20
SOL,A,blank,2025-11-13T19:00:00.000Z,2025-11-14T14:00:00.000Z,145.357,142.712,0.30,0.00272,släpande stopp
SOL,B,blank,2025-11-14T17:00:00.000Z,2025-11-14T17:00:00.000Z,143.348,141.491,0.12,0.00110,mål EMA20
SOL,B,blank,2025-11-15T17:00:00.000Z,2025-11-15T19:00:00.000Z,142.699,141.841,-0.08,-0.00072,mål EMA20
SOL,B,blank,2025-11-16T07:00:00.000Z,2025-11-16T11:00:00.000Z,141.619,139.990,0.16,0.00151,mål EMA20
SOL,B,blank,2025-11-17T01:00:00.000Z,2025-11-17T01:00:00.000Z,139.100,138.329,-0.08,-0.00073,mål EMA20
SOL,A,blank,2025-11-17T19:00:00.000Z,2025-11-18T04:00:00.000Z,130.455,135.569,-1.22,-0.01130,stopp
SOL,B,blank,2025-11-18T05:00:00.000Z,2025-11-18T15:00:00.000Z,135.472,140.631,-1.23,-0.01122,stopp
SOL,A,blank,2025-11-19T17:00:00.000Z,2025-11-20T00:00:00.000Z,133.313,137.608,-1.27,-0.01146,stopp
SOL,B,blank,2025-11-20T23:00:00.000Z,2025-11-20T23:00:00.000Z,136.382,133.737,0.33,0.00295,mål EMA20
SOL,B,blank,2025-11-21T15:00:00.000Z,2025-11-21T15:00:00.000Z,128.556,125.473,0.35,0.00312,mål EMA20
SOL,B,blank,2025-11-22T17:00:00.000Z,2025-11-22T19:00:00.000Z,128.146,127.264,-0.03,-0.00029,mål EMA20
SOL,A,blank,2025-12-01T01:00:00.000Z,2025-12-01T21:00:00.000Z,127.506,126.831,-0.10,-0.00092,släpande stopp
SOL,B,blank,2025-12-01T23:00:00.000Z,2025-12-01T23:00:00.000Z,126.767,126.723,-0.30,-0.00272,mål EMA20
SOL,B,blank,2025-12-02T01:00:00.000Z,2025-12-02T04:00:00.000Z,127.296,126.953,-0.22,-0.00199,mål EMA20
SOL,B,blank,2025-12-02T13:00:00.000Z,2025-12-02T14:00:00.000Z,128.806,131.514,-1.42,-0.01261,stopp
SOL,A,blank,2025-12-04T20:00:00.000Z,2025-12-05T19:00:00.000Z,139.590,132.566,1.72,0.01505,tid
SOL,B,blank,2025-12-06T01:00:00.000Z,2025-12-06T01:00:00.000Z,133.403,133.557,-0.39,-0.00348,mål EMA20
SOL,B,blank,2025-12-06T02:00:00.000Z,2025-12-06T02:00:00.000Z,133.423,133.517,-0.39,-0.00345,mål EMA20
SOL,B,blank,2025-12-06T04:00:00.000Z,2025-12-06T04:00:00.000Z,133.663,133.267,-0.24,-0.00214,mål EMA20
SOL,B,blank,2025-12-07T03:00:00.000Z,2025-12-07T05:00:00.000Z,133.213,132.886,-0.40,-0.00351,mål EMA20
SOL,B,blank,2025-12-07T13:00:00.000Z,2025-12-07T13:00:00.000Z,132.834,131.796,-0.01,-0.00011,mål EMA20
SOL,A,blank,2025-12-11T03:00:00.000Z,2025-12-11T18:00:00.000Z,130.715,134.930,-1.27,-0.01118,stopp
SOL,B,blank,2025-12-13T09:00:00.000Z,2025-12-13T11:00:00.000Z,133.933,133.387,-0.24,-0.00204,mål EMA20
SOL,B,blank,2025-12-14T01:00:00.000Z,2025-12-14T03:00:00.000Z,133.203,133.016,-0.48,-0.00412,mål EMA20
SOL,B,blank,2025-12-15T03:00:00.000Z,2025-12-15T14:00:00.000Z,131.464,133.890,-1.48,-0.01273,stopp
SOL,A,blank,2025-12-15T18:00:00.000Z,2025-12-16T10:00:00.000Z,124.868,128.229,-1.33,-0.01126,stopp
SOL,B,blank,2025-12-16T11:00:00.000Z,2025-12-16T13:00:00.000Z,128.396,126.833,0.18,0.00147,mål EMA20
SOL,A,blank,2025-12-17T18:00:00.000Z,2025-12-18T14:00:00.000Z,122.998,127.470,-1.24,-0.01042,stopp
SOL,A,blank,2025-12-18T20:00:00.000Z,2025-12-19T03:00:00.000Z,117.491,121.945,-1.23,-0.01020,stopp
SOL,B,blank,2025-12-19T04:00:00.000Z,2025-12-19T11:00:00.000Z,121.519,125.680,-1.26,-0.01028,stopp
SOL,B,blank,2025-12-24T12:00:00.000Z,2025-12-24T12:00:00.000Z,121.979,122.511,-0.78,-0.00626,mål EMA20
SOL,B,blank,2025-12-24T13:00:00.000Z,2025-12-24T13:00:00.000Z,122.389,122.021,-0.32,-0.00257,mål EMA20
SOL,A,blank,2026-01-07T10:00:00.000Z,2026-01-08T09:00:00.000Z,136.822,134.537,0.39,0.00315,tid
SOL,B,blank,2026-01-10T10:00:00.000Z,2026-01-10T11:00:00.000Z,136.562,136.648,-0.59,-0.00472,mål EMA20
SOL,B,kop,2026-01-15T03:00:00.000Z,2026-01-15T09:00:00.000Z,144.602,145.557,-0.07,-0.00057,mål EMA20
SOL,B,kop,2026-01-17T06:00:00.000Z,2026-01-17T08:00:00.000Z,144.042,144.138,-0.60,-0.00475,mål EMA20
SOL,B,blank,2026-01-21T06:00:00.000Z,2026-01-21T07:00:00.000Z,128.446,127.684,-0.11,-0.00090,mål EMA20
SOL,B,blank,2026-01-21T15:00:00.000Z,2026-01-21T16:00:00.000Z,129.485,125.653,1.21,0.00960,mål EMA20
SOL,B,blank,2026-01-24T04:00:00.000Z,2026-01-24T06:00:00.000Z,127.846,127.724,-0.48,-0.00386,mål EMA20
SOL,A,blank,2026-01-25T17:00:00.000Z,2026-01-26T01:00:00.000Z,122.719,120.160,0.97,0.00775,släpande stopp
SOL,B,blank,2026-01-26T02:00:00.000Z,2026-01-26T02:00:00.000Z,122.339,122.091,-0.26,-0.00213,mål EMA20
SOL,B,blank,2026-01-26T14:00:00.000Z,2026-01-26T18:00:00.000Z,123.098,125.324,-1.49,-0.01195,stopp
SOL,A,blank,2026-01-29T15:00:00.000Z,2026-01-29T17:00:00.000Z,120.320,119.227,0.07,0.00054,släpande stopp
SOL,A,blank,2026-01-30T03:00:00.000Z,2026-01-30T14:00:00.000Z,114.063,117.393,-1.30,-0.01029,stopp
SOL,B,blank,2026-01-31T02:00:00.000Z,2026-01-31T07:00:00.000Z,118.111,117.429,-0.09,-0.00070,mål EMA20
SOL,A,blank,2026-01-31T14:00:00.000Z,2026-01-31T19:00:00.000Z,114.103,102.886,3.89,0.03037,släpande stopp
SOL,B,blank,2026-02-01T00:00:00.000Z,2026-02-01T00:00:00.000Z,105.527,105.723,-0.21,-0.00174,mål EMA20
SOL,B,blank,2026-02-01T01:00:00.000Z,2026-02-01T01:00:00.000Z,105.617,105.042,-0.06,-0.00047,mål EMA20
SOL,B,blank,2026-02-01T10:00:00.000Z,2026-02-01T10:00:00.000Z,105.747,103.802,0.31,0.00249,mål EMA20
SOL,B,blank,2026-02-02T10:00:00.000Z,2026-02-02T21:00:00.000Z,102.739,104.892,-0.61,-0.00498,tid
SOL,A,blank,2026-02-03T18:00:00.000Z,2026-02-04T17:00:00.000Z,99.0604,91.4857,2.15,0.01729,tid
SOL,B,blank,2026-02-05T10:00:00.000Z,2026-02-05T10:00:00.000Z,92.4637,90.3552,0.35,0.00292,mål EMA20
SOL,A,blank,2026-02-05T16:00:00.000Z,2026-02-06T01:00:00.000Z,84.5677,75.7094,1.76,0.01452,släpande stopp
SOL,B,blank,2026-02-06T14:00:00.000Z,2026-02-06T17:00:00.000Z,83.0684,88.2379,-1.14,-0.00960,stopp
SOL,B,blank,2026-02-09T17:00:00.000Z,2026-02-10T00:00:00.000Z,86.0669,86.4432,-0.40,-0.00335,mål EMA20
SOL,B,blank,2026-02-11T02:00:00.000Z,2026-02-11T02:00:00.000Z,83.7281,83.5818,-0.25,-0.00211,mål EMA20
SOL,A,blank,2026-02-11T17:00:00.000Z,2026-02-12T09:00:00.000Z,78.6906,81.2522,-1.27,-0.01048,stopp
SOL,B,blank,2026-02-13T09:00:00.000Z,2026-02-13T14:00:00.000Z,79.6901,81.6751,-1.35,-0.01103,stopp
SOL,B,blank,2026-02-16T10:00:00.000Z,2026-02-16T10:00:00.000Z,85.9570,85.7929,-0.27,-0.00216,mål EMA20
SOL,B,blank,2026-02-16T21:00:00.000Z,2026-02-17T02:00:00.000Z,85.3273,87.5827,-1.33,-0.01069,stopp
SOL,A,blank,2026-02-18T19:00:00.000Z,2026-02-19T18:00:00.000Z,81.2494,82.0210,-0.71,-0.00559,tid
SOL,B,blank,2026-02-19T23:00:00.000Z,2026-02-20T09:00:00.000Z,82.2988,84.1903,-1.38,-0.01086,stopp
SOL,A,blank,2026-02-23T02:00:00.000Z,2026-02-23T09:00:00.000Z,77.9310,79.7565,-1.38,-0.01066,stopp
SOL,B,blank,2026-02-24T16:00:00.000Z,2026-02-24T22:00:00.000Z,77.2614,79.1846,-1.35,-0.01034,stopp
SOL,A,blank,2026-02-26T17:00:00.000Z,2026-02-27T03:00:00.000Z,84.5377,87.2363,-1.28,-0.00961,stopp
SOL,A,blank,2026-02-27T15:00:00.000Z,2026-02-28T13:00:00.000Z,82.3388,79.9446,0.75,0.00561,släpande stopp
SOL,B,blank,2026-02-28T14:00:00.000Z,2026-02-28T14:00:00.000Z,80.7796,80.2901,-0.06,-0.00048,mål EMA20
SOL,A,blank,2026-03-03T15:00:00.000Z,2026-03-03T16:00:00.000Z,83.1984,85.6926,-1.29,-0.00969,stopp
SOL,A,blank,2026-03-06T15:00:00.000Z,2026-03-07T14:00:00.000Z,84.2978,84.2721,-0.29,-0.00215,tid
SOL,B,blank,2026-03-08T09:00:00.000Z,2026-03-08T11:00:00.000Z,83.0584,82.8514,-0.36,-0.00263,mål EMA20
SOL,B,blank,2026-03-09T05:00:00.000Z,2026-03-09T13:00:00.000Z,83.1584,85.2263,-1.35,-0.00995,stopp
SOL,B,blank,2026-03-14T22:00:00.000Z,2026-03-14T22:00:00.000Z,87.2464,87.3537,-0.75,-0.00542,mål EMA20
SOL,B,blank,2026-03-14T23:00:00.000Z,2026-03-15T02:00:00.000Z,87.2763,88.3554,-1.72,-0.01239,stopp
SOL,B,kop,2026-03-17T04:00:00.000Z,2026-03-17T07:00:00.000Z,94.1170,94.3928,-0.20,-0.00143,mål EMA20
SOL,A,kop,2026-03-23T12:00:00.000Z,2026-03-24T11:00:00.000Z,88.8244,91.7241,0.92,0.00649,tid
SOL,B,kop,2026-03-24T14:00:00.000Z,2026-03-24T20:00:00.000Z,89.9049,89.9950,-0.33,-0.00232,mål EMA20
SOL,B,kop,2026-03-25T15:00:00.000Z,2026-03-25T16:00:00.000Z,91.9960,92.1639,-0.33,-0.00236,mål EMA20
SOL,B,kop,2026-03-25T22:00:00.000Z,2026-03-25T22:00:00.000Z,91.3156,91.7041,-0.21,-0.00150,mål EMA20
SOL,B,kop,2026-04-01T13:00:00.000Z,2026-04-01T14:00:00.000Z,83.0815,83.3483,-0.26,-0.00181,mål EMA20
SOL,B,kop,2026-04-05T02:00:00.000Z,2026-04-05T06:00:00.000Z,80.5403,79.6711,-1.82,-0.01282,stopp
SOL,B,kop,2026-04-06T17:00:00.000Z,2026-04-06T18:00:00.000Z,81.6408,81.8391,-0.33,-0.00230,mål EMA20
SOL,A,kop,2026-04-07T22:00:00.000Z,2026-04-08T00:00:00.000Z,82.9615,84.4230,0.47,0.00322,släpande stopp
SOL,B,kop,2026-04-08T06:00:00.000Z,2026-04-08T06:00:00.000Z,84.2621,84.5077,-0.24,-0.00166,mål EMA20
SOL,B,kop,2026-04-08T14:00:00.000Z,2026-04-08T14:00:00.000Z,84.0920,82.4991,-1.46,-0.01006,stopp
SOL,B,kop,2026-04-08T15:00:00.000Z,2026-04-08T17:00:00.000Z,82.9415,83.9280,0.19,0.00130,mål EMA20
SOL,B,kop,2026-04-10T00:00:00.000Z,2026-04-10T04:00:00.000Z,83.3717,83.3183,-0.41,-0.00282,mål EMA20
SOL,B,kop,2026-04-11T01:00:00.000Z,2026-04-11T01:00:00.000Z,84.7223,84.6277,-0.61,-0.00413,mål EMA20
SOL,B,kop,2026-04-11T02:00:00.000Z,2026-04-11T02:00:00.000Z,84.7223,84.7576,-0.52,-0.00353,mål EMA20
SOL,B,kop,2026-04-11T06:00:00.000Z,2026-04-11T09:00:00.000Z,84.1320,84.4578,-0.31,-0.00207,mål EMA20
SOL,B,kop,2026-04-12T01:00:00.000Z,2026-04-12T01:00:00.000Z,84.9324,83.6513,-1.58,-0.01056,stopp
SOL,A,kop,2026-04-13T15:00:00.000Z,2026-04-13T15:00:00.000Z,83.8019,82.4333,-1.53,-0.01009,stopp
SOL,A,kop,2026-04-16T19:00:00.000Z,2026-04-17T18:00:00.000Z,89.0545,89.1254,-0.31,-0.00203,tid
SOL,B,kop,2026-04-18T04:00:00.000Z,2026-04-18T10:00:00.000Z,88.3842,86.7718,-1.47,-0.00953,stopp
SOL,A,kop,2026-04-20T16:00:00.000Z,2026-04-21T15:00:00.000Z,85.9029,86.0070,-0.36,-0.00232,tid
SOL,A,kop,2026-04-22T10:00:00.000Z,2026-04-22T23:00:00.000Z,88.3441,86.7957,-1.49,-0.00949,stopp
SOL,A,kop,2026-05-04T04:00:00.000Z,2026-05-04T10:00:00.000Z,85.4427,84.3659,-1.70,-0.01061,stopp
SOL,B,kop,2026-05-05T10:00:00.000Z,2026-05-05T10:00:00.000Z,84.5823,84.8576,-0.43,-0.00265,mål EMA20
SOL,A,kop,2026-05-05T14:00:00.000Z,2026-05-06T13:00:00.000Z,85.6728,88.4124,2.12,0.01298,släpande stopp
SOL,B,kop,2026-05-07T01:00:00.000Z,2026-05-07T05:00:00.000Z,88.3642,88.6057,-0.32,-0.00202,mål EMA20
SOL,B,kop,2026-05-07T15:00:00.000Z,2026-05-08T02:00:00.000Z,88.1941,88.0160,-0.57,-0.00353,tid
SOL,A,kop,2026-05-08T18:00:00.000Z,2026-05-09T15:00:00.000Z,91.7058,92.4682,0.02,0.00010,släpande stopp
SOL,B,kop,2026-05-10T02:00:00.000Z,2026-05-10T03:00:00.000Z,93.0065,93.3733,-0.35,-0.00216,mål EMA20
SOL,A,kop,2026-05-10T17:00:00.000Z,2026-05-10T20:00:00.000Z,94.8874,95.2608,-0.33,-0.00205,släpande stopp
SOL,B,kop,2026-05-12T02:00:00.000Z,2026-05-12T05:00:00.000Z,96.3381,96.5317,-0.30,-0.00185,mål EMA20
SOL,B,kop,2026-05-12T09:00:00.000Z,2026-05-12T15:00:00.000Z,95.6978,94.0114,-1.49,-0.00915,stopp
SOL,A,kop,2026-05-14T16:00:00.000Z,2026-05-15T02:00:00.000Z,93.2066,91.5374,-1.48,-0.00896,stopp
SOL,B,blank,2026-05-19T08:00:00.000Z,2026-05-19T09:00:00.000Z,85.4672,84.8124,-0.02,-0.00012,mål EMA20
SOL,B,blank,2026-05-20T06:00:00.000Z,2026-05-20T13:00:00.000Z,84.7276,84.7323,-0.59,-0.00354,mål EMA20
SOL,A,blank,2026-05-22T19:00:00.000Z,2026-05-23T13:00:00.000Z,85.4173,83.1396,1.15,0.00680,släpande stopp
SOL,B,blank,2026-05-23T14:00:00.000Z,2026-05-23T15:00:00.000Z,83.1884,84.5606,-1.54,-0.00919,stopp
SOL,B,blank,2026-05-23T16:00:00.000Z,2026-05-23T20:00:00.000Z,84.0480,85.5492,-1.49,-0.00881,stopp
SOL,B,blank,2026-05-27T01:00:00.000Z,2026-05-27T01:00:00.000Z,84.0879,83.9019,-0.40,-0.00232,mål EMA20
SOL,B,blank,2026-05-27T08:00:00.000Z,2026-05-27T08:00:00.000Z,84.1579,83.9720,-0.45,-0.00258,mål EMA20
SOL,A,blank,2026-05-28T04:00:00.000Z,2026-05-28T16:00:00.000Z,80.6597,82.2069,-1.46,-0.00840,stopp
SOL,B,blank,2026-05-28T17:00:00.000Z,2026-05-29T02:00:00.000Z,82.0390,81.6108,-0.14,-0.00082,mål EMA20
SOL,A,blank,2026-06-01T08:00:00.000Z,2026-06-01T17:00:00.000Z,80.6996,80.7400,-0.54,-0.00307,släpande stopp
SOL,B,blank,2026-06-01T20:00:00.000Z,2026-06-01T21:00:00.000Z,81.1494,80.7203,-0.15,-0.00083,mål EMA20
SOL,A,blank,2026-06-03T20:00:00.000Z,2026-06-04T03:00:00.000Z,71.9540,70.4325,0.45,0.00251,släpande stopp
SOL,A,blank,2026-06-05T06:00:00.000Z,2026-06-06T05:00:00.000Z,66.2069,62.6513,1.21,0.00681,tid
SOL,B,blank,2026-06-07T02:00:00.000Z,2026-06-07T08:00:00.000Z,63.6382,65.7896,-1.26,-0.00720,stopp
SOL,A,blank,2026-06-09T16:00:00.000Z,2026-06-10T15:00:00.000Z,64.2978,65.4727,-1.03,-0.00580,tid
SOL,B,blank,2026-06-18T03:00:00.000Z,2026-06-18T03:00:00.000Z,72.4937,71.6858,0.14,0.00077,mål EMA20
SOL,A,blank,2026-06-18T16:00:00.000Z,2026-06-19T15:00:00.000Z,68.3958,69.3647,-0.82,-0.00457,tid
SOL,A,blank,2026-06-23T08:00:00.000Z,2026-06-23T22:00:00.000Z,69.9750,69.7276,-0.21,-0.00119,släpande stopp
SOL,B,blank,2026-06-23T23:00:00.000Z,2026-06-23T23:00:00.000Z,69.5252,69.7449,-0.64,-0.00352,mål EMA20
SOL,B,blank,2026-06-24T00:00:00.000Z,2026-06-24T02:00:00.000Z,69.6652,69.4947,-0.32,-0.00176,mål EMA20
SOL,A,blank,2026-06-24T16:00:00.000Z,2026-06-24T20:00:00.000Z,67.2863,67.0399,-0.19,-0.00107,släpande stopp
SOL,B,blank,2026-06-24T22:00:00.000Z,2026-06-24T22:00:00.000Z,68.0460,67.8639,-0.18,-0.00096,mål EMA20
SOL,B,blank,2026-06-25T05:00:00.000Z,2026-06-25T10:00:00.000Z,68.4358,68.3241,-0.25,-0.00137,mål EMA20
SOL,A,blank,2026-06-25T14:00:00.000Z,2026-06-25T14:00:00.000Z,64.1979,66.2906,-1.27,-0.00692,stopp
SOL,A,blank,2026-06-30T13:00:00.000Z,2026-06-30T14:00:00.000Z,72.0440,73.8382,-1.35,-0.00728,stopp
SOL,A,kop,2026-07-02T11:00:00.000Z,2026-07-03T10:00:00.000Z,82.1310,81.4992,-0.61,-0.00322,tid
SOL,B,kop,2026-07-04T02:00:00.000Z,2026-07-04T02:00:00.000Z,81.9810,82.1389,-0.36,-0.00192,mål EMA20
SOL,B,kop,2026-07-04T10:00:00.000Z,2026-07-04T15:00:00.000Z,81.7809,82.1889,-0.17,-0.00090,mål EMA20
SOL,A,kop,2026-07-14T13:00:00.000Z,2026-07-15T10:00:00.000Z,76.8984,77.2318,-0.24,-0.00124,släpande stopp
SOL,B,kop,2026-07-15T20:00:00.000Z,2026-07-16T05:00:00.000Z,77.2186,77.4413,-0.31,-0.00161,mål EMA20
SOL,A,kop,2026-07-26T23:00:00.000Z,2026-07-27T01:00:00.000Z,76.7584,75.9937,-1.89,-0.00936,stopp
SOL,B,kop,2026-08-03T01:00:00.000Z,2026-08-03T06:00:00.000Z,73.2566,72.4829,-1.84,-0.00943,stopp
SOL,B,kop,2026-08-05T00:00:00.000Z,2026-08-05T01:00:00.000Z,73.7969,74.0729,-0.35,-0.00177,mål EMA20
SOL,B,kop,2026-08-05T12:00:00.000Z,2026-08-05T12:00:00.000Z,73.8069,74.0430,-0.45,-0.00227,mål EMA20
SOL,B,kop,2026-08-05T22:00:00.000Z,2026-08-06T05:00:00.000Z,74.1671,74.2129,-0.66,-0.00328,mål EMA20
SOL,A,kop,2026-08-07T14:00:00.000Z,2026-08-07T17:00:00.000Z,74.1671,73.3501,-1.80,-0.00894,stopp
SOL,B,kop,2026-08-08T23:00:00.000Z,2026-08-08T23:00:00.000Z,75.9480,75.9720,-0.81,-0.00374,mål EMA20
SOL,A,kop,2026-08-09T16:00:00.000Z,2026-08-09T22:00:00.000Z,77.4587,76.6898,-1.90,-0.00864,stopp
SOL,B,kop,2026-08-10T00:00:00.000Z,2026-08-10T01:00:00.000Z,76.2981,76.8616,-0.06,-0.00028,mål EMA20
SOL,B,kop,2026-08-10T10:00:00.000Z,2026-08-10T10:00:00.000Z,76.6083,76.7916,-0.49,-0.00232,mål EMA20
SOL,B,kop,2026-08-12T14:00:00.000Z,2026-08-12T14:00:00.000Z,76.2681,75.4032,-1.78,-0.00840,stopp
SOL,A,kop,2026-08-17T07:00:00.000Z,2026-08-17T08:00:00.000Z,75.8879,75.2103,-2.00,-0.00783,stopp
SOL,A,kop,2026-08-18T16:00:00.000Z,2026-08-19T15:00:00.000Z,77.2386,81.7891,4.72,0.02153,tid
SOL,A,kop,2026-08-20T09:00:00.000Z,2026-08-21T08:00:00.000Z,87.5638,93.2434,2.56,0.01222,tid
SOL,B,kop,2026-08-22T11:00:00.000Z,2026-08-22T12:00:00.000Z,92.9264,93.7731,0.02,0.00010,mål EMA20
SOL,B,kop,2026-08-22T22:00:00.000Z,2026-08-22T23:00:00.000Z,92.8664,93.7731,0.05,0.00025,mål EMA20
SOL,A,kop,2026-08-23T01:00:00.000Z,2026-08-23T04:00:00.000Z,96.4082,93.0609,-1.24,-0.00609,stopp
SOL,B,kop,2026-08-23T05:00:00.000Z,2026-08-23T10:00:00.000Z,92.5963,93.5832,0.07,0.00035,mål EMA20
SOL,B,kop,2026-08-24T02:00:00.000Z,2026-08-24T09:00:00.000Z,93.9169,94.6227,-0.02,-0.00010,mål EMA20
SOL,A,kop,2026-08-25T01:00:00.000Z,2026-08-25T11:00:00.000Z,101.811,98.5985,-1.27,-0.00614,stopp
SOL,B,kop,2026-08-25T12:00:00.000Z,2026-08-25T21:00:00.000Z,98.6593,95.5118,-1.27,-0.00605,stopp
SOL,A,kop,2026-08-26T23:00:00.000Z,2026-08-27T22:00:00.000Z,99.7398,109.145,3.50,0.01654,tid
SOL,B,kop,2026-08-28T02:00:00.000Z,2026-08-28T03:00:00.000Z,107.894,106.797,-0.61,-0.00299,mål EMA20
SOL,B,kop,2026-08-28T13:00:00.000Z,2026-08-28T14:00:00.000Z,104.932,106.257,0.17,0.00081,mål EMA20
SOL,B,kop,2026-08-30T04:00:00.000Z,2026-08-30T04:00:00.000Z,105.123,105.057,-0.68,-0.00332,mål EMA20
SOL,A,kop,2026-09-03T15:00:00.000Z,2026-09-04T12:00:00.000Z,104.862,102.615,-1.40,-0.00677,stopp
SOL,A,kop,2026-09-06T04:00:00.000Z,2026-09-07T03:00:00.000Z,106.003,104.898,-1.24,-0.00591,tid
SOL,A,kop,2026-09-11T13:00:00.000Z,2026-09-11T15:00:00.000Z,101.741,102.433,-0.06,-0.00030,släpande stopp
SOL,A,kop,2026-09-14T10:00:00.000Z,2026-09-14T23:00:00.000Z,102.001,102.725,-0.07,-0.00033,släpande stopp
SOL,B,kop,2026-09-15T02:00:00.000Z,2026-09-15T05:00:00.000Z,102.321,100.749,-1.57,-0.00736,stopp
SOL,A,kop,2026-09-17T15:00:00.000Z,2026-09-18T14:00:00.000Z,101.131,110.705,4.49,0.02076,tid
SOL,B,kop,2026-09-19T05:00:00.000Z,2026-09-19T05:00:00.000Z,112.416,111.864,-0.62,-0.00299,mål EMA20
SOL,B,kop,2026-09-19T06:00:00.000Z,2026-09-19T06:00:00.000Z,111.976,111.804,-0.46,-0.00219,mål EMA20
SOL,B,kop,2026-09-19T07:00:00.000Z,2026-09-19T07:00:00.000Z,111.916,111.554,-0.55,-0.00261,mål EMA20
SOL,A,kop,2026-09-21T09:00:00.000Z,2026-09-22T02:00:00.000Z,115.368,116.637,0.13,0.00060,släpande stopp
SOL,B,kop,2026-09-22T03:00:00.000Z,2026-09-22T05:00:00.000Z,116.958,116.802,-0.40,-0.00190,mål EMA20
SOL,B,kop,2026-09-25T05:00:00.000Z,2026-09-25T05:00:00.000Z,116.458,116.382,-0.46,-0.00218,mål EMA20
SOL,B,kop,2026-09-25T07:00:00.000Z,2026-09-25T08:00:00.000Z,116.338,117.261,-0.01,-0.00003,mål EMA20
SOL,A,kop,2026-09-25T12:00:00.000Z,2026-09-25T14:00:00.000Z,120.890,118.322,-1.40,-0.00663,stopp
SOL,B,kop,2026-09-26T07:00:00.000Z,2026-09-26T07:00:00.000Z,120.280,120.700,-0.24,-0.00111,mål EMA20
SOL,B,kop,2026-09-26T21:00:00.000Z,2026-09-26T21:00:00.000Z,120.420,121.259,-0.07,-0.00030,mål EMA20
SOL,A,kop,2026-09-27T08:00:00.000Z,2026-09-27T14:00:00.000Z,124.192,122.012,-1.49,-0.00692,stopp
SOL,B,kop,2026-09-27T15:00:00.000Z,2026-09-27T18:00:00.000Z,121.761,123.218,0.22,0.00099,mål EMA20
XRP,A,blank,2025-10-04T15:00:00.000Z,2025-10-05T02:00:00.000Z,2.96542,3.00751,-1.63,-0.01626,stopp
XRP,A,blank,2025-10-07T15:00:00.000Z,2025-10-08T12:00:00.000Z,2.90835,2.88212,0.07,0.00064,släpande stopp
XRP,A,blank,2025-10-09T14:00:00.000Z,2025-10-09T22:00:00.000Z,2.81439,2.81580,-0.60,-0.00588,släpande stopp
XRP,B,blank,2025-10-09T23:00:00.000Z,2025-10-09T23:00:00.000Z,2.81339,2.80350,-0.28,-0.00275,mål EMA20
XRP,B,blank,2025-10-10T06:00:00.000Z,2025-10-10T07:00:00.000Z,2.82509,2.80470,-0.05,-0.00048,mål EMA20
XRP,B,blank,2025-10-10T14:00:00.000Z,2025-10-10T14:00:00.000Z,2.82479,2.80140,0.02,0.00022,mål EMA20
XRP,A,blank,2025-10-10T16:00:00.000Z,2025-10-10T21:00:00.000Z,2.74033,2.53208,3.66,0.03574,släpande stopp
XRP,B,blank,2025-10-12T06:00:00.000Z,2025-10-12T06:00:00.000Z,2.37231,2.39109,-0.34,-0.00342,mål EMA20
XRP,B,blank,2025-10-12T07:00:00.000Z,2025-10-12T07:00:00.000Z,2.38871,2.39089,-0.20,-0.00198,mål EMA20
XRP,B,blank,2025-10-12T08:00:00.000Z,2025-10-12T08:00:00.000Z,2.38851,2.38419,-0.14,-0.00143,mål EMA20
XRP,A,blank,2025-10-14T07:00:00.000Z,2025-10-15T06:00:00.000Z,2.46457,2.50385,-0.73,-0.00729,tid
XRP,A,blank,2025-10-16T21:00:00.000Z,2025-10-17T01:00:00.000Z,2.29325,2.37046,-1.26,-0.01257,stopp
XRP,A,blank,2025-10-17T09:00:00.000Z,2025-10-17T11:00:00.000Z,2.21449,2.29317,-1.25,-0.01228,stopp
XRP,B,blank,2025-10-22T15:00:00.000Z,2025-10-22T15:00:00.000Z,2.40929,2.40160,-0.22,-0.00211,mål EMA20
XRP,B,blank,2025-10-23T03:00:00.000Z,2025-10-23T03:00:00.000Z,2.37481,2.38049,-0.51,-0.00491,mål EMA20
XRP,B,blank,2025-10-23T04:00:00.000Z,2025-10-23T11:00:00.000Z,2.37811,2.39210,-0.70,-0.00679,mål EMA20
XRP,A,blank,2025-10-30T14:00:00.000Z,2025-10-31T00:00:00.000Z,2.46497,2.46027,-0.22,-0.00208,släpande stopp
XRP,B,blank,2025-10-31T01:00:00.000Z,2025-10-31T02:00:00.000Z,2.45767,2.46213,-0.37,-0.00352,mål EMA20
XRP,B,blank,2025-10-31T12:00:00.000Z,2025-10-31T23:00:00.000Z,2.51314,2.51095,-0.34,-0.00327,tid
XRP,A,blank,2025-11-03T04:00:00.000Z,2025-11-03T15:00:00.000Z,2.42829,2.42950,-0.46,-0.00433,släpande stopp
XRP,B,blank,2025-11-04T04:00:00.000Z,2025-11-04T04:00:00.000Z,2.35532,2.33947,-0.04,-0.00040,mål EMA20
XRP,A,blank,2025-11-04T18:00:00.000Z,2025-11-04T22:00:00.000Z,2.22978,2.20027,0.14,0.00131,släpande stopp
XRP,B,blank,2025-11-05T05:00:00.000Z,2025-11-05T08:00:00.000Z,2.24398,2.22311,0.03,0.00027,mål EMA20
XRP,B,blank,2025-11-05T16:00:00.000Z,2025-11-05T20:00:00.000Z,2.27526,2.35767,-1.24,-0.01176,stopp
XRP,A,blank,2025-11-06T16:00:00.000Z,2025-11-07T15:00:00.000Z,2.23318,2.21401,0.02,0.00019,tid
XRP,B,blank,2025-11-12T22:00:00.000Z,2025-11-12T22:00:00.000Z,2.39260,2.38079,-0.12,-0.00116,mål EMA20
XRP,B,blank,2025-11-13T02:00:00.000Z,2025-11-13T03:00:00.000Z,2.40340,2.46152,-1.36,-0.01273,stopp
XRP,A,blank,2025-11-13T21:00:00.000Z,2025-11-14T20:00:00.000Z,2.29725,2.26303,0.19,0.00173,tid
XRP,B,blank,2025-11-16T08:00:00.000Z,2025-11-16T11:00:00.000Z,2.26607,2.23652,0.24,0.00220,mål EMA20
XRP,B,blank,2025-11-17T01:00:00.000Z,2025-11-17T12:00:00.000Z,2.24098,2.26203,-0.56,-0.00521,tid
XRP,A,blank,2025-11-17T20:00:00.000Z,2025-11-18T11:00:00.000Z,2.12584,2.20318,-1.24,-0.01142,stopp
XRP,B,blank,2025-11-20T00:00:00.000Z,2025-11-20T09:00:00.000Z,2.10865,2.12026,-0.46,-0.00418,mål EMA20
XRP,A,blank,2025-11-20T17:00:00.000Z,2025-11-21T08:00:00.000Z,2.00830,1.94740,0.72,0.00655,släpande stopp
XRP,A,blank,2025-11-21T10:00:00.000Z,2025-11-21T17:00:00.000Z,1.90195,1.98733,-1.20,-0.01089,stopp
XRP,B,blank,2025-11-22T17:00:00.000Z,2025-11-22T17:00:00.000Z,1.94333,1.93117,-0.05,-0.00047,mål EMA20
XRP,B,blank,2025-11-22T23:00:00.000Z,2025-11-23T02:00:00.000Z,1.95722,2.01328,-1.31,-0.01175,stopp
XRP,B,blank,2025-11-29T05:00:00.000Z,2025-11-29T05:00:00.000Z,2.18771,2.18249,-0.30,-0.00265,mål EMA20
XRP,A,blank,2025-12-01T01:00:00.000Z,2025-12-01T21:00:00.000Z,2.05657,2.04387,-0.08,-0.00074,släpande stopp
XRP,B,blank,2025-12-01T23:00:00.000Z,2025-12-01T23:00:00.000Z,2.03208,2.03071,-0.30,-0.00263,mål EMA20
XRP,B,blank,2025-12-02T13:00:00.000Z,2025-12-02T14:00:00.000Z,2.03908,2.08174,-1.42,-0.01253,stopp
XRP,A,blank,2025-12-04T14:00:00.000Z,2025-12-05T13:00:00.000Z,2.12484,2.06673,1.14,0.00987,tid
XRP,B,blank,2025-12-05T16:00:00.000Z,2025-12-05T16:00:00.000Z,2.07496,2.03482,0.64,0.00566,mål EMA20
XRP,A,blank,2025-12-05T19:00:00.000Z,2025-12-06T18:00:00.000Z,2.01789,2.03202,-0.67,-0.00595,tid
XRP,B,blank,2025-12-07T13:00:00.000Z,2025-12-07T13:00:00.000Z,2.04588,2.03222,-0.10,-0.00089,mål EMA20
XRP,B,blank,2025-12-11T21:00:00.000Z,2025-12-12T00:00:00.000Z,2.02359,2.01801,-0.28,-0.00242,mål EMA20
XRP,B,blank,2025-12-13T04:00:00.000Z,2025-12-13T15:00:00.000Z,2.02169,2.03091,-0.85,-0.00740,tid
XRP,A,blank,2025-12-15T17:00:00.000Z,2025-12-16T07:00:00.000Z,1.91194,1.89822,-0.04,-0.00038,släpande stopp
XRP,B,blank,2025-12-16T11:00:00.000Z,2025-12-16T13:00:00.000Z,1.90575,1.94352,-1.44,-0.01253,stopp
XRP,A,blank,2025-12-17T18:00:00.000Z,2025-12-18T13:00:00.000Z,1.87196,1.92371,-1.32,-0.01127,stopp
XRP,A,blank,2025-12-18T21:00:00.000Z,2025-12-19T07:00:00.000Z,1.80070,1.85640,-1.28,-0.01083,stopp
XRP,B,blank,2025-12-23T11:00:00.000Z,2025-12-23T13:00:00.000Z,1.89795,1.88004,0.11,0.00093,mål EMA20
XRP,B,blank,2025-12-24T11:00:00.000Z,2025-12-24T14:00:00.000Z,1.86497,1.85973,-0.36,-0.00303,mål EMA20
XRP,B,blank,2025-12-26T21:00:00.000Z,2025-12-26T21:00:00.000Z,1.85387,1.84822,-0.34,-0.00284,mål EMA20
XRP,B,blank,2025-12-27T04:00:00.000Z,2025-12-27T04:00:00.000Z,1.85047,1.84912,-0.62,-0.00514,mål EMA20
XRP,B,blank,2025-12-30T04:00:00.000Z,2025-12-30T05:00:00.000Z,1.86027,1.85983,-0.67,-0.00553,mål EMA20
XRP,A,blank,2025-12-31T18:00:00.000Z,2025-12-31T21:00:00.000Z,1.83388,1.83480,-0.80,-0.00652,släpande stopp
XRP,B,blank,2026-01-01T01:00:00.000Z,2026-01-01T01:00:00.000Z,1.84458,1.84242,-0.59,-0.00479,mål EMA20
XRP,A,kop,2026-01-05T02:00:00.000Z,2026-01-05T06:00:00.000Z,2.15818,2.11490,-1.43,-0.01152,stopp
XRP,B,kop,2026-01-05T13:00:00.000Z,2026-01-05T14:00:00.000Z,2.12846,2.14873,0.08,0.00065,mål EMA20
XRP,B,kop,2026-01-06T08:00:00.000Z,2026-01-06T08:00:00.000Z,2.33157,2.33123,-0.28,-0.00226,mål EMA20
XRP,B,kop,2026-01-06T09:00:00.000Z,2026-01-06T09:00:00.000Z,2.33347,2.35082,-0.02,-0.00017,mål EMA20
XRP,B,kop,2026-01-06T17:00:00.000Z,2026-01-06T17:00:00.000Z,2.28294,2.21107,-1.27,-0.01006,stopp
XRP,A,kop,2026-01-13T17:00:00.000Z,2026-01-14T06:00:00.000Z,2.10605,2.13374,0.29,0.00227,släpande stopp
XRP,B,kop,2026-01-14T09:00:00.000Z,2026-01-14T09:00:00.000Z,2.14327,2.14593,-0.34,-0.00264,mål EMA20
XRP,B,kop,2026-01-14T12:00:00.000Z,2026-01-14T14:00:00.000Z,2.11666,2.15872,0.59,0.00463,mål EMA20
XRP,B,blank,2026-01-21T01:00:00.000Z,2026-01-21T01:00:00.000Z,1.91284,1.89935,-0.05,-0.00037,mål EMA20
XRP,B,blank,2026-01-21T06:00:00.000Z,2026-01-21T07:00:00.000Z,1.92034,1.91095,-0.17,-0.00133,mål EMA20
XRP,A,blank,2026-01-25T17:00:00.000Z,2026-01-26T00:00:00.000Z,1.85307,1.84814,-0.43,-0.00341,släpande stopp
XRP,B,blank,2026-01-26T02:00:00.000Z,2026-01-26T13:00:00.000Z,1.88336,1.90715,-1.14,-0.00893,tid
XRP,A,blank,2026-01-29T15:00:00.000Z,2026-01-29T17:00:00.000Z,1.82579,1.82670,-0.53,-0.00406,släpande stopp
XRP,A,blank,2026-01-30T02:00:00.000Z,2026-01-31T01:00:00.000Z,1.75552,1.74777,-0.13,-0.00103,tid
XRP,B,blank,2026-01-31T03:00:00.000Z,2026-01-31T03:00:00.000Z,1.74873,1.74567,-0.23,-0.00177,mål EMA20
XRP,B,blank,2026-02-01T00:00:00.000Z,2026-02-01T06:00:00.000Z,1.64638,1.65783,-0.35,-0.00271,mål EMA20
XRP,A,blank,2026-02-01T16:00:00.000Z,2026-02-02T04:00:00.000Z,1.59420,1.59500,-0.24,-0.00184,släpande stopp
XRP,B,blank,2026-02-02T10:00:00.000Z,2026-02-02T20:00:00.000Z,1.60820,1.61541,-0.30,-0.00228,mål EMA20
XRP,A,blank,2026-02-03T18:00:00.000Z,2026-02-03T20:00:00.000Z,1.55762,1.60422,-1.29,-0.00982,stopp
XRP,A,blank,2026-02-04T18:00:00.000Z,2026-02-05T17:00:00.000Z,1.52144,1.25093,5.46,0.04088,tid
XRP,B,blank,2026-02-06T02:00:00.000Z,2026-02-06T02:00:00.000Z,1.27966,1.26213,0.07,0.00053,mål EMA20
XRP,B,blank,2026-02-06T06:00:00.000Z,2026-02-06T07:00:00.000Z,1.32934,1.29305,0.26,0.00202,mål EMA20
XRP,B,blank,2026-02-06T11:00:00.000Z,2026-02-06T14:00:00.000Z,1.35812,1.45174,-1.13,-0.00895,stopp
XRP,B,blank,2026-02-11T01:00:00.000Z,2026-02-11T01:00:00.000Z,1.40910,1.41121,-0.42,-0.00330,mål EMA20
XRP,B,blank,2026-02-11T02:00:00.000Z,2026-02-11T02:00:00.000Z,1.40989,1.41091,-0.40,-0.00313,mål EMA20
XRP,B,blank,2026-02-11T22:00:00.000Z,2026-02-11T22:00:00.000Z,1.38271,1.37249,-0.02,-0.00016,mål EMA20
XRP,B,blank,2026-02-12T07:00:00.000Z,2026-02-12T15:00:00.000Z,1.38261,1.37659,-0.16,-0.00127,mål EMA20
XRP,B,blank,2026-02-20T02:00:00.000Z,2026-02-20T03:00:00.000Z,1.42469,1.41351,-0.01,-0.00005,mål EMA20
XRP,B,blank,2026-02-22T23:00:00.000Z,2026-02-22T23:00:00.000Z,1.40040,1.39390,-0.27,-0.00213,mål EMA20
XRP,A,blank,2026-02-23T02:00:00.000Z,2026-02-23T06:00:00.000Z,1.33193,1.35719,-1.47,-0.01134,stopp
XRP,B,blank,2026-02-23T07:00:00.000Z,2026-02-23T07:00:00.000Z,1.36742,1.37209,-0.61,-0.00462,mål EMA20
XRP,B,blank,2026-02-24T16:00:00.000Z,2026-02-24T23:00:00.000Z,1.35102,1.34887,-0.28,-0.00212,mål EMA20
XRP,A,blank,2026-02-27T17:00:00.000Z,2026-02-28T13:00:00.000Z,1.35062,1.31228,0.93,0.00705,släpande stopp
XRP,B,blank,2026-02-28T14:00:00.000Z,2026-02-28T14:00:00.000Z,1.34083,1.31906,0.29,0.00224,mål EMA20
XRP,B,blank,2026-02-28T19:00:00.000Z,2026-02-28T20:00:00.000Z,1.34193,1.38255,-1.29,-0.00987,stopp
XRP,A,blank,2026-03-06T15:00:00.000Z,2026-03-07T14:00:00.000Z,1.35472,1.36438,-0.72,-0.00543,tid
XRP,B,blank,2026-03-08T20:00:00.000Z,2026-03-08T21:00:00.000Z,1.35552,1.34857,-0.21,-0.00155,mål EMA20
XRP,B,blank,2026-03-12T09:00:00.000Z,2026-03-12T13:00:00.000Z,1.37941,1.38269,-0.71,-0.00530,mål EMA20
XRP,A,blank,2026-03-18T13:00:00.000Z,2026-03-19T12:00:00.000Z,1.46337,1.43772,0.43,0.00317,tid
XRP,B,blank,2026-03-19T22:00:00.000Z,2026-03-19T22:00:00.000Z,1.45387,1.45002,-0.27,-0.00200,mål EMA20
XRP,B,blank,2026-03-20T23:00:00.000Z,2026-03-21T01:00:00.000Z,1.44708,1.44412,-0.36,-0.00271,mål EMA20
XRP,B,blank,2026-03-24T21:00:00.000Z,2026-03-25T08:00:00.000Z,1.40920,1.42041,-0.87,-0.00642,tid
XRP,A,blank,2026-03-26T10:00:00.000Z,2026-03-26T20:00:00.000Z,1.37241,1.36321,-0.09,-0.00068,släpande stopp
XRP,B,blank,2026-03-27T03:00:00.000Z,2026-03-27T03:00:00.000Z,1.36961,1.36458,-0.29,-0.00212,mål EMA20
XRP,B,blank,2026-03-28T05:00:00.000Z,2026-03-28T13:00:00.000Z,1.33013,1.34778,-1.67,-0.01223,stopp
XRP,B,blank,2026-03-31T14:00:00.000Z,2026-03-31T14:00:00.000Z,1.32584,1.31536,-0.00,-0.00003,mål EMA20
XRP,A,blank,2026-04-02T04:00:00.000Z,2026-04-02T16:00:00.000Z,1.31224,1.30607,-0.19,-0.00134,släpande stopp
XRP,B,blank,2026-04-02T21:00:00.000Z,2026-04-03T01:00:00.000Z,1.31754,1.31436,-0.32,-0.00229,mål EMA20
XRP,B,blank,2026-04-04T18:00:00.000Z,2026-04-04T18:00:00.000Z,1.31384,1.31406,-1.06,-0.00585,mål EMA20
XRP,A,blank,2026-04-05T13:00:00.000Z,2026-04-05T15:00:00.000Z,1.28186,1.29500,-1.88,-0.01299,stopp
XRP,B,blank,2026-04-05T18:00:00.000Z,2026-04-05T19:00:00.000Z,1.30165,1.30125,-0.67,-0.00467,mål EMA20
XRP,B,blank,2026-04-07T10:00:00.000Z,2026-04-07T10:00:00.000Z,1.31964,1.30785,0.08,0.00053,mål EMA20
XRP,B,blank,2026-04-09T10:00:00.000Z,2026-04-09T10:00:00.000Z,1.33743,1.33357,-0.39,-0.00272,mål EMA20
XRP,B,blank,2026-04-12T12:00:00.000Z,2026-04-12T12:00:00.000Z,1.33233,1.33177,-0.72,-0.00500,mål EMA20
XRP,A,blank,2026-04-12T14:00:00.000Z,2026-04-12T20:00:00.000Z,1.32284,1.33780,-1.79,-0.01228,stopp
XRP,B,blank,2026-04-13T13:00:00.000Z,2026-04-13T14:00:00.000Z,1.33143,1.34589,-1.83,-0.01229,stopp
XRP,B,kop,2026-04-18T04:00:00.000Z,2026-04-18T06:00:00.000Z,1.46943,1.47006,-0.41,-0.00269,mål EMA20
XRP,B,kop,2026-04-18T09:00:00.000Z,2026-04-18T11:00:00.000Z,1.45403,1.42630,-1.45,-0.00956,stopp
XRP,A,kop,2026-04-20T14:00:00.000Z,2026-04-21T12:00:00.000Z,1.42531,1.42660,-0.46,-0.00298,släpande stopp
XRP,B,kop,2026-04-22T17:00:00.000Z,2026-04-22T17:00:00.000Z,1.44762,1.44848,-0.56,-0.00361,mål EMA20
XRP,B,kop,2026-04-22T20:00:00.000Z,2026-04-23T00:00:00.000Z,1.44212,1.42300,-1.66,-0.01067,stopp
XRP,A,kop,2026-05-01T14:00:00.000Z,2026-05-01T20:00:00.000Z,1.39920,1.38402,-1.82,-0.01147,stopp
XRP,B,kop,2026-05-01T21:00:00.000Z,2026-05-01T21:00:00.000Z,1.38529,1.38801,-0.58,-0.00358,mål EMA20
XRP,A,kop,2026-05-04T03:00:00.000Z,2026-05-04T10:00:00.000Z,1.41121,1.39486,-1.76,-0.01086,stopp
XRP,A,kop,2026-05-05T13:00:00.000Z,2026-05-06T12:00:00.000Z,1.41351,1.44438,1.30,0.00786,tid
XRP,B,kop,2026-05-06T14:00:00.000Z,2026-05-06T15:00:00.000Z,1.42331,1.42938,-0.27,-0.00166,mål EMA20
XRP,A,kop,2026-05-08T18:00:00.000Z,2026-05-09T10:00:00.000Z,1.40950,1.41665,-0.27,-0.00164,släpande stopp
XRP,B,kop,2026-05-09T15:00:00.000Z,2026-05-09T17:00:00.000Z,1.41621,1.42039,-0.57,-0.00309,mål EMA20
XRP,B,kop,2026-05-10T01:00:00.000Z,2026-05-10T07:00:00.000Z,1.41741,1.41949,-0.83,-0.00397,mål EMA20
XRP,A,kop,2026-05-10T16:00:00.000Z,2026-05-10T19:00:00.000Z,1.44502,1.48093,1.85,0.01010,släpande stopp
XRP,B,kop,2026-05-12T04:00:00.000Z,2026-05-12T13:00:00.000Z,1.46053,1.43512,-1.50,-0.00918,stopp
XRP,A,kop,2026-05-13T05:00:00.000Z,2026-05-13T12:00:00.000Z,1.46313,1.44337,-1.65,-0.00996,stopp
XRP,A,kop,2026-05-14T15:00:00.000Z,2026-05-14T20:00:00.000Z,1.47174,1.50200,0.73,0.00435,släpande stopp
XRP,A,kop,2026-05-23T21:00:00.000Z,2026-05-23T22:00:00.000Z,1.37269,1.35294,-1.61,-0.00962,stopp
XRP,A,blank,2026-05-28T04:00:00.000Z,2026-05-28T14:00:00.000Z,1.27836,1.30075,-1.50,-0.00886,stopp
XRP,B,blank,2026-05-28T15:00:00.000Z,2026-05-28T16:00:00.000Z,1.30145,1.32358,-1.52,-0.00881,stopp
XRP,A,blank,2026-06-01T08:00:00.000Z,2026-06-01T17:00:00.000Z,1.30295,1.30360,-0.61,-0.00348,släpande stopp
XRP,A,blank,2026-06-04T02:00:00.000Z,2026-06-04T03:00:00.000Z,1.16092,1.19610,-1.29,-0.00732,stopp
XRP,A,blank,2026-06-05T03:00:00.000Z,2026-06-05T07:00:00.000Z,1.13473,1.13530,-0.28,-0.00155,släpande stopp
XRP,A,blank,2026-06-06T05:00:00.000Z,2026-06-06T08:00:00.000Z,1.05767,1.10182,-1.21,-0.00676,stopp
XRP,B,blank,2026-06-06T15:00:00.000Z,2026-06-06T15:00:00.000Z,1.10255,1.09675,-0.08,-0.00043,mål EMA20
XRP,A,blank,2026-06-09T15:00:00.000Z,2026-06-10T13:00:00.000Z,1.13673,1.12597,0.07,0.00037,släpande stopp
XRP,B,blank,2026-06-10T14:00:00.000Z,2026-06-10T16:00:00.000Z,1.12973,1.11456,0.26,0.00142,mål EMA20
XRP,B,blank,2026-06-11T02:00:00.000Z,2026-06-11T02:00:00.000Z,1.11524,1.10985,-0.14,-0.00079,mål EMA20
XRP,A,blank,2026-06-17T20:00:00.000Z,2026-06-18T19:00:00.000Z,1.18011,1.14417,0.94,0.00521,tid
XRP,B,blank,2026-06-19T13:00:00.000Z,2026-06-19T14:00:00.000Z,1.13093,1.13717,-0.79,-0.00441,mål EMA20
XRP,B,blank,2026-06-20T02:00:00.000Z,2026-06-20T13:00:00.000Z,1.14123,1.14167,-0.58,-0.00323,mål EMA20
XRP,A,blank,2026-06-23T09:00:00.000Z,2026-06-24T08:00:00.000Z,1.09985,1.10295,-0.66,-0.00361,tid
XRP,A,blank,2026-06-24T14:00:00.000Z,2026-06-24T20:00:00.000Z,1.07556,1.07223,-0.31,-0.00167,släpande stopp
XRP,B,blank,2026-06-25T06:00:00.000Z,2026-06-25T10:00:00.000Z,1.08406,1.07424,0.06,0.00032,mål EMA20
XRP,A,blank,2026-06-25T14:00:00.000Z,2026-06-25T14:00:00.000Z,1.01509,1.04109,-1.34,-0.00732,stopp
XRP,A,blank,2026-06-26T03:00:00.000Z,2026-06-26T06:00:00.000Z,1.01419,1.04079,-1.34,-0.00718,stopp
XRP,B,blank,2026-06-26T08:00:00.000Z,2026-06-26T08:00:00.000Z,1.04928,1.03992,0.04,0.00020,mål EMA20
XRP,B,blank,2026-06-26T18:00:00.000Z,2026-06-27T05:00:00.000Z,1.04708,1.05853,-0.74,-0.00392,tid
XRP,A,blank,2026-06-30T13:00:00.000Z,2026-06-30T14:00:00.000Z,1.02739,1.04314,-1.58,-0.00831,stopp
XRP,A,blank,2026-07-06T13:00:00.000Z,2026-07-06T15:00:00.000Z,1.11464,1.13466,-1.49,-0.00773,stopp
XRP,A,blank,2026-07-08T09:00:00.000Z,2026-07-09T05:00:00.000Z,1.07956,1.10012,-1.46,-0.00747,stopp
XRP,B,blank,2026-07-09T06:00:00.000Z,2026-07-09T10:00:00.000Z,1.09875,1.09265,-0.15,-0.00077,mål EMA20
XRP,B,blank,2026-07-09T14:00:00.000Z,2026-07-09T15:00:00.000Z,1.09855,1.09044,-0.04,-0.00022,mål EMA20
XRP,B,blank,2026-07-12T12:00:00.000Z,2026-07-12T12:00:00.000Z,1.09575,1.09965,-1.22,-0.00581,mål EMA20
XRP,B,blank,2026-07-12T13:00:00.000Z,2026-07-12T13:00:00.000Z,1.09855,1.09885,-0.89,-0.00411,mål EMA20
XRP,B,blank,2026-07-12T15:00:00.000Z,2026-07-12T17:00:00.000Z,1.10125,1.09895,-0.62,-0.00291,mål EMA20
XRP,A,blank,2026-07-13T18:00:00.000Z,2026-07-14T12:00:00.000Z,1.05857,1.07388,-1.61,-0.00790,stopp
XRP,B,blank,2026-07-17T17:00:00.000Z,2026-07-17T20:00:00.000Z,1.08586,1.08904,-0.82,-0.00393,mål EMA20
XRP,A,blank,2026-07-23T13:00:00.000Z,2026-07-24T07:00:00.000Z,1.12144,1.11627,-0.29,-0.00140,släpande stopp
XRP,A,blank,2026-07-24T17:00:00.000Z,2026-07-25T15:00:00.000Z,1.08616,1.09929,-1.74,-0.00828,stopp
XRP,B,blank,2026-07-25T16:00:00.000Z,2026-07-25T17:00:00.000Z,1.09805,1.10691,-2.13,-0.00753,stopp
XRP,A,blank,2026-07-27T15:00:00.000Z,2026-07-28T14:00:00.000Z,1.09005,1.05473,2.07,0.00952,tid
XRP,B,blank,2026-07-28T16:00:00.000Z,2026-07-28T17:00:00.000Z,1.06477,1.05863,-0.16,-0.00076,mål EMA20
XRP,B,blank,2026-07-28T22:00:00.000Z,2026-07-29T02:00:00.000Z,1.06857,1.08244,-1.69,-0.00791,stopp
XRP,A,blank,2026-07-31T15:00:00.000Z,2026-08-01T14:00:00.000Z,1.06267,1.06673,-1.03,-0.00476,tid
XRP,B,blank,2026-08-02T01:00:00.000Z,2026-08-02T02:00:00.000Z,1.06197,1.07035,-2.16,-0.00727,stopp
XRP,A,blank,2026-08-03T07:00:00.000Z,2026-08-03T14:00:00.000Z,1.06777,1.07790,-1.95,-0.00788,stopp
XRP,A,blank,2026-08-06T04:00:00.000Z,2026-08-06T08:00:00.000Z,1.04288,1.05494,-1.77,-0.00783,stopp
XRP,B,blank,2026-08-07T09:00:00.000Z,2026-08-07T11:00:00.000Z,1.03068,1.03432,-0.92,-0.00398,mål EMA20
XRP,A,blank,2026-08-07T17:00:00.000Z,2026-08-08T01:00:00.000Z,1.01499,1.02969,-1.61,-0.00693,stopp
XRP,B,blank,2026-08-08T02:00:00.000Z,2026-08-08T12:00:00.000Z,1.02958,1.04277,-1.70,-0.00717,stopp
XRP,A,blank,2026-08-10T23:00:00.000Z,2026-08-11T15:00:00.000Z,1.01129,1.00743,-0.35,-0.00147,släpande stopp
XRP,B,blank,2026-08-13T04:00:00.000Z,2026-08-13T10:00:00.000Z,1.01039,1.00850,-0.59,-0.00246,mål EMA20
XRP,A,blank,2026-08-14T23:00:00.000Z,2026-08-15T01:00:00.000Z,0.992204,1.00230,-1.88,-0.00750,stopp
XRP,B,blank,2026-08-15T20:00:00.000Z,2026-08-15T23:00:00.000Z,1.00350,1.00330,-1.36,-0.00315,mål EMA20
XRP,B,blank,2026-08-16T15:00:00.000Z,2026-08-16T17:00:00.000Z,1.00060,1.00150,-2.06,-0.00357,mål EMA20
XRP,A,kop,2026-08-20T09:00:00.000Z,2026-08-20T18:00:00.000Z,1.15388,1.28098,3.98,0.01581,släpande stopp
XRP,B,kop,2026-08-21T20:00:00.000Z,2026-08-21T20:00:00.000Z,1.37329,1.37411,-0.15,-0.00060,mål EMA20
XRP,A,kop,2026-08-22T03:00:00.000Z,2026-08-22T05:00:00.000Z,1.55027,1.55230,-0.12,-0.00051,släpande stopp
XRP,B,kop,2026-08-22T15:00:00.000Z,2026-08-22T16:00:00.000Z,1.45263,1.48016,0.13,0.00053,mål EMA20
XRP,B,kop,2026-08-23T06:00:00.000Z,2026-08-23T08:00:00.000Z,1.44772,1.47466,0.18,0.00073,mål EMA20
XRP,A,kop,2026-08-23T14:00:00.000Z,2026-08-24T13:00:00.000Z,1.52126,1.48995,-0.61,-0.00253,tid
XRP,A,kop,2026-09-03T14:00:00.000Z,2026-09-04T01:00:00.000Z,1.39450,1.43822,1.19,0.00489,släpande stopp
XRP,A,kop,2026-09-08T16:00:00.000Z,2026-09-09T15:00:00.000Z,1.43552,1.40966,-1.48,-0.00615,stopp
XRP,A,kop,2026-09-11T14:00:00.000Z,2026-09-11T15:00:00.000Z,1.41661,1.38067,-1.34,-0.00548,stopp
XRP,A,kop,2026-09-14T05:00:00.000Z,2026-09-14T21:00:00.000Z,1.37799,1.44988,2.87,0.01161,släpande stopp
XRP,B,kop,2026-09-15T00:00:00.000Z,2026-09-15T00:00:00.000Z,1.42381,1.41869,-0.45,-0.00185,mål EMA20
XRP,B,kop,2026-09-15T01:00:00.000Z,2026-09-15T01:00:00.000Z,1.42001,1.42159,-0.27,-0.00113,mål EMA20
XRP,B,kop,2026-09-15T05:00:00.000Z,2026-09-15T12:00:00.000Z,1.41421,1.41619,-0.29,-0.00121,mål EMA20
XRP,A,kop,2026-09-18T09:00:00.000Z,2026-09-19T08:00:00.000Z,1.33777,1.41429,2.74,0.01128,tid
XRP,B,kop,2026-09-19T22:00:00.000Z,2026-09-20T02:00:00.000Z,1.41040,1.37742,-1.37,-0.00578,stopp
XRP,A,kop,2026-09-21T09:00:00.000Z,2026-09-22T00:00:00.000Z,1.47684,1.51875,0.84,0.00351,släpande stopp
XRP,A,kop,2026-09-22T14:00:00.000Z,2026-09-22T14:00:00.000Z,1.58919,1.53932,-1.27,-0.00534,stopp
XRP,A,kop,2026-09-23T04:00:00.000Z,2026-09-23T12:00:00.000Z,1.61911,1.56689,-1.26,-0.00524,stopp
XRP,B,kop,2026-09-23T13:00:00.000Z,2026-09-23T14:00:00.000Z,1.56778,1.51433,-1.25,-0.00512,stopp
XRP,A,kop,2026-09-25T12:00:00.000Z,2026-09-25T16:00:00.000Z,1.59560,1.55318,-1.32,-0.00535,stopp
XRP,B,kop,2026-09-25T22:00:00.000Z,2026-09-25T22:00:00.000Z,1.55268,1.56782,0.06,0.00023,mål EMA20
XRP,B,kop,2026-09-26T06:00:00.000Z,2026-09-26T15:00:00.000Z,1.55078,1.55172,-0.31,-0.00125,mål EMA20
ADA,B,blank,2025-09-28T15:00:00.000Z,2025-09-28T17:00:00.000Z,0.779210,0.790005,-1.64,-0.01641,stopp
ADA,A,blank,2025-09-30T16:00:00.000Z,2025-09-30T19:00:00.000Z,0.782908,0.797739,-1.47,-0.01442,stopp
ADA,A,blank,2025-10-04T15:00:00.000Z,2025-10-05T02:00:00.000Z,0.837981,0.852710,-1.50,-0.01456,stopp
ADA,B,blank,2025-10-06T07:00:00.000Z,2025-10-06T07:00:00.000Z,0.845477,0.843221,-0.27,-0.00259,mål EMA20
ADA,A,blank,2025-10-07T15:00:00.000Z,2025-10-08T14:00:00.000Z,0.838880,0.828088,0.20,0.00194,släpande stopp
ADA,A,blank,2025-10-09T03:00:00.000Z,2025-10-09T22:00:00.000Z,0.814393,0.814800,-0.39,-0.00374,släpande stopp
ADA,B,blank,2025-10-09T23:00:00.000Z,2025-10-10T02:00:00.000Z,0.817391,0.813507,-0.16,-0.00147,mål EMA20
ADA,A,blank,2025-10-10T16:00:00.000Z,2025-10-10T22:00:00.000Z,0.782808,0.619910,8.09,0.07677,släpande stopp
ADA,B,blank,2025-10-11T09:00:00.000Z,2025-10-11T09:00:00.000Z,0.672064,0.667133,-0.01,-0.00006,mål EMA20
ADA,B,blank,2025-10-12T05:00:00.000Z,2025-10-12T08:00:00.000Z,0.642778,0.644022,-0.18,-0.00181,mål EMA20
ADA,A,blank,2025-10-14T07:00:00.000Z,2025-10-14T16:00:00.000Z,0.681259,0.708696,-1.22,-0.01247,stopp
ADA,B,blank,2025-10-14T17:00:00.000Z,2025-10-15T03:00:00.000Z,0.695852,0.691245,-0.03,-0.00033,mål EMA20
ADA,A,blank,2025-10-17T09:00:00.000Z,2025-10-17T11:00:00.000Z,0.597501,0.620279,-1.23,-0.01244,stopp
ADA,B,blank,2025-10-17T14:00:00.000Z,2025-10-17T14:00:00.000Z,0.621689,0.614507,0.09,0.00092,mål EMA20
ADA,B,blank,2025-10-17T22:00:00.000Z,2025-10-17T23:00:00.000Z,0.632384,0.624812,0.12,0.00118,mål EMA20
ADA,B,blank,2025-10-21T13:00:00.000Z,2025-10-21T13:00:00.000Z,0.647976,0.646323,-0.27,-0.00268,mål EMA20
ADA,B,blank,2025-10-22T14:00:00.000Z,2025-10-22T14:00:00.000Z,0.642079,0.640020,-0.19,-0.00192,mål EMA20
ADA,B,blank,2025-10-23T05:00:00.000Z,2025-10-23T13:00:00.000Z,0.629185,0.644622,-1.36,-0.01353,stopp
ADA,B,blank,2025-10-29T12:00:00.000Z,2025-10-29T13:00:00.000Z,0.649475,0.647924,-0.29,-0.00289,mål EMA20
ADA,A,blank,2025-10-30T14:00:00.000Z,2025-10-31T00:00:00.000Z,0.610195,0.608605,-0.17,-0.00170,släpande stopp
ADA,B,blank,2025-10-31T01:00:00.000Z,2025-10-31T01:00:00.000Z,0.607396,0.611606,-0.52,-0.00507,mål EMA20
ADA,B,blank,2025-10-31T02:00:00.000Z,2025-10-31T02:00:00.000Z,0.611094,0.607704,-0.09,-0.00085,mål EMA20
ADA,A,blank,2025-11-03T04:00:00.000Z,2025-11-03T16:00:00.000Z,0.575012,0.552970,1.21,0.01180,släpande stopp
ADA,A,blank,2025-11-04T18:00:00.000Z,2025-11-04T22:00:00.000Z,0.524338,0.524194,-0.17,-0.00172,släpande stopp
ADA,B,blank,2025-11-05T06:00:00.000Z,2025-11-05T08:00:00.000Z,0.533433,0.527764,0.06,0.00055,mål EMA20
ADA,B,blank,2025-11-13T04:00:00.000Z,2025-11-13T13:00:00.000Z,0.558521,0.560180,-0.37,-0.00366,mål EMA20
ADA,A,blank,2025-11-13T20:00:00.000Z,2025-11-14T19:00:00.000Z,0.521339,0.516158,0.06,0.00054,tid
ADA,B,blank,2025-11-16T10:00:00.000Z,2025-11-16T11:00:00.000Z,0.508845,0.497649,0.64,0.00631,mål EMA20
ADA,A,blank,2025-11-16T17:00:00.000Z,2025-11-17T00:00:00.000Z,0.478761,0.492606,-1.30,-0.01285,stopp
ADA,B,blank,2025-11-17T01:00:00.000Z,2025-11-17T01:00:00.000Z,0.491854,0.487644,0.02,0.00017,mål EMA20
ADA,A,blank,2025-11-17T20:00:00.000Z,2025-11-18T16:00:00.000Z,0.460470,0.480048,-1.21,-0.01174,stopp
ADA,A,blank,2025-11-19T17:00:00.000Z,2025-11-20T00:00:00.000Z,0.449975,0.465100,-1.26,-0.01213,stopp
ADA,A,blank,2025-11-20T17:00:00.000Z,2025-11-21T08:00:00.000Z,0.438880,0.415544,1.34,0.01271,släpande stopp
ADA,A,blank,2025-11-21T10:00:00.000Z,2025-11-22T09:00:00.000Z,0.402499,0.400200,-0.05,-0.00044,tid
ADA,B,blank,2025-11-22T23:00:00.000Z,2025-11-23T10:00:00.000Z,0.408296,0.409305,-0.32,-0.00307,tid
ADA,B,blank,2025-11-29T12:00:00.000Z,2025-11-29T12:00:00.000Z,0.418291,0.417809,-0.37,-0.00359,mål EMA20
ADA,A,blank,2025-12-01T01:00:00.000Z,2025-12-01T22:00:00.000Z,0.387906,0.384281,0.05,0.00043,släpande stopp
ADA,B,blank,2025-12-01T23:00:00.000Z,2025-12-02T08:00:00.000Z,0.383508,0.386293,-0.56,-0.00534,mål EMA20
ADA,A,blank,2025-12-05T17:00:00.000Z,2025-12-06T16:00:00.000Z,0.413393,0.416908,-0.59,-0.00561,tid
ADA,B,blank,2025-12-06T18:00:00.000Z,2025-12-06T19:00:00.000Z,0.418990,0.413206,0.32,0.00304,mål EMA20
ADA,B,blank,2025-12-11T21:00:00.000Z,2025-12-11T22:00:00.000Z,0.422189,0.423211,-0.34,-0.00325,mål EMA20
ADA,A,blank,2025-12-12T16:00:00.000Z,2025-12-13T15:00:00.000Z,0.408096,0.413407,-0.75,-0.00707,tid
ADA,B,blank,2025-12-15T02:00:00.000Z,2025-12-15T08:00:00.000Z,0.401599,0.400900,-0.31,-0.00291,mål EMA20
ADA,A,blank,2025-12-15T18:00:00.000Z,2025-12-16T17:00:00.000Z,0.380909,0.384892,-0.66,-0.00615,tid
ADA,B,blank,2025-12-17T14:00:00.000Z,2025-12-17T14:00:00.000Z,0.384308,0.392242,-1.43,-0.01324,stopp
ADA,A,blank,2025-12-17T18:00:00.000Z,2025-12-18T17:00:00.000Z,0.369215,0.358779,0.56,0.00516,tid
ADA,A,blank,2025-12-18T20:00:00.000Z,2025-12-19T03:00:00.000Z,0.347526,0.361070,-1.23,-0.01127,stopp
ADA,B,blank,2025-12-19T04:00:00.000Z,2025-12-19T14:00:00.000Z,0.359520,0.372150,-1.25,-0.01136,stopp
ADA,A,blank,2025-12-21T14:00:00.000Z,2025-12-21T17:00:00.000Z,0.358221,0.365516,-1.43,-0.01285,stopp
ADA,B,blank,2025-12-21T20:00:00.000Z,2025-12-21T20:00:00.000Z,0.365017,0.362481,-0.05,-0.00048,mål EMA20
ADA,B,blank,2025-12-23T12:00:00.000Z,2025-12-23T12:00:00.000Z,0.367216,0.364682,-0.05,-0.00047,mål EMA20
ADA,B,blank,2025-12-24T12:00:00.000Z,2025-12-24T12:00:00.000Z,0.358621,0.359179,-0.50,-0.00441,mål EMA20
ADA,B,blank,2025-12-24T13:00:00.000Z,2025-12-24T13:00:00.000Z,0.358721,0.357078,-0.18,-0.00162,mål EMA20
ADA,B,blank,2025-12-24T23:00:00.000Z,2025-12-24T23:00:00.000Z,0.358221,0.356778,-0.22,-0.00195,mål EMA20
ADA,B,blank,2025-12-25T16:00:00.000Z,2025-12-25T16:00:00.000Z,0.357121,0.354277,-0.00,-0.00000,mål EMA20
ADA,A,blank,2025-12-26T00:00:00.000Z,2025-12-26T02:00:00.000Z,0.343228,0.352312,-1.33,-0.01166,stopp
ADA,B,blank,2025-12-27T03:00:00.000Z,2025-12-27T12:00:00.000Z,0.352624,0.358960,-1.49,-0.01288,stopp
ADA,B,blank,2025-12-30T09:00:00.000Z,2025-12-30T09:00:00.000Z,0.355122,0.355978,-0.52,-0.00445,mål EMA20
ADA,B,blank,2025-12-30T10:00:00.000Z,2025-12-30T10:00:00.000Z,0.355622,0.354177,-0.20,-0.00171,mål EMA20
ADA,B,blank,2025-12-31T03:00:00.000Z,2025-12-31T03:00:00.000Z,0.353023,0.351976,-0.31,-0.00262,mål EMA20
ADA,A,blank,2025-12-31T17:00:00.000Z,2026-01-01T09:00:00.000Z,0.333433,0.341203,-1.38,-0.01160,stopp
ADA,B,blank,2026-01-01T10:00:00.000Z,2026-01-01T14:00:00.000Z,0.338631,0.344419,-1.52,-0.01260,stopp
ADA,B,kop,2026-01-06T08:00:00.000Z,2026-01-06T09:00:00.000Z,0.415007,0.417391,-0.08,-0.00067,mål EMA20
ADA,A,kop,2026-01-13T15:00:00.000Z,2026-01-14T11:00:00.000Z,0.398499,0.414864,1.44,0.01181,släpande stopp
ADA,B,kop,2026-01-14T12:00:00.000Z,2026-01-14T14:00:00.000Z,0.414207,0.419390,0.19,0.00156,mål EMA20
ADA,B,kop,2026-01-17T22:00:00.000Z,2026-01-18T01:00:00.000Z,0.398899,0.392837,-1.57,-0.01307,stopp
ADA,A,kop,2026-01-21T16:00:00.000Z,2026-01-21T16:00:00.000Z,0.362681,0.353755,-1.35,-0.01102,stopp
ADA,B,blank,2026-01-26T01:00:00.000Z,2026-01-26T02:00:00.000Z,0.343728,0.346473,-0.73,-0.00592,mål EMA20
ADA,B,blank,2026-01-26T09:00:00.000Z,2026-01-26T09:00:00.000Z,0.348526,0.345573,0.02,0.00019,mål EMA20
ADA,B,blank,2026-01-26T14:00:00.000Z,2026-01-26T15:00:00.000Z,0.349425,0.356078,-1.46,-0.01172,stopp
ADA,B,blank,2026-01-30T19:00:00.000Z,2026-01-30T20:00:00.000Z,0.328736,0.323762,0.22,0.00170,mål EMA20
ADA,A,blank,2026-01-30T21:00:00.000Z,2026-01-31T19:00:00.000Z,0.323438,0.285477,3.29,0.02604,släpande stopp
ADA,B,blank,2026-02-01T05:00:00.000Z,2026-02-01T05:00:00.000Z,0.296851,0.295047,-0.05,-0.00043,mål EMA20
ADA,B,blank,2026-02-02T10:00:00.000Z,2026-02-02T21:00:00.000Z,0.292054,0.300950,-0.85,-0.00690,tid
ADA,A,blank,2026-02-03T19:00:00.000Z,2026-02-03T19:00:00.000Z,0.282159,0.293065,-1.23,-0.00994,stopp
ADA,B,blank,2026-02-04T20:00:00.000Z,2026-02-04T20:00:00.000Z,0.292354,0.289645,0.03,0.00026,mål EMA20
ADA,A,blank,2026-02-05T11:00:00.000Z,2026-02-06T01:00:00.000Z,0.272664,0.244122,2.33,0.01867,släpande stopp
ADA,B,blank,2026-02-06T06:00:00.000Z,2026-02-06T06:00:00.000Z,0.257771,0.254527,0.07,0.00058,mål EMA20
ADA,B,blank,2026-02-06T11:00:00.000Z,2026-02-06T16:00:00.000Z,0.261769,0.277070,-1.15,-0.00943,stopp
ADA,B,blank,2026-02-11T02:00:00.000Z,2026-02-11T02:00:00.000Z,0.263168,0.263031,-0.38,-0.00310,mål EMA20
ADA,B,blank,2026-02-12T04:00:00.000Z,2026-02-12T09:00:00.000Z,0.259070,0.265448,-1.36,-0.01095,stopp
ADA,A,blank,2026-02-15T13:00:00.000Z,2026-02-16T12:00:00.000Z,0.283458,0.287244,-0.70,-0.00560,tid
ADA,B,blank,2026-02-19T07:00:00.000Z,2026-02-19T07:00:00.000Z,0.276262,0.276538,-0.46,-0.00367,mål EMA20
ADA,B,blank,2026-02-19T08:00:00.000Z,2026-02-19T08:00:00.000Z,0.276262,0.274237,-0.03,-0.00027,mål EMA20
ADA,B,blank,2026-02-20T01:00:00.000Z,2026-02-20T04:00:00.000Z,0.273863,0.272636,-0.17,-0.00137,mål EMA20
ADA,A,blank,2026-02-23T02:00:00.000Z,2026-02-23T06:00:00.000Z,0.258371,0.263686,-1.43,-0.01121,stopp
ADA,B,blank,2026-02-23T07:00:00.000Z,2026-02-23T07:00:00.000Z,0.265967,0.266833,-0.57,-0.00440,mål EMA20
ADA,B,blank,2026-02-23T08:00:00.000Z,2026-02-23T08:00:00.000Z,0.266467,0.265233,-0.17,-0.00133,mål EMA20
ADA,B,blank,2026-02-24T16:00:00.000Z,2026-02-24T21:00:00.000Z,0.259570,0.259530,-0.36,-0.00277,mål EMA20
ADA,A,blank,2026-02-26T17:00:00.000Z,2026-02-27T04:00:00.000Z,0.283958,0.293845,-1.25,-0.00958,stopp
ADA,A,blank,2026-02-28T07:00:00.000Z,2026-02-28T07:00:00.000Z,0.262769,0.270376,-1.30,-0.00985,stopp
ADA,B,blank,2026-02-28T14:00:00.000Z,2026-02-28T14:00:00.000Z,0.269765,0.266533,0.13,0.00098,mål EMA20
ADA,B,blank,2026-02-28T19:00:00.000Z,2026-02-28T22:00:00.000Z,0.273963,0.282480,-1.28,-0.00957,stopp
ADA,A,blank,2026-03-01T21:00:00.000Z,2026-03-02T01:00:00.000Z,0.269765,0.278593,-1.27,-0.00935,stopp
ADA,B,blank,2026-03-03T17:00:00.000Z,2026-03-03T17:00:00.000Z,0.268166,0.267834,-0.23,-0.00170,mål EMA20
ADA,B,blank,2026-03-04T08:00:00.000Z,2026-03-04T08:00:00.000Z,0.264868,0.272403,-1.31,-0.00950,stopp
ADA,A,blank,2026-03-06T15:00:00.000Z,2026-03-07T14:00:00.000Z,0.258371,0.255828,0.07,0.00051,tid
ADA,B,blank,2026-03-08T10:00:00.000Z,2026-03-08T12:00:00.000Z,0.254073,0.254327,-0.55,-0.00398,mål EMA20
ADA,B,blank,2026-03-08T20:00:00.000Z,2026-03-08T21:00:00.000Z,0.253073,0.252326,-0.27,-0.00189,mål EMA20
ADA,B,blank,2026-03-15T00:00:00.000Z,2026-03-15T05:00:00.000Z,0.263268,0.267195,-1.59,-0.01134,stopp
ADA,A,blank,2026-03-18T12:00:00.000Z,2026-03-19T03:00:00.000Z,0.279360,0.276826,0.04,0.00030,släpande stopp
ADA,A,blank,2026-03-19T13:00:00.000Z,2026-03-20T01:00:00.000Z,0.264868,0.270800,-1.39,-0.00975,stopp
ADA,B,blank,2026-03-20T02:00:00.000Z,2026-03-20T09:00:00.000Z,0.269665,0.268734,-0.24,-0.00165,mål EMA20
ADA,B,blank,2026-03-20T23:00:00.000Z,2026-03-20T23:00:00.000Z,0.266767,0.266233,-0.32,-0.00218,mål EMA20
ADA,B,blank,2026-03-21T21:00:00.000Z,2026-03-21T22:00:00.000Z,0.266067,0.264932,-0.33,-0.00225,mål EMA20
ADA,A,blank,2026-03-22T00:00:00.000Z,2026-03-22T01:00:00.000Z,0.257171,0.257329,-0.55,-0.00373,släpande stopp
ADA,A,blank,2026-03-26T06:00:00.000Z,2026-03-27T05:00:00.000Z,0.262269,0.253727,1.40,0.00954,tid
ADA,A,blank,2026-03-27T11:00:00.000Z,2026-03-28T10:00:00.000Z,0.246077,0.248724,-0.92,-0.00636,tid
ADA,A,blank,2026-03-29T23:00:00.000Z,2026-03-30T00:00:00.000Z,0.238181,0.242867,-1.45,-0.00990,stopp
ADA,A,blank,2026-04-02T03:00:00.000Z,2026-04-03T02:00:00.000Z,0.240380,0.240320,-0.29,-0.00196,tid
ADA,B,blank,2026-04-03T03:00:00.000Z,2026-04-03T05:00:00.000Z,0.240080,0.244846,-1.44,-0.00970,stopp
ADA,A,blank,2026-04-05T11:00:00.000Z,2026-04-05T15:00:00.000Z,0.240480,0.243913,-1.62,-0.01074,stopp
ADA,A,blank,2026-04-08T15:00:00.000Z,2026-04-09T14:00:00.000Z,0.252374,0.250525,-0.03,-0.00019,tid
ADA,B,blank,2026-04-13T13:00:00.000Z,2026-04-13T15:00:00.000Z,0.240979,0.239520,-0.12,-0.00081,mål EMA20
ADA,A,blank,2026-04-14T19:00:00.000Z,2026-04-15T17:00:00.000Z,0.240380,0.246366,-1.35,-0.00880,stopp
ADA,A,blank,2026-04-18T12:00:00.000Z,2026-04-19T11:00:00.000Z,0.250875,0.247424,0.27,0.00172,tid
ADA,B,blank,2026-04-19T13:00:00.000Z,2026-04-19T16:00:00.000Z,0.247876,0.247023,-0.28,-0.00178,mål EMA20
ADA,B,blank,2026-04-20T04:00:00.000Z,2026-04-20T05:00:00.000Z,0.245777,0.244022,-0.05,-0.00030,mål EMA20
ADA,A,blank,2026-04-27T16:00:00.000Z,2026-04-28T05:00:00.000Z,0.244478,0.248642,-1.52,-0.00974,stopp
ADA,B,blank,2026-04-28T19:00:00.000Z,2026-04-28T22:00:00.000Z,0.246976,0.246823,-0.56,-0.00351,mål EMA20
ADA,B,blank,2026-04-30T01:00:00.000Z,2026-04-30T04:00:00.000Z,0.246477,0.245022,-0.12,-0.00075,mål EMA20
ADA,A,blank,2026-05-07T16:00:00.000Z,2026-05-08T14:00:00.000Z,0.261769,0.267265,-1.42,-0.00890,stopp
ADA,A,kop,2026-05-14T17:00:00.000Z,2026-05-14T20:00:00.000Z,0.272336,0.272536,-0.42,-0.00260,släpande stopp
ADA,B,blank,2026-05-23T15:00:00.000Z,2026-05-23T20:00:00.000Z,0.242679,0.246904,-1.51,-0.00928,stopp
ADA,A,blank,2026-05-24T22:00:00.000Z,2026-05-24T23:00:00.000Z,0.239180,0.242668,-1.61,-0.00975,stopp
ADA,B,blank,2026-05-27T01:00:00.000Z,2026-05-27T01:00:00.000Z,0.241579,0.240620,-0.26,-0.00154,mål EMA20
ADA,A,blank,2026-05-28T05:00:00.000Z,2026-05-28T18:00:00.000Z,0.231084,0.235987,-1.42,-0.00842,stopp
ADA,B,blank,2026-05-28T19:00:00.000Z,2026-05-28T22:00:00.000Z,0.236182,0.234317,-0.00,-0.00002,mål EMA20
ADA,A,blank,2026-06-01T12:00:00.000Z,2026-06-01T16:00:00.000Z,0.230185,0.230300,-0.49,-0.00288,släpande stopp
ADA,B,blank,2026-06-03T08:00:00.000Z,2026-06-03T11:00:00.000Z,0.217091,0.216308,-0.15,-0.00089,mål EMA20
ADA,A,blank,2026-06-03T20:00:00.000Z,2026-06-04T03:00:00.000Z,0.204698,0.197967,0.86,0.00501,släpande stopp
ADA,A,blank,2026-06-05T02:00:00.000Z,2026-06-06T01:00:00.000Z,0.172114,0.158679,1.57,0.00921,tid
ADA,A,blank,2026-06-06T05:00:00.000Z,2026-06-06T08:00:00.000Z,0.149825,0.159502,-1.14,-0.00679,stopp
ADA,B,blank,2026-06-06T09:00:00.000Z,2026-06-06T09:00:00.000Z,0.159420,0.156778,0.15,0.00088,mål EMA20
ADA,B,blank,2026-06-06T15:00:00.000Z,2026-06-06T17:00:00.000Z,0.160020,0.157779,0.12,0.00070,mål EMA20
ADA,B,blank,2026-06-07T02:00:00.000Z,2026-06-07T13:00:00.000Z,0.160920,0.161981,-0.37,-0.00221,tid
ADA,A,blank,2026-06-09T16:00:00.000Z,2026-06-09T19:00:00.000Z,0.162919,0.168441,-1.26,-0.00742,stopp
ADA,A,blank,2026-06-17T20:00:00.000Z,2026-06-18T19:00:00.000Z,0.165417,0.163081,0.20,0.00117,tid
ADA,B,blank,2026-06-19T02:00:00.000Z,2026-06-19T02:00:00.000Z,0.164518,0.164382,-0.32,-0.00185,mål EMA20
ADA,B,blank,2026-06-19T14:00:00.000Z,2026-06-19T14:00:00.000Z,0.162219,0.161881,-0.26,-0.00153,mål EMA20
ADA,B,blank,2026-06-20T05:00:00.000Z,2026-06-20T13:00:00.000Z,0.163018,0.161481,0.08,0.00047,mål EMA20
ADA,B,blank,2026-06-20T22:00:00.000Z,2026-06-21T02:00:00.000Z,0.162119,0.162381,-0.58,-0.00334,mål EMA20
ADA,B,blank,2026-06-21T16:00:00.000Z,2026-06-21T16:00:00.000Z,0.162319,0.161681,-0.28,-0.00159,mål EMA20
ADA,A,blank,2026-06-22T00:00:00.000Z,2026-06-22T00:00:00.000Z,0.156522,0.159499,-1.46,-0.00842,stopp
ADA,A,blank,2026-06-23T09:00:00.000Z,2026-06-24T08:00:00.000Z,0.152524,0.151276,0.01,0.00005,tid
ADA,A,blank,2026-06-24T14:00:00.000Z,2026-06-24T20:00:00.000Z,0.145227,0.144795,-0.19,-0.00110,släpande stopp
ADA,B,blank,2026-06-24T22:00:00.000Z,2026-06-25T09:00:00.000Z,0.147026,0.149275,-0.74,-0.00417,tid
ADA,A,blank,2026-06-25T14:00:00.000Z,2026-06-25T14:00:00.000Z,0.138931,0.143725,-1.25,-0.00705,stopp
ADA,B,kop,2026-07-04T03:00:00.000Z,2026-07-04T03:00:00.000Z,0.177389,0.176911,-0.35,-0.00197,mål EMA20
ADA,B,kop,2026-07-04T04:00:00.000Z,2026-07-04T04:00:00.000Z,0.177189,0.179310,0.13,0.00074,mål EMA20
ADA,A,kop,2026-07-04T16:00:00.000Z,2026-07-04T20:00:00.000Z,0.190995,0.191117,-0.24,-0.00133,släpande stopp
ADA,B,kop,2026-07-05T06:00:00.000Z,2026-07-05T06:00:00.000Z,0.189094,0.189905,-0.11,-0.00060,mål EMA20
ADA,B,kop,2026-07-05T21:00:00.000Z,2026-07-05T21:00:00.000Z,0.188594,0.190205,0.02,0.00010,mål EMA20
ADA,B,kop,2026-07-06T04:00:00.000Z,2026-07-06T07:00:00.000Z,0.188194,0.183063,-1.31,-0.00724,stopp
ADA,B,kop,2026-07-11T23:00:00.000Z,2026-07-11T23:00:00.000Z,0.168784,0.165698,-1.47,-0.00802,stopp
ADA,A,kop,2026-07-14T14:00:00.000Z,2026-07-14T17:00:00.000Z,0.163782,0.163733,-0.43,-0.00233,släpande stopp
ADA,B,kop,2026-07-15T03:00:00.000Z,2026-07-15T03:00:00.000Z,0.162881,0.164018,-0.05,-0.00028,mål EMA20
ADA,B,kop,2026-07-15T17:00:00.000Z,2026-07-15T17:00:00.000Z,0.163682,0.164818,-0.05,-0.00026,mål EMA20
ADA,B,kop,2026-07-16T07:00:00.000Z,2026-07-16T13:00:00.000Z,0.164182,0.163918,-0.51,-0.00271,mål EMA20
ADA,A,kop,2026-07-17T17:00:00.000Z,2026-07-18T16:00:00.000Z,0.166183,0.164218,-0.89,-0.00474,tid
ADA,A,kop,2026-07-21T06:00:00.000Z,2026-07-22T05:00:00.000Z,0.175788,0.171414,-1.24,-0.00652,tid
ADA,A,kop,2026-07-22T17:00:00.000Z,2026-07-22T18:00:00.000Z,0.179990,0.175660,-1.36,-0.00705,stopp
ADA,A,kop,2026-07-29T19:00:00.000Z,2026-07-29T19:00:00.000Z,0.168084,0.164169,-1.37,-0.00701,stopp
ADA,A,kop,2026-07-30T14:00:00.000Z,2026-07-30T16:00:00.000Z,0.168284,0.170176,0.15,0.00075,släpande stopp
ADA,B,kop,2026-07-31T00:00:00.000Z,2026-07-31T00:00:00.000Z,0.169785,0.169515,-0.39,-0.00195,mål EMA20
ADA,B,kop,2026-07-31T01:00:00.000Z,2026-07-31T01:00:00.000Z,0.169785,0.169715,-0.35,-0.00176,mål EMA20
ADA,B,kop,2026-07-31T15:00:00.000Z,2026-07-31T16:00:00.000Z,0.167884,0.170815,0.40,0.00201,mål EMA20
ADA,A,kop,2026-08-01T12:00:00.000Z,2026-08-01T14:00:00.000Z,0.173387,0.173300,-0.43,-0.00219,släpande stopp
ADA,A,kop,2026-08-02T03:00:00.000Z,2026-08-03T01:00:00.000Z,0.180190,0.186172,1.00,0.00504,släpande stopp
ADA,B,kop,2026-08-03T02:00:00.000Z,2026-08-03T02:00:00.000Z,0.185793,0.187006,-0.06,-0.00029,mål EMA20
ADA,A,kop,2026-08-03T14:00:00.000Z,2026-08-04T13:00:00.000Z,0.194697,0.191804,-0.80,-0.00404,tid
ADA,B,kop,2026-08-04T14:00:00.000Z,2026-08-04T20:00:00.000Z,0.191996,0.193003,-0.10,-0.00048,mål EMA20
ADA,B,kop,2026-08-05T01:00:00.000Z,2026-08-05T07:00:00.000Z,0.191496,0.193803,0.17,0.00084,mål EMA20
ADA,A,kop,2026-08-06T15:00:00.000Z,2026-08-06T19:00:00.000Z,0.200400,0.202658,0.11,0.00058,släpande stopp
ADA,B,kop,2026-08-07T14:00:00.000Z,2026-08-07T15:00:00.000Z,0.199400,0.200800,-0.04,-0.00018,mål EMA20
ADA,B,kop,2026-08-08T07:00:00.000Z,2026-08-08T13:00:00.000Z,0.200000,0.200100,-0.36,-0.00180,mål EMA20
ADA,A,kop,2026-08-19T16:00:00.000Z,2026-08-19T23:00:00.000Z,0.179690,0.186022,1.34,0.00675,släpande stopp
ADA,B,kop,2026-08-20T04:00:00.000Z,2026-08-20T04:00:00.000Z,0.182391,0.183408,-0.08,-0.00043,mål EMA20
ADA,A,kop,2026-08-20T12:00:00.000Z,2026-08-20T19:00:00.000Z,0.193197,0.195107,0.06,0.00031,släpande stopp
ADA,A,kop,2026-08-21T01:00:00.000Z,2026-08-22T00:00:00.000Z,0.204602,0.229085,3.07,0.01564,tid
ADA,B,kop,2026-08-22T11:00:00.000Z,2026-08-22T16:00:00.000Z,0.222611,0.226287,0.11,0.00056,mål EMA20
ADA,A,kop,2026-08-31T19:00:00.000Z,2026-09-01T18:00:00.000Z,0.200000,0.194720,-1.32,-0.00695,stopp
ADA,A,kop,2026-09-03T09:00:00.000Z,2026-09-04T08:00:00.000Z,0.208304,0.222789,2.27,0.01175,tid
ADA,B,kop,2026-09-04T13:00:00.000Z,2026-09-05T00:00:00.000Z,0.214707,0.210295,-0.85,-0.00453,tid
ADA,A,kop,2026-09-05T18:00:00.000Z,2026-09-06T14:00:00.000Z,0.221311,0.216477,-1.39,-0.00732,stopp
ADA,B,kop,2026-09-06T15:00:00.000Z,2026-09-06T18:00:00.000Z,0.217709,0.219890,0.09,0.00045,mål EMA20
ADA,A,kop,2026-09-08T16:00:00.000Z,2026-09-08T18:00:00.000Z,0.229415,0.222352,-1.28,-0.00661,stopp
ADA,A,kop,2026-09-11T14:00:00.000Z,2026-09-11T15:00:00.000Z,0.214507,0.207538,-1.26,-0.00645,stopp
ADA,A,kop,2026-09-14T08:00:00.000Z,2026-09-14T21:00:00.000Z,0.210805,0.210700,-0.42,-0.00215,släpande stopp
ADA,A,kop,2026-09-18T02:00:00.000Z,2026-09-19T01:00:00.000Z,0.209705,0.229085,3.62,0.01824,tid
ADA,A,kop,2026-09-19T03:00:00.000Z,2026-09-19T04:00:00.000Z,0.234817,0.228027,-1.29,-0.00675,stopp
ADA,B,kop,2026-09-19T08:00:00.000Z,2026-09-19T08:00:00.000Z,0.221811,0.223888,0.04,0.00022,mål EMA20
ADA,B,kop,2026-09-19T22:00:00.000Z,2026-09-19T22:00:00.000Z,0.227314,0.227986,-0.20,-0.00101,mål EMA20
ADA,A,kop,2026-09-21T09:00:00.000Z,2026-09-22T05:00:00.000Z,0.237319,0.241603,0.33,0.00167,släpande stopp
ADA,A,kop,2026-09-22T14:00:00.000Z,2026-09-23T13:00:00.000Z,0.253527,0.248476,-0.77,-0.00398,tid
ADA,B,kop,2026-09-23T14:00:00.000Z,2026-09-23T14:00:00.000Z,0.248624,0.239978,-1.24,-0.00636,stopp
ADA,A,kop,2026-09-24T16:00:00.000Z,2026-09-25T15:00:00.000Z,0.249225,0.253973,0.31,0.00158,tid
ADA,B,kop,2026-09-25T22:00:00.000Z,2026-09-25T22:00:00.000Z,0.253327,0.257471,0.28,0.00143,mål EMA20
ADA,A,kop,2026-09-25T23:00:00.000Z,2026-09-26T20:00:00.000Z,0.257629,0.249584,-1.27,-0.00646,stopp
DOGE,B,blank,2025-09-28T15:00:00.000Z,2025-09-28T20:00:00.000Z,0.229005,0.232381,-1.60,-0.01602,stopp
DOGE,B,blank,2025-09-30T19:00:00.000Z,2025-10-01T03:00:00.000Z,0.230845,0.230865,-0.43,-0.00423,mål EMA20
DOGE,B,blank,2025-10-04T23:00:00.000Z,2025-10-04T23:00:00.000Z,0.250135,0.250965,-0.68,-0.00669,mål EMA20
DOGE,B,blank,2025-10-05T00:00:00.000Z,2025-10-05T00:00:00.000Z,0.250725,0.249815,-0.27,-0.00265,mål EMA20
DOGE,A,blank,2025-10-07T15:00:00.000Z,2025-10-08T11:00:00.000Z,0.254663,0.250423,0.32,0.00308,släpande stopp
DOGE,B,blank,2025-10-08T14:00:00.000Z,2025-10-08T17:00:00.000Z,0.252754,0.258975,-1.36,-0.01321,stopp
DOGE,A,blank,2025-10-09T03:00:00.000Z,2025-10-10T02:00:00.000Z,0.247156,0.248704,-0.55,-0.00532,tid
DOGE,A,blank,2025-10-10T16:00:00.000Z,2025-10-10T22:00:00.000Z,0.237751,0.186243,6.74,0.06432,släpande stopp
DOGE,B,blank,2025-10-11T18:00:00.000Z,2025-10-11T18:00:00.000Z,0.193493,0.192226,-0.02,-0.00019,mål EMA20
DOGE,B,blank,2025-10-12T05:00:00.000Z,2025-10-12T05:00:00.000Z,0.187896,0.188714,-0.21,-0.00214,mål EMA20
DOGE,B,blank,2025-10-12T06:00:00.000Z,2025-10-12T08:00:00.000Z,0.188526,0.188854,-0.17,-0.00176,mål EMA20
DOGE,A,blank,2025-10-14T07:00:00.000Z,2025-10-14T16:00:00.000Z,0.198681,0.207103,-1.21,-0.01226,stopp
DOGE,B,blank,2025-10-17T04:00:00.000Z,2025-10-17T04:00:00.000Z,0.190235,0.189405,-0.11,-0.00108,mål EMA20
DOGE,B,blank,2025-10-17T22:00:00.000Z,2025-10-17T23:00:00.000Z,0.187256,0.184792,0.15,0.00154,mål EMA20
DOGE,B,blank,2025-10-21T14:00:00.000Z,2025-10-21T14:00:00.000Z,0.194793,0.198903,-1.42,-0.01422,stopp
DOGE,B,blank,2025-10-22T14:00:00.000Z,2025-10-22T14:00:00.000Z,0.192264,0.192476,-0.35,-0.00345,mål EMA20
DOGE,B,blank,2025-10-22T15:00:00.000Z,2025-10-22T15:00:00.000Z,0.192284,0.192226,-0.28,-0.00276,mål EMA20
DOGE,B,blank,2025-10-23T04:00:00.000Z,2025-10-23T10:00:00.000Z,0.190974,0.195776,-1.35,-0.01327,stopp
DOGE,B,blank,2025-10-29T12:00:00.000Z,2025-10-29T13:00:00.000Z,0.195312,0.194057,-0.09,-0.00083,mål EMA20
DOGE,A,blank,2025-10-30T13:00:00.000Z,2025-10-31T00:00:00.000Z,0.184058,0.183113,-0.09,-0.00091,släpande stopp
DOGE,B,blank,2025-10-31T01:00:00.000Z,2025-10-31T02:00:00.000Z,0.184388,0.184212,-0.24,-0.00236,mål EMA20
DOGE,B,blank,2025-10-31T12:00:00.000Z,2025-10-31T16:00:00.000Z,0.186637,0.183642,0.38,0.00363,mål EMA20
DOGE,A,blank,2025-11-03T04:00:00.000Z,2025-11-03T16:00:00.000Z,0.175042,0.168047,1.38,0.01337,släpande stopp
DOGE,A,blank,2025-11-04T18:00:00.000Z,2025-11-05T14:00:00.000Z,0.159150,0.166884,-1.18,-0.01161,stopp
DOGE,A,blank,2025-11-06T16:00:00.000Z,2025-11-07T02:00:00.000Z,0.159070,0.163694,-1.30,-0.01265,stopp
DOGE,B,blank,2025-11-12T10:00:00.000Z,2025-11-12T15:00:00.000Z,0.175052,0.171446,0.60,0.00573,mål EMA20
DOGE,A,blank,2025-11-13T19:00:00.000Z,2025-11-14T18:00:00.000Z,0.162609,0.161611,-0.05,-0.00053,tid
DOGE,B,blank,2025-11-15T04:00:00.000Z,2025-11-15T08:00:00.000Z,0.162809,0.161191,0.06,0.00054,mål EMA20
DOGE,B,blank,2025-11-15T14:00:00.000Z,2025-11-15T20:00:00.000Z,0.163418,0.162721,-0.15,-0.00140,mål EMA20
DOGE,A,blank,2025-11-16T17:00:00.000Z,2025-11-17T00:00:00.000Z,0.156232,0.160258,-1.34,-0.01291,stopp
DOGE,B,blank,2025-11-17T01:00:00.000Z,2025-11-17T01:00:00.000Z,0.159900,0.159110,-0.10,-0.00092,mål EMA20
DOGE,B,blank,2025-11-18T05:00:00.000Z,2025-11-18T05:00:00.000Z,0.155112,0.154747,-0.15,-0.00143,mål EMA20
DOGE,B,blank,2025-11-18T09:00:00.000Z,2025-11-18T19:00:00.000Z,0.157221,0.162784,-1.25,-0.01183,stopp
DOGE,A,blank,2025-11-19T16:00:00.000Z,2025-11-19T21:00:00.000Z,0.154423,0.153107,0.02,0.00019,släpande stopp
DOGE,B,blank,2025-11-19T22:00:00.000Z,2025-11-19T22:00:00.000Z,0.154083,0.153237,-0.08,-0.00070,mål EMA20
DOGE,B,blank,2025-11-20T02:00:00.000Z,2025-11-20T13:00:00.000Z,0.156212,0.157889,-0.62,-0.00576,tid
DOGE,A,blank,2025-11-20T19:00:00.000Z,2025-11-20T22:00:00.000Z,0.147256,0.152377,-1.25,-0.01164,stopp
DOGE,A,blank,2025-11-21T08:00:00.000Z,2025-11-21T13:00:00.000Z,0.140280,0.140350,-0.18,-0.00165,släpande stopp
DOGE,B,blank,2025-11-22T23:00:00.000Z,2025-11-23T10:00:00.000Z,0.141379,0.143912,-0.77,-0.00709,tid
DOGE,B,blank,2025-11-30T10:00:00.000Z,2025-11-30T10:00:00.000Z,0.149535,0.149064,-0.39,-0.00352,mål EMA20
DOGE,A,blank,2025-12-01T01:00:00.000Z,2025-12-01T22:00:00.000Z,0.138841,0.135690,0.62,0.00566,släpande stopp
DOGE,B,blank,2025-12-01T23:00:00.000Z,2025-12-01T23:00:00.000Z,0.135772,0.135538,-0.27,-0.00250,mål EMA20
DOGE,B,blank,2025-12-02T04:00:00.000Z,2025-12-02T04:00:00.000Z,0.136272,0.136058,-0.29,-0.00266,mål EMA20
DOGE,B,blank,2025-12-02T13:00:00.000Z,2025-12-02T14:00:00.000Z,0.137161,0.139783,-1.46,-0.01324,stopp
DOGE,A,blank,2025-12-05T17:00:00.000Z,2025-12-06T16:00:00.000Z,0.138701,0.139820,-0.67,-0.00599,tid
DOGE,A,blank,2025-12-11T04:00:00.000Z,2025-12-11T21:00:00.000Z,0.138021,0.142029,-1.30,-0.01155,stopp
DOGE,A,blank,2025-12-12T17:00:00.000Z,2025-12-13T08:00:00.000Z,0.135242,0.138304,-1.39,-0.01215,stopp
DOGE,B,blank,2025-12-13T09:00:00.000Z,2025-12-13T20:00:00.000Z,0.138331,0.138839,-0.86,-0.00742,tid
DOGE,A,blank,2025-12-14T18:00:00.000Z,2025-12-15T01:00:00.000Z,0.133783,0.135844,-1.58,-0.01348,stopp
DOGE,B,blank,2025-12-15T02:00:00.000Z,2025-12-15T13:00:00.000Z,0.136332,0.136448,-0.51,-0.00431,mål EMA20
DOGE,B,blank,2025-12-16T07:00:00.000Z,2025-12-16T07:00:00.000Z,0.129875,0.128494,0.13,0.00105,mål EMA20
DOGE,B,blank,2025-12-16T11:00:00.000Z,2025-12-16T13:00:00.000Z,0.130805,0.129895,-0.05,-0.00040,mål EMA20
DOGE,A,blank,2025-12-17T18:00:00.000Z,2025-12-18T15:00:00.000Z,0.126637,0.130665,-1.28,-0.01070,stopp
DOGE,A,blank,2025-12-18T20:00:00.000Z,2025-12-19T03:00:00.000Z,0.120190,0.124537,-1.24,-0.01029,stopp
DOGE,B,blank,2025-12-19T04:00:00.000Z,2025-12-19T14:00:00.000Z,0.125447,0.129651,-1.26,-0.01032,stopp
DOGE,A,blank,2025-12-23T18:00:00.000Z,2025-12-24T17:00:00.000Z,0.128316,0.128024,-0.26,-0.00212,tid
DOGE,B,blank,2025-12-24T23:00:00.000Z,2025-12-25T00:00:00.000Z,0.129145,0.128034,0.04,0.00034,mål EMA20
DOGE,B,blank,2025-12-25T16:00:00.000Z,2025-12-25T16:00:00.000Z,0.127556,0.127144,-0.33,-0.00267,mål EMA20
DOGE,A,blank,2025-12-25T23:00:00.000Z,2025-12-26T02:00:00.000Z,0.123958,0.126059,-1.52,-0.01221,stopp
DOGE,B,blank,2025-12-26T03:00:00.000Z,2025-12-26T03:00:00.000Z,0.126227,0.126103,-0.37,-0.00289,mål EMA20
DOGE,B,blank,2025-12-27T02:00:00.000Z,2025-12-27T02:00:00.000Z,0.122619,0.122711,-0.58,-0.00460,mål EMA20
DOGE,B,blank,2025-12-27T04:00:00.000Z,2025-12-27T04:00:00.000Z,0.123238,0.122871,-0.35,-0.00271,mål EMA20
DOGE,B,blank,2025-12-27T22:00:00.000Z,2025-12-27T23:00:00.000Z,0.123538,0.124792,-1.89,-0.01419,stopp
DOGE,A,blank,2025-12-31T17:00:00.000Z,2026-01-01T01:00:00.000Z,0.118931,0.118508,-0.24,-0.00185,släpande stopp
DOGE,B,blank,2026-01-01T02:00:00.000Z,2026-01-01T02:00:00.000Z,0.118481,0.118619,-0.59,-0.00452,mål EMA20
DOGE,B,blank,2026-01-01T03:00:00.000Z,2026-01-01T03:00:00.000Z,0.118511,0.118359,-0.45,-0.00341,mål EMA20
DOGE,B,blank,2026-01-01T09:00:00.000Z,2026-01-01T15:00:00.000Z,0.120330,0.122087,-1.61,-0.01216,stopp
DOGE,B,kop,2026-01-03T08:00:00.000Z,2026-01-03T08:00:00.000Z,0.140080,0.140800,-0.09,-0.00069,mål EMA20
DOGE,B,kop,2026-01-03T17:00:00.000Z,2026-01-03T17:00:00.000Z,0.141271,0.141509,-0.26,-0.00196,mål EMA20
DOGE,B,kop,2026-01-04T20:00:00.000Z,2026-01-05T00:00:00.000Z,0.149945,0.150395,-0.19,-0.00144,mål EMA20
DOGE,B,kop,2026-01-05T09:00:00.000Z,2026-01-05T10:00:00.000Z,0.149305,0.145790,-1.36,-0.01009,stopp
DOGE,B,kop,2026-01-06T08:00:00.000Z,2026-01-06T12:00:00.000Z,0.149655,0.151754,0.22,0.00160,mål EMA20
DOGE,A,kop,2026-01-13T16:00:00.000Z,2026-01-14T10:00:00.000Z,0.142201,0.147060,1.27,0.00932,släpande stopp
DOGE,B,kop,2026-01-14T12:00:00.000Z,2026-01-14T12:00:00.000Z,0.146063,0.146557,-0.22,-0.00166,mål EMA20
DOGE,B,blank,2026-01-21T02:00:00.000Z,2026-01-21T06:00:00.000Z,0.125717,0.125383,-0.27,-0.00197,mål EMA20
DOGE,B,blank,2026-01-21T15:00:00.000Z,2026-01-21T16:00:00.000Z,0.125767,0.120840,1.50,0.01109,mål EMA20
DOGE,B,blank,2026-01-23T02:00:00.000Z,2026-01-23T02:00:00.000Z,0.125227,0.124832,-0.27,-0.00205,mål EMA20
DOGE,B,blank,2026-01-24T22:00:00.000Z,2026-01-24T23:00:00.000Z,0.124268,0.124292,-0.83,-0.00612,mål EMA20
DOGE,A,blank,2026-01-25T19:00:00.000Z,2026-01-26T00:00:00.000Z,0.120130,0.120186,-0.59,-0.00439,släpande stopp
DOGE,B,blank,2026-01-26T02:00:00.000Z,2026-01-26T03:00:00.000Z,0.122469,0.121381,0.05,0.00035,mål EMA20
DOGE,B,blank,2026-01-30T18:00:00.000Z,2026-01-30T20:00:00.000Z,0.116252,0.115878,-0.17,-0.00128,mål EMA20
DOGE,A,blank,2026-01-31T09:00:00.000Z,2026-01-31T19:00:00.000Z,0.111574,0.101621,3.13,0.02304,släpande stopp
DOGE,B,blank,2026-02-01T01:00:00.000Z,2026-02-01T01:00:00.000Z,0.104858,0.104952,-0.21,-0.00156,mål EMA20
DOGE,B,blank,2026-02-01T02:00:00.000Z,2026-02-01T02:00:00.000Z,0.104858,0.105183,-0.26,-0.00200,mål EMA20
DOGE,B,blank,2026-02-01T03:00:00.000Z,2026-02-01T03:00:00.000Z,0.105077,0.105002,-0.18,-0.00137,mål EMA20
DOGE,B,blank,2026-02-02T11:00:00.000Z,2026-02-02T15:00:00.000Z,0.104848,0.109741,-1.19,-0.00895,stopp
DOGE,A,blank,2026-02-03T19:00:00.000Z,2026-02-03T19:00:00.000Z,0.102449,0.106716,-1.21,-0.00901,stopp
DOGE,B,blank,2026-02-04T20:00:00.000Z,2026-02-04T20:00:00.000Z,0.105297,0.104582,-0.03,-0.00023,mål EMA20
DOGE,B,blank,2026-02-06T06:00:00.000Z,2026-02-06T06:00:00.000Z,0.0930834,0.0915057,0.14,0.00105,mål EMA20
DOGE,B,blank,2026-02-06T11:00:00.000Z,2026-02-06T16:00:00.000Z,0.0936232,0.0988103,-1.16,-0.00853,stopp
DOGE,B,blank,2026-02-07T13:00:00.000Z,2026-02-07T13:00:00.000Z,0.0968615,0.0961881,-0.03,-0.00022,mål EMA20
DOGE,B,blank,2026-02-09T17:00:00.000Z,2026-02-10T03:00:00.000Z,0.0954922,0.0949174,-0.07,-0.00051,mål EMA20
DOGE,B,blank,2026-02-11T19:00:00.000Z,2026-02-12T06:00:00.000Z,0.0910445,0.0927263,-0.94,-0.00679,tid
DOGE,B,blank,2026-02-17T14:00:00.000Z,2026-02-17T14:00:00.000Z,0.100500,0.0991095,0.26,0.00188,mål EMA20
DOGE,B,blank,2026-02-20T01:00:00.000Z,2026-02-20T11:00:00.000Z,0.0986407,0.0985292,-0.32,-0.00229,mål EMA20
DOGE,B,blank,2026-02-23T07:00:00.000Z,2026-02-23T09:00:00.000Z,0.0945627,0.0964713,-1.44,-0.01033,stopp
DOGE,B,blank,2026-02-24T17:00:00.000Z,2026-02-24T17:00:00.000Z,0.0920340,0.0917158,-0.20,-0.00139,mål EMA20
DOGE,A,blank,2026-02-26T17:00:00.000Z,2026-02-27T04:00:00.000Z,0.0956821,0.0986695,-1.28,-0.00907,stopp
DOGE,A,blank,2026-02-28T07:00:00.000Z,2026-02-28T13:00:00.000Z,0.0886157,0.0908569,-1.35,-0.00941,stopp
DOGE,B,blank,2026-02-28T14:00:00.000Z,2026-02-28T14:00:00.000Z,0.0914343,0.0903151,0.15,0.00103,mål EMA20
DOGE,B,blank,2026-02-28T19:00:00.000Z,2026-02-28T22:00:00.000Z,0.0920939,0.0948333,-1.30,-0.00894,stopp
DOGE,B,blank,2026-03-02T01:00:00.000Z,2026-03-02T02:00:00.000Z,0.0929935,0.0927564,-0.18,-0.00123,mål EMA20
DOGE,A,blank,2026-03-03T10:00:00.000Z,2026-03-03T16:00:00.000Z,0.0896152,0.0920805,-1.32,-0.00897,stopp
DOGE,B,blank,2026-03-04T08:00:00.000Z,2026-03-04T08:00:00.000Z,0.0901049,0.0925352,-1.33,-0.00890,stopp
DOGE,B,blank,2026-03-06T23:00:00.000Z,2026-03-06T23:00:00.000Z,0.0912344,0.0913356,-0.45,-0.00299,mål EMA20
DOGE,B,blank,2026-03-07T00:00:00.000Z,2026-03-07T00:00:00.000Z,0.0912444,0.0914557,-0.54,-0.00355,mål EMA20
DOGE,B,blank,2026-03-07T01:00:00.000Z,2026-03-07T01:00:00.000Z,0.0913543,0.0915858,-0.58,-0.00377,mål EMA20
DOGE,B,blank,2026-03-07T02:00:00.000Z,2026-03-07T02:00:00.000Z,0.0915042,0.0916658,-0.55,-0.00360,mål EMA20
DOGE,B,blank,2026-03-08T10:00:00.000Z,2026-03-08T10:00:00.000Z,0.0898950,0.0912036,-1.61,-0.01043,stopp
DOGE,B,blank,2026-03-08T11:00:00.000Z,2026-03-08T11:00:00.000Z,0.0904747,0.0893947,0.26,0.00168,mål EMA20
DOGE,B,blank,2026-03-08T21:00:00.000Z,2026-03-08T23:00:00.000Z,0.0896651,0.0891946,-0.15,-0.00099,mål EMA20
DOGE,B,blank,2026-03-14T23:00:00.000Z,2026-03-15T02:00:00.000Z,0.0950924,0.0965260,-1.59,-0.01014,stopp
DOGE,A,blank,2026-03-18T13:00:00.000Z,2026-03-19T03:00:00.000Z,0.0958920,0.0956665,-0.23,-0.00142,släpande stopp
DOGE,B,blank,2026-03-19T22:00:00.000Z,2026-03-19T22:00:00.000Z,0.0936032,0.0933466,-0.26,-0.00163,mål EMA20
DOGE,B,blank,2026-03-20T02:00:00.000Z,2026-03-20T09:00:00.000Z,0.0942129,0.0939570,-0.29,-0.00181,mål EMA20
DOGE,B,blank,2026-03-20T23:00:00.000Z,2026-03-21T01:00:00.000Z,0.0943228,0.0940370,-0.27,-0.00169,mål EMA20
DOGE,B,blank,2026-03-23T03:00:00.000Z,2026-03-23T03:00:00.000Z,0.0909745,0.0906853,-0.28,-0.00176,mål EMA20
DOGE,A,blank,2026-03-26T06:00:00.000Z,2026-03-26T20:00:00.000Z,0.0926936,0.0924068,-0.27,-0.00168,släpande stopp
DOGE,B,blank,2026-03-26T21:00:00.000Z,2026-03-26T21:00:00.000Z,0.0917241,0.0923662,-0.87,-0.00538,mål EMA20
DOGE,B,blank,2026-03-26T22:00:00.000Z,2026-03-26T22:00:00.000Z,0.0922638,0.0921961,-0.41,-0.00253,mål EMA20
DOGE,B,blank,2026-03-28T01:00:00.000Z,2026-03-28T01:00:00.000Z,0.0902349,0.0904352,-0.70,-0.00425,mål EMA20
DOGE,B,blank,2026-03-28T02:00:00.000Z,2026-03-28T02:00:00.000Z,0.0903448,0.0902751,-0.50,-0.00302,mål EMA20
DOGE,B,blank,2026-03-28T08:00:00.000Z,2026-03-28T13:00:00.000Z,0.0911544,0.0924554,-1.62,-0.00978,stopp
DOGE,B,blank,2026-03-29T21:00:00.000Z,2026-03-29T22:00:00.000Z,0.0909745,0.0900350,0.18,0.00107,mål EMA20
DOGE,B,blank,2026-03-31T14:00:00.000Z,2026-03-31T14:00:00.000Z,0.0911644,0.0905052,-0.04,-0.00024,mål EMA20
DOGE,B,blank,2026-04-03T04:00:00.000Z,2026-04-03T12:00:00.000Z,0.0905647,0.0919438,-1.58,-0.00940,stopp
DOGE,B,blank,2026-04-07T10:00:00.000Z,2026-04-07T10:00:00.000Z,0.0912444,0.0905953,-0.07,-0.00042,mål EMA20
DOGE,A,blank,2026-04-09T00:00:00.000Z,2026-04-09T20:00:00.000Z,0.0923538,0.0939427,-1.51,-0.00885,stopp
DOGE,A,blank,2026-04-18T09:00:00.000Z,2026-04-19T08:00:00.000Z,0.0970315,0.0941571,1.02,0.00590,tid
DOGE,B,blank,2026-04-19T14:00:00.000Z,2026-04-19T16:00:00.000Z,0.0953023,0.0946173,-0.05,-0.00026,mål EMA20
DOGE,B,blank,2026-04-20T05:00:00.000Z,2026-04-20T05:00:00.000Z,0.0945527,0.0939970,-0.12,-0.00072,mål EMA20
DOGE,B,blank,2026-04-20T13:00:00.000Z,2026-04-20T14:00:00.000Z,0.0947926,0.0944272,-0.25,-0.00148,mål EMA20
DOGE,A,blank,2026-04-27T16:00:00.000Z,2026-04-27T23:00:00.000Z,0.0971814,0.0988122,-1.53,-0.00884,stopp
DOGE,A,kop,2026-04-30T01:00:00.000Z,2026-05-01T00:00:00.000Z,0.107994,0.107526,-0.35,-0.00202,tid
DOGE,A,kop,2026-05-01T02:00:00.000Z,2026-05-02T01:00:00.000Z,0.109085,0.108586,-0.53,-0.00300,tid
DOGE,B,kop,2026-05-02T04:00:00.000Z,2026-05-02T13:00:00.000Z,0.108224,0.108546,-0.29,-0.00165,mål EMA20
DOGE,B,kop,2026-05-03T01:00:00.000Z,2026-05-03T09:00:00.000Z,0.108274,0.108116,-0.74,-0.00415,mål EMA20
DOGE,A,kop,2026-05-04T02:00:00.000Z,2026-05-04T10:00:00.000Z,0.112586,0.110410,-1.45,-0.00809,stopp
DOGE,B,kop,2026-05-04T11:00:00.000Z,2026-05-04T13:00:00.000Z,0.110345,0.110665,-0.23,-0.00127,mål EMA20
DOGE,A,kop,2026-05-05T14:00:00.000Z,2026-05-06T13:00:00.000Z,0.112466,0.114268,0.54,0.00296,släpande stopp
DOGE,B,kop,2026-05-09T11:00:00.000Z,2026-05-09T15:00:00.000Z,0.109735,0.108057,-1.57,-0.00868,stopp
DOGE,A,kop,2026-05-10T19:00:00.000Z,2026-05-10T20:00:00.000Z,0.111076,0.109535,-1.63,-0.00887,stopp
DOGE,B,kop,2026-05-12T02:00:00.000Z,2026-05-12T02:00:00.000Z,0.110895,0.110735,-0.49,-0.00262,mål EMA20
DOGE,B,kop,2026-05-12T03:00:00.000Z,2026-05-12T11:00:00.000Z,0.110835,0.108652,-1.44,-0.00766,stopp
DOGE,A,kop,2026-05-13T10:00:00.000Z,2026-05-13T12:00:00.000Z,0.114337,0.112260,-1.48,-0.00775,stopp
DOGE,A,kop,2026-05-14T13:00:00.000Z,2026-05-14T20:00:00.000Z,0.115348,0.115290,-0.34,-0.00177,släpande stopp
DOGE,B,kop,2026-05-15T05:00:00.000Z,2026-05-15T08:00:00.000Z,0.114407,0.115222,-0.03,-0.00017,mål EMA20
DOGE,A,kop,2026-05-17T13:00:00.000Z,2026-05-17T15:00:00.000Z,0.112116,0.110376,-1.56,-0.00804,stopp
DOGE,A,kop,2026-05-21T18:00:00.000Z,2026-05-22T17:00:00.000Z,0.106233,0.105407,-0.87,-0.00440,tid
DOGE,A,kop,2026-05-23T21:00:00.000Z,2026-05-23T22:00:00.000Z,0.104892,0.102767,-1.43,-0.00717,stopp
DOGE,B,blank,2026-05-31T22:00:00.000Z,2026-06-01T01:00:00.000Z,0.100280,0.0999099,-0.40,-0.00200,mål EMA20
DOGE,A,blank,2026-06-04T02:00:00.000Z,2026-06-04T03:00:00.000Z,0.0884757,0.0913357,-1.27,-0.00628,stopp
DOGE,A,blank,2026-06-05T03:00:00.000Z,2026-06-06T02:00:00.000Z,0.0861769,0.0815107,1.46,0.00712,tid
DOGE,A,blank,2026-06-06T05:00:00.000Z,2026-06-06T08:00:00.000Z,0.0785907,0.0823651,-1.18,-0.00585,stopp
DOGE,B,blank,2026-06-07T00:00:00.000Z,2026-06-07T06:00:00.000Z,0.0818790,0.0843586,-1.29,-0.00631,stopp
DOGE,B,blank,2026-06-14T21:00:00.000Z,2026-06-14T21:00:00.000Z,0.0866067,0.0876904,-1.71,-0.00826,stopp
DOGE,B,blank,2026-06-17T16:00:00.000Z,2026-06-17T19:00:00.000Z,0.0872464,0.0854627,0.76,0.00358,mål EMA20
DOGE,A,blank,2026-06-18T16:00:00.000Z,2026-06-19T00:00:00.000Z,0.0819490,0.0837017,-1.41,-0.00674,stopp
DOGE,B,blank,2026-06-19T01:00:00.000Z,2026-06-19T01:00:00.000Z,0.0836082,0.0838919,-0.67,-0.00317,mål EMA20
DOGE,A,blank,2026-06-23T07:00:00.000Z,2026-06-24T01:00:00.000Z,0.0802099,0.0797895,-0.15,-0.00071,släpande stopp
DOGE,B,blank,2026-06-24T02:00:00.000Z,2026-06-24T02:00:00.000Z,0.0795302,0.0791496,-0.21,-0.00099,mål EMA20
DOGE,A,blank,2026-06-24T14:00:00.000Z,2026-06-24T20:00:00.000Z,0.0767716,0.0752563,0.65,0.00304,släpande stopp
DOGE,B,blank,2026-06-24T22:00:00.000Z,2026-06-24T22:00:00.000Z,0.0760220,0.0759079,-0.24,-0.00112,mål EMA20
DOGE,B,blank,2026-06-25T02:00:00.000Z,2026-06-25T02:00:00.000Z,0.0762718,0.0762481,-0.33,-0.00154,mål EMA20
DOGE,B,blank,2026-06-25T06:00:00.000Z,2026-06-25T10:00:00.000Z,0.0772414,0.0762481,0.23,0.00107,mål EMA20
DOGE,A,blank,2026-06-25T14:00:00.000Z,2026-06-25T14:00:00.000Z,0.0717241,0.0738362,-1.30,-0.00607,stopp
DOGE,A,blank,2026-06-26T03:00:00.000Z,2026-06-26T06:00:00.000Z,0.0726836,0.0748941,-1.29,-0.00595,stopp
DOGE,A,blank,2026-06-30T12:00:00.000Z,2026-06-30T16:00:00.000Z,0.0713943,0.0713501,-0.42,-0.00192,släpande stopp
DOGE,B,blank,2026-06-30T19:00:00.000Z,2026-07-01T00:00:00.000Z,0.0723538,0.0718459,-0.04,-0.00019,mål EMA20
DOGE,B,blank,2026-07-01T04:00:00.000Z,2026-07-01T06:00:00.000Z,0.0723038,0.0714657,0.18,0.00080,mål EMA20
DOGE,A,blank,2026-07-06T13:00:00.000Z,2026-07-06T15:00:00.000Z,0.0749125,0.0763758,-1.45,-0.00659,stopp
DOGE,A,blank,2026-07-07T14:00:00.000Z,2026-07-07T16:00:00.000Z,0.0742629,0.0756605,-1.47,-0.00658,stopp
DOGE,A,blank,2026-07-08T07:00:00.000Z,2026-07-09T06:00:00.000Z,0.0721039,0.0730365,-1.07,-0.00472,tid
DOGE,B,blank,2026-07-09T07:00:00.000Z,2026-07-09T10:00:00.000Z,0.0729735,0.0724462,-0.05,-0.00021,mål EMA20
DOGE,B,blank,2026-07-09T18:00:00.000Z,2026-07-10T01:00:00.000Z,0.0729035,0.0739670,-1.61,-0.00701,stopp
DOGE,B,blank,2026-07-12T12:00:00.000Z,2026-07-12T12:00:00.000Z,0.0731934,0.0734367,-0.92,-0.00396,mål EMA20
DOGE,B,blank,2026-07-12T13:00:00.000Z,2026-07-12T13:00:00.000Z,0.0733633,0.0732966,-0.59,-0.00251,mål EMA20
DOGE,A,blank,2026-07-13T18:00:00.000Z,2026-07-13T23:00:00.000Z,0.0709145,0.0720240,-1.57,-0.00662,stopp
DOGE,B,blank,2026-07-14T06:00:00.000Z,2026-07-14T12:00:00.000Z,0.0723238,0.0733748,-1.61,-0.00670,stopp
DOGE,A,blank,2026-07-17T00:00:00.000Z,2026-07-17T16:00:00.000Z,0.0723238,0.0723600,-0.58,-0.00237,släpande stopp
DOGE,B,blank,2026-07-17T17:00:00.000Z,2026-07-18T04:00:00.000Z,0.0723138,0.0725362,-0.74,-0.00302,tid
DOGE,A,blank,2026-07-23T13:00:00.000Z,2026-07-24T07:00:00.000Z,0.0712244,0.0696759,0.99,0.00399,släpande stopp
DOGE,B,blank,2026-07-24T08:00:00.000Z,2026-07-24T10:00:00.000Z,0.0700250,0.0698949,-0.41,-0.00167,mål EMA20
DOGE,A,blank,2026-07-27T15:00:00.000Z,2026-07-28T14:00:00.000Z,0.0713643,0.0700250,0.65,0.00262,tid
DOGE,A,blank,2026-07-29T21:00:00.000Z,2026-07-30T01:00:00.000Z,0.0693253,0.0706085,-1.48,-0.00604,stopp
DOGE,B,blank,2026-07-30T02:00:00.000Z,2026-07-30T03:00:00.000Z,0.0705247,0.0702551,-0.25,-0.00099,mål EMA20
DOGE,A,blank,2026-07-31T16:00:00.000Z,2026-07-31T17:00:00.000Z,0.0690055,0.0700551,-1.58,-0.00636,stopp
DOGE,B,blank,2026-08-02T02:00:00.000Z,2026-08-02T05:00:00.000Z,0.0696252,0.0704991,-1.71,-0.00676,stopp
DOGE,A,blank,2026-08-03T07:00:00.000Z,2026-08-03T13:00:00.000Z,0.0694053,0.0702449,-1.74,-0.00676,stopp
DOGE,A,blank,2026-08-06T14:00:00.000Z,2026-08-07T09:00:00.000Z,0.0687656,0.0696013,-1.73,-0.00663,stopp
DOGE,B,blank,2026-08-10T21:00:00.000Z,2026-08-10T21:00:00.000Z,0.0698850,0.0697248,-0.60,-0.00214,mål EMA20
DOGE,A,blank,2026-08-12T14:00:00.000Z,2026-08-13T02:00:00.000Z,0.0705547,0.0701528,-0.15,-0.00055,släpande stopp
DOGE,B,blank,2026-08-13T03:00:00.000Z,2026-08-13T03:00:00.000Z,0.0702449,0.0702051,-0.53,-0.00199,mål EMA20
DOGE,B,blank,2026-08-13T06:00:00.000Z,2026-08-13T08:00:00.000Z,0.0706047,0.0705352,-0.53,-0.00197,mål EMA20
DOGE,B,blank,2026-08-13T20:00:00.000Z,2026-08-13T20:00:00.000Z,0.0702848,0.0702151,-0.62,-0.00230,mål EMA20
DOGE,B,blank,2026-08-14T16:00:00.000Z,2026-08-14T18:00:00.000Z,0.0698551,0.0697949,-0.78,-0.00261,mål EMA20
DOGE,B,blank,2026-08-18T12:00:00.000Z,2026-08-18T12:00:00.000Z,0.0699350,0.0698749,-1.00,-0.00260,mål EMA20
DOGE,B,kop,2026-08-22T11:00:00.000Z,2026-08-22T12:00:00.000Z,0.0897248,0.0914543,0.16,0.00056,mål EMA20
DOGE,B,kop,2026-08-23T05:00:00.000Z,2026-08-23T10:00:00.000Z,0.0895347,0.0921739,0.43,0.00157,mål EMA20
DOGE,A,kop,2026-09-03T15:00:00.000Z,2026-09-03T22:00:00.000Z,0.0879640,0.0879200,-0.38,-0.00137,släpande stopp
DOGE,B,kop,2026-09-03T23:00:00.000Z,2026-09-03T23:00:00.000Z,0.0875037,0.0877761,-0.19,-0.00070,mål EMA20
DOGE,A,kop,2026-09-05T13:00:00.000Z,2026-09-05T18:00:00.000Z,0.0873737,0.0920227,2.92,0.01054,släpande stopp
DOGE,B,kop,2026-09-06T11:00:00.000Z,2026-09-06T11:00:00.000Z,0.0901250,0.0900749,-0.32,-0.00118,mål EMA20
DOGE,B,kop,2026-09-06T13:00:00.000Z,2026-09-06T20:00:00.000Z,0.0897148,0.0902249,-0.09,-0.00035,mål EMA20
DOGE,B,kop,2026-09-07T04:00:00.000Z,2026-09-07T05:00:00.000Z,0.0894047,0.0901049,-0.01,-0.00003,mål EMA20
DOGE,A,kop,2026-09-11T14:00:00.000Z,2026-09-11T15:00:00.000Z,0.0874637,0.0853949,-1.36,-0.00504,stopp
DOGE,A,kop,2026-09-18T04:00:00.000Z,2026-09-18T11:00:00.000Z,0.0845523,0.0850645,-0.12,-0.00042,släpande stopp
DOGE,B,kop,2026-09-19T00:00:00.000Z,2026-09-19T00:00:00.000Z,0.0875137,0.0878760,-0.20,-0.00073,mål EMA20
DOGE,B,kop,2026-09-19T07:00:00.000Z,2026-09-19T08:00:00.000Z,0.0871536,0.0872564,-0.34,-0.00124,mål EMA20
DOGE,A,kop,2026-09-19T18:00:00.000Z,2026-09-19T21:00:00.000Z,0.0899049,0.0878447,-1.37,-0.00499,stopp
DOGE,B,kop,2026-09-20T02:00:00.000Z,2026-09-20T02:00:00.000Z,0.0872636,0.0851903,-1.36,-0.00487,stopp
DOGE,A,kop,2026-09-24T17:00:00.000Z,2026-09-25T16:00:00.000Z,0.0964582,0.0970814,-0.05,-0.00017,tid
DOGE,B,kop,2026-09-26T06:00:00.000Z,2026-09-26T07:00:00.000Z,0.0974887,0.0979210,-0.15,-0.00052,mål EMA20
LINK,A,blank,2025-09-29T13:00:00.000Z,2025-09-29T13:00:00.000Z,20.9995,21.3536,-1.52,-0.01524,stopp
LINK,A,blank,2025-09-30T16:00:00.000Z,2025-09-30T19:00:00.000Z,21.0895,21.5333,-1.42,-0.01397,stopp
LINK,B,blank,2025-10-04T14:00:00.000Z,2025-10-04T14:00:00.000Z,22.0490,21.9310,-0.15,-0.00144,mål EMA20
LINK,A,blank,2025-10-04T16:00:00.000Z,2025-10-05T02:00:00.000Z,21.8191,22.2379,-1.46,-0.01415,stopp
LINK,A,blank,2025-10-07T14:00:00.000Z,2025-10-08T13:00:00.000Z,22.7186,22.1411,0.71,0.00677,tid
LINK,A,blank,2025-10-10T17:00:00.000Z,2025-10-10T22:00:00.000Z,21.1994,17.0285,5.89,0.05670,släpande stopp
LINK,B,blank,2025-10-11T09:00:00.000Z,2025-10-11T09:00:00.000Z,18.3008,18.1090,0.02,0.00023,mål EMA20
LINK,B,blank,2025-10-12T05:00:00.000Z,2025-10-12T05:00:00.000Z,17.2714,17.3287,-0.17,-0.00169,mål EMA20
LINK,B,blank,2025-10-12T06:00:00.000Z,2025-10-12T06:00:00.000Z,17.3113,17.4487,-0.24,-0.00249,mål EMA20
LINK,B,blank,2025-10-12T07:00:00.000Z,2025-10-12T07:00:00.000Z,17.4413,17.4187,-0.11,-0.00110,mål EMA20
LINK,A,blank,2025-10-14T07:00:00.000Z,2025-10-15T06:00:00.000Z,18.6207,19.0395,-0.75,-0.00765,tid
LINK,A,blank,2025-10-17T08:00:00.000Z,2025-10-17T16:00:00.000Z,16.2019,16.8463,-1.22,-0.01228,stopp
LINK,B,blank,2025-10-17T22:00:00.000Z,2025-10-17T22:00:00.000Z,16.7216,16.6883,-0.15,-0.00152,mål EMA20
LINK,B,blank,2025-10-18T02:00:00.000Z,2025-10-18T02:00:00.000Z,16.8716,16.6783,0.10,0.00101,mål EMA20
LINK,B,blank,2025-10-18T10:00:00.000Z,2025-10-18T13:00:00.000Z,16.8616,16.7184,0.02,0.00017,mål EMA20
LINK,B,blank,2025-10-22T14:00:00.000Z,2025-10-22T14:00:00.000Z,17.5612,17.5288,-0.20,-0.00200,mål EMA20
LINK,B,blank,2025-10-23T05:00:00.000Z,2025-10-23T09:00:00.000Z,17.3013,17.4087,-0.54,-0.00534,mål EMA20
LINK,B,blank,2025-10-29T07:00:00.000Z,2025-10-29T07:00:00.000Z,17.9010,17.9390,-0.39,-0.00384,mål EMA20
LINK,B,blank,2025-10-29T08:00:00.000Z,2025-10-29T08:00:00.000Z,17.9110,17.7889,-0.05,-0.00045,mål EMA20
LINK,B,blank,2025-10-29T12:00:00.000Z,2025-10-29T15:00:00.000Z,18.1009,18.0290,-0.17,-0.00162,mål EMA20
LINK,A,blank,2025-10-30T13:00:00.000Z,2025-10-31T01:00:00.000Z,17.3713,17.0308,0.32,0.00312,släpande stopp
LINK,B,blank,2025-10-31T02:00:00.000Z,2025-10-31T02:00:00.000Z,17.0415,16.9084,-0.00,-0.00005,mål EMA20
LINK,B,blank,2025-10-31T09:00:00.000Z,2025-10-31T12:00:00.000Z,17.2714,17.1686,-0.07,-0.00070,mål EMA20
LINK,A,blank,2025-11-03T03:00:00.000Z,2025-11-03T16:00:00.000Z,16.8416,15.4421,2.80,0.02747,släpande stopp
LINK,B,blank,2025-11-12T10:00:00.000Z,2025-11-12T11:00:00.000Z,15.7321,16.1642,-1.32,-0.01333,stopp
LINK,B,blank,2025-11-13T04:00:00.000Z,2025-11-13T13:00:00.000Z,15.5222,15.4977,-0.19,-0.00194,mål EMA20
LINK,A,blank,2025-11-13T20:00:00.000Z,2025-11-14T19:00:00.000Z,14.2729,14.3072,-0.26,-0.00260,tid
LINK,B,blank,2025-11-17T01:00:00.000Z,2025-11-17T01:00:00.000Z,13.8931,13.7769,0.01,0.00011,mål EMA20
LINK,B,blank,2025-11-18T05:00:00.000Z,2025-11-18T05:00:00.000Z,13.4833,13.4667,-0.17,-0.00169,mål EMA20
LINK,A,blank,2025-11-19T16:00:00.000Z,2025-11-19T23:00:00.000Z,13.0135,13.4369,-1.27,-0.01258,stopp
LINK,A,blank,2025-11-20T19:00:00.000Z,2025-11-20T22:00:00.000Z,12.8836,13.3387,-1.25,-0.01221,stopp
LINK,A,blank,2025-11-21T08:00:00.000Z,2025-11-21T14:00:00.000Z,12.2639,12.2700,-0.19,-0.00179,släpande stopp
LINK,B,blank,2025-11-22T23:00:00.000Z,2025-11-23T10:00:00.000Z,12.2339,12.5062,-0.94,-0.00906,tid
LINK,B,blank,2025-11-29T12:00:00.000Z,2025-11-29T12:00:00.000Z,13.1534,13.0965,-0.22,-0.00207,mål EMA20
LINK,B,blank,2025-11-29T16:00:00.000Z,2025-11-29T16:00:00.000Z,13.1634,13.1366,-0.36,-0.00346,mål EMA20
LINK,A,blank,2025-12-01T01:00:00.000Z,2025-12-01T23:00:00.000Z,12.2539,12.1484,0.02,0.00022,släpande stopp
LINK,B,blank,2025-12-02T01:00:00.000Z,2025-12-02T01:00:00.000Z,12.0740,12.0460,-0.23,-0.00214,mål EMA20
LINK,B,blank,2025-12-02T06:00:00.000Z,2025-12-02T08:00:00.000Z,12.1039,12.0360,-0.10,-0.00098,mål EMA20
LINK,B,blank,2025-12-02T12:00:00.000Z,2025-12-02T14:00:00.000Z,12.2539,12.5361,-1.38,-0.01308,stopp
LINK,A,blank,2025-12-05T17:00:00.000Z,2025-12-06T15:00:00.000Z,13.5232,13.9396,-1.29,-0.01200,stopp
LINK,A,blank,2025-12-07T15:00:00.000Z,2025-12-07T15:00:00.000Z,13.2234,13.5595,-1.35,-0.01240,stopp
LINK,B,blank,2025-12-11T19:00:00.000Z,2025-12-11T21:00:00.000Z,13.6732,14.0434,-1.32,-0.01204,stopp
LINK,A,blank,2025-12-12T16:00:00.000Z,2025-12-13T08:00:00.000Z,13.5232,13.9413,-1.28,-0.01152,stopp
LINK,B,blank,2025-12-15T02:00:00.000Z,2025-12-15T13:00:00.000Z,13.5032,13.5368,-0.51,-0.00454,mål EMA20
LINK,A,blank,2025-12-15T16:00:00.000Z,2025-12-16T15:00:00.000Z,12.7836,13.0565,-1.01,-0.00889,tid
LINK,B,blank,2025-12-17T14:00:00.000Z,2025-12-17T15:00:00.000Z,12.7636,13.0463,-1.40,-0.01218,stopp
LINK,A,blank,2025-12-17T17:00:00.000Z,2025-12-18T14:00:00.000Z,12.4238,12.8641,-1.25,-0.01073,stopp
LINK,A,blank,2025-12-18T20:00:00.000Z,2025-12-19T03:00:00.000Z,11.7541,12.2153,-1.22,-0.01039,stopp
LINK,B,blank,2025-12-19T04:00:00.000Z,2025-12-19T15:00:00.000Z,12.2139,12.6424,-1.25,-0.01049,stopp
LINK,B,blank,2025-12-24T12:00:00.000Z,2025-12-24T12:00:00.000Z,12.2239,12.2661,-0.65,-0.00537,mål EMA20
LINK,B,blank,2025-12-24T13:00:00.000Z,2025-12-24T13:00:00.000Z,12.2539,12.1861,-0.14,-0.00117,mål EMA20
LINK,B,blank,2025-12-27T04:00:00.000Z,2025-12-27T04:00:00.000Z,12.2439,12.1861,-0.22,-0.00181,mål EMA20
LINK,A,blank,2026-01-06T18:00:00.000Z,2026-01-06T21:00:00.000Z,13.5132,13.9125,-1.30,-0.01064,stopp
LINK,B,blank,2026-01-08T00:00:00.000Z,2026-01-08T00:00:00.000Z,13.4433,13.5168,-0.59,-0.00478,mål EMA20
LINK,B,blank,2026-01-08T01:00:00.000Z,2026-01-08T01:00:00.000Z,13.5032,13.5268,-0.43,-0.00349,mål EMA20
LINK,B,blank,2026-01-08T02:00:00.000Z,2026-01-08T02:00:00.000Z,13.5132,13.4367,-0.11,-0.00086,mål EMA20
LINK,B,blank,2026-01-10T08:00:00.000Z,2026-01-10T08:00:00.000Z,13.1534,13.1566,-0.50,-0.00397,mål EMA20
LINK,A,blank,2026-01-15T04:00:00.000Z,2026-01-15T09:00:00.000Z,13.7531,14.0738,-1.38,-0.01096,stopp
LINK,B,blank,2026-01-16T01:00:00.000Z,2026-01-16T01:00:00.000Z,13.8131,13.7769,-0.25,-0.00197,mål EMA20
LINK,A,blank,2026-01-16T16:00:00.000Z,2026-01-16T21:00:00.000Z,13.4733,13.7335,-1.46,-0.01141,stopp
LINK,B,blank,2026-01-17T07:00:00.000Z,2026-01-17T07:00:00.000Z,13.7231,13.7068,-0.50,-0.00387,mål EMA20
LINK,B,blank,2026-01-18T07:00:00.000Z,2026-01-18T11:00:00.000Z,13.7131,13.7369,-0.92,-0.00706,mål EMA20
LINK,A,blank,2026-01-19T00:00:00.000Z,2026-01-19T01:00:00.000Z,13.3033,12.8564,1.54,0.01175,släpande stopp
LINK,B,blank,2026-01-19T17:00:00.000Z,2026-01-19T17:00:00.000Z,12.8936,12.8564,-0.28,-0.00219,mål EMA20
LINK,A,blank,2026-01-20T09:00:00.000Z,2026-01-21T02:00:00.000Z,12.5637,12.3604,0.47,0.00360,släpande stopp
LINK,B,blank,2026-01-21T05:00:00.000Z,2026-01-21T06:00:00.000Z,12.3538,12.3762,-0.51,-0.00394,mål EMA20
LINK,B,blank,2026-01-21T16:00:00.000Z,2026-01-21T16:00:00.000Z,12.4338,12.0060,1.24,0.00958,mål EMA20
LINK,A,blank,2026-01-25T17:00:00.000Z,2026-01-26T00:00:00.000Z,11.7941,11.6494,0.29,0.00228,släpande stopp
LINK,B,blank,2026-01-26T02:00:00.000Z,2026-01-26T02:00:00.000Z,11.8241,11.7359,-0.02,-0.00019,mål EMA20
LINK,B,blank,2026-01-26T08:00:00.000Z,2026-01-26T09:00:00.000Z,11.8541,11.7859,-0.11,-0.00090,mål EMA20
LINK,A,blank,2026-01-29T12:00:00.000Z,2026-01-29T17:00:00.000Z,11.5442,11.1942,1.36,0.01062,släpande stopp
LINK,B,blank,2026-01-30T19:00:00.000Z,2026-01-30T20:00:00.000Z,10.9145,10.7554,0.21,0.00163,mål EMA20
LINK,A,blank,2026-01-30T21:00:00.000Z,2026-01-31T19:00:00.000Z,10.7446,9.57479,3.09,0.02450,släpande stopp
LINK,B,blank,2026-02-01T00:00:00.000Z,2026-02-01T00:00:00.000Z,9.98501,10.0250,-0.27,-0.00223,mål EMA20
LINK,B,blank,2026-02-01T01:00:00.000Z,2026-02-01T01:00:00.000Z,10.0150,10.0150,-0.19,-0.00156,mål EMA20
LINK,B,blank,2026-02-01T03:00:00.000Z,2026-02-01T03:00:00.000Z,10.0450,10.0450,-0.21,-0.00168,mål EMA20
LINK,B,blank,2026-02-02T10:00:00.000Z,2026-02-02T15:00:00.000Z,9.57521,10.0339,-1.18,-0.00961,stopp
LINK,A,blank,2026-02-03T18:00:00.000Z,2026-02-03T20:00:00.000Z,9.30535,9.63305,-1.25,-0.01003,stopp
LINK,B,blank,2026-02-04T20:00:00.000Z,2026-02-04T20:00:00.000Z,9.43528,9.37468,-0.04,-0.00031,mål EMA20
LINK,A,blank,2026-02-05T14:00:00.000Z,2026-02-06T01:00:00.000Z,8.85557,7.91395,2.40,0.01902,släpande stopp
LINK,B,blank,2026-02-06T06:00:00.000Z,2026-02-06T06:00:00.000Z,8.32583,8.15408,0.19,0.00155,mål EMA20
LINK,B,blank,2026-02-06T15:00:00.000Z,2026-02-06T17:00:00.000Z,8.54573,8.99294,-1.17,-0.00950,stopp
LINK,B,blank,2026-02-09T16:00:00.000Z,2026-02-09T19:00:00.000Z,8.75562,9.00175,-1.31,-0.01054,stopp
LINK,A,blank,2026-02-11T17:00:00.000Z,2026-02-11T21:00:00.000Z,8.16592,8.41005,-1.29,-0.01026,stopp
LINK,B,blank,2026-02-11T22:00:00.000Z,2026-02-11T22:00:00.000Z,8.39580,8.34417,-0.06,-0.00048,mål EMA20
LINK,B,blank,2026-02-13T00:00:00.000Z,2026-02-13T04:00:00.000Z,8.40580,8.38419,-0.20,-0.00159,mål EMA20
LINK,A,blank,2026-02-15T19:00:00.000Z,2026-02-16T12:00:00.000Z,8.68566,8.93230,-1.31,-0.01022,stopp
LINK,B,blank,2026-02-19T02:00:00.000Z,2026-02-19T02:00:00.000Z,8.67566,8.65433,-0.26,-0.00204,mål EMA20
LINK,B,blank,2026-02-20T00:00:00.000Z,2026-02-20T04:00:00.000Z,8.57571,8.57428,-0.37,-0.00282,mål EMA20
LINK,A,blank,2026-02-23T02:00:00.000Z,2026-02-23T09:00:00.000Z,8.19590,8.38526,-1.38,-0.01057,stopp
LINK,B,blank,2026-02-23T10:00:00.000Z,2026-02-23T11:00:00.000Z,8.51574,8.47424,-0.14,-0.00104,mål EMA20
LINK,A,blank,2026-02-26T17:00:00.000Z,2026-02-26T20:00:00.000Z,8.87556,9.15237,-1.28,-0.00966,stopp
LINK,A,blank,2026-02-28T07:00:00.000Z,2026-02-28T14:00:00.000Z,8.28585,8.51547,-1.32,-0.00980,stopp
LINK,B,blank,2026-02-28T19:00:00.000Z,2026-02-28T22:00:00.000Z,8.61569,8.87082,-1.30,-0.00952,stopp
LINK,B,blank,2026-03-02T02:00:00.000Z,2026-03-02T02:00:00.000Z,8.77561,8.76438,-0.21,-0.00155,mål EMA20
LINK,A,blank,2026-03-06T15:00:00.000Z,2026-03-07T14:00:00.000Z,8.80560,8.80440,-0.29,-0.00208,tid
LINK,B,blank,2026-03-08T10:00:00.000Z,2026-03-08T11:00:00.000Z,8.68566,8.66433,-0.33,-0.00238,mål EMA20
LINK,B,blank,2026-03-09T05:00:00.000Z,2026-03-09T13:00:00.000Z,8.69565,8.90809,-1.36,-0.00977,stopp
LINK,B,blank,2026-03-12T08:00:00.000Z,2026-03-12T14:00:00.000Z,8.94552,8.95447,-0.47,-0.00335,mål EMA20
LINK,B,kop,2026-03-17T04:00:00.000Z,2026-03-17T13:00:00.000Z,9.83491,9.78510,-0.53,-0.00377,mål EMA20
LINK,B,kop,2026-03-18T11:00:00.000Z,2026-03-18T11:00:00.000Z,9.75488,9.57012,-1.46,-0.01022,stopp
LINK,A,kop,2026-03-23T12:00:00.000Z,2026-03-24T01:00:00.000Z,8.98449,9.00560,-0.21,-0.00144,släpande stopp
LINK,B,kop,2026-03-24T02:00:00.000Z,2026-03-24T02:00:00.000Z,9.06453,9.04548,-0.42,-0.00288,mål EMA20
LINK,B,kop,2026-03-24T03:00:00.000Z,2026-03-24T03:00:00.000Z,9.05452,9.08545,-0.20,-0.00135,mål EMA20
LINK,B,kop,2026-03-24T14:00:00.000Z,2026-03-24T20:00:00.000Z,9.12456,9.20540,0.04,0.00027,mål EMA20
LINK,B,kop,2026-03-26T03:00:00.000Z,2026-03-26T05:00:00.000Z,9.26463,9.09466,-1.47,-0.01010,stopp
LINK,A,kop,2026-03-30T05:00:00.000Z,2026-03-30T17:00:00.000Z,8.68434,8.71628,-0.22,-0.00150,släpande stopp
LINK,B,kop,2026-03-30T18:00:00.000Z,2026-03-31T01:00:00.000Z,8.72436,8.79560,0.01,0.00004,mål EMA20
LINK,A,kop,2026-04-01T07:00:00.000Z,2026-04-02T01:00:00.000Z,9.10455,8.90058,-1.38,-0.00933,stopp
LINK,A,kop,2026-04-06T10:00:00.000Z,2026-04-06T22:00:00.000Z,9.09455,8.91699,-1.44,-0.00959,stopp
LINK,A,kop,2026-04-07T23:00:00.000Z,2026-04-08T14:00:00.000Z,9.20460,8.97734,-1.35,-0.00883,stopp
LINK,B,kop,2026-04-08T15:00:00.000Z,2026-04-08T17:00:00.000Z,8.99450,9.10544,0.20,0.00127,mål EMA20
LINK,B,kop,2026-04-10T03:00:00.000Z,2026-04-10T04:00:00.000Z,8.95447,8.96552,-0.34,-0.00219,mål EMA20
LINK,B,kop,2026-04-10T23:00:00.000Z,2026-04-10T23:00:00.000Z,9.10455,9.08545,-0.58,-0.00377,mål EMA20
LINK,B,kop,2026-04-11T00:00:00.000Z,2026-04-11T00:00:00.000Z,9.09455,9.05547,-0.74,-0.00472,mål EMA20
LINK,B,kop,2026-04-11T01:00:00.000Z,2026-04-11T01:00:00.000Z,9.06453,9.07546,-0.42,-0.00265,mål EMA20
LINK,B,kop,2026-04-12T00:00:00.000Z,2026-04-12T01:00:00.000Z,9.06453,8.90893,-1.51,-0.00955,stopp
LINK,A,kop,2026-04-13T20:00:00.000Z,2026-04-14T05:00:00.000Z,9.02451,9.18905,0.53,0.00333,släpande stopp
LINK,B,kop,2026-04-14T13:00:00.000Z,2026-04-14T13:00:00.000Z,9.12456,9.24538,0.28,0.00179,mål EMA20
LINK,B,kop,2026-04-16T10:00:00.000Z,2026-04-16T11:00:00.000Z,9.26463,9.27536,-0.41,-0.00259,mål EMA20
LINK,A,kop,2026-04-16T19:00:00.000Z,2026-04-17T05:00:00.000Z,9.58479,9.33796,-1.33,-0.00836,stopp
LINK,B,kop,2026-04-17T06:00:00.000Z,2026-04-17T06:00:00.000Z,9.35467,9.41529,-0.07,-0.00042,mål EMA20
LINK,B,kop,2026-04-18T02:00:00.000Z,2026-04-18T06:00:00.000Z,9.59479,9.61519,-0.28,-0.00171,mål EMA20
LINK,A,kop,2026-04-20T19:00:00.000Z,2026-04-21T18:00:00.000Z,9.34467,9.32534,-0.52,-0.00318,tid
LINK,B,kop,2026-04-22T17:00:00.000Z,2026-04-22T17:00:00.000Z,9.43471,9.46527,-0.31,-0.00191,mål EMA20
LINK,B,kop,2026-04-25T08:00:00.000Z,2026-04-25T08:00:00.000Z,9.40470,9.40530,-0.75,-0.00462,mål EMA20
LINK,B,kop,2026-04-25T09:00:00.000Z,2026-04-25T09:00:00.000Z,9.41470,9.42529,-0.67,-0.00409,mål EMA20
LINK,B,kop,2026-04-25T13:00:00.000Z,2026-04-25T13:00:00.000Z,9.40470,9.40530,-0.81,-0.00479,mål EMA20
LINK,A,kop,2026-05-04T03:00:00.000Z,2026-05-04T10:00:00.000Z,9.32466,9.43869,0.30,0.00178,släpande stopp
LINK,A,kop,2026-05-06T09:00:00.000Z,2026-05-06T14:00:00.000Z,10.0950,9.90810,-1.47,-0.00881,stopp
LINK,B,kop,2026-05-06T15:00:00.000Z,2026-05-06T15:00:00.000Z,9.97499,10.0350,-0.09,-0.00055,mål EMA20
LINK,B,kop,2026-05-07T01:00:00.000Z,2026-05-07T04:00:00.000Z,9.94497,9.94502,-0.42,-0.00245,mål EMA20
LINK,A,kop,2026-05-08T15:00:00.000Z,2026-05-09T13:00:00.000Z,10.0450,10.3855,1.49,0.00874,släpande stopp
LINK,B,kop,2026-05-09T15:00:00.000Z,2026-05-09T17:00:00.000Z,10.3252,10.4148,0.04,0.00023,mål EMA20
LINK,B,kop,2026-05-10T00:00:00.000Z,2026-05-10T06:00:00.000Z,10.3852,10.3948,-0.50,-0.00296,mål EMA20
LINK,A,kop,2026-05-10T14:00:00.000Z,2026-05-10T20:00:00.000Z,10.5953,10.6397,-0.27,-0.00161,släpande stopp
LINK,B,kop,2026-05-11T04:00:00.000Z,2026-05-11T09:00:00.000Z,10.5253,10.5847,-0.10,-0.00058,mål EMA20
LINK,A,kop,2026-05-13T07:00:00.000Z,2026-05-13T11:00:00.000Z,10.5253,10.5622,-0.27,-0.00157,släpande stopp
LINK,A,kop,2026-05-14T15:00:00.000Z,2026-05-14T23:00:00.000Z,10.4952,10.4900,-0.39,-0.00230,släpande stopp
LINK,B,kop,2026-05-15T00:00:00.000Z,2026-05-15T00:00:00.000Z,10.4852,10.5347,-0.15,-0.00088,mål EMA20
LINK,B,kop,2026-05-21T07:00:00.000Z,2026-05-21T07:00:00.000Z,9.64682,9.68915,-0.24,-0.00142,mål EMA20
LINK,A,kop,2026-05-22T13:00:00.000Z,2026-05-22T14:00:00.000Z,10.0040,9.84529,-1.55,-0.00908,stopp
LINK,A,kop,2026-05-23T21:00:00.000Z,2026-05-23T22:00:00.000Z,9.76288,9.56199,-1.42,-0.00819,stopp
LINK,B,kop,2026-05-24T13:00:00.000Z,2026-05-24T14:00:00.000Z,9.55077,9.38863,-1.51,-0.00860,stopp
LINK,A,blank,2026-05-28T04:00:00.000Z,2026-05-28T18:00:00.000Z,8.88556,9.07917,-1.40,-0.00787,stopp
LINK,B,blank,2026-05-28T19:00:00.000Z,2026-05-28T19:00:00.000Z,9.06646,8.99750,-0.02,-0.00010,mål EMA20
LINK,B,blank,2026-05-31T22:00:00.000Z,2026-06-01T01:00:00.000Z,9.13743,9.04852,0.13,0.00071,mål EMA20
LINK,A,blank,2026-06-01T14:00:00.000Z,2026-06-01T17:00:00.000Z,8.90355,9.07916,-1.45,-0.00800,stopp
LINK,B,blank,2026-06-01T18:00:00.000Z,2026-06-01T21:00:00.000Z,9.05847,8.99349,-0.04,-0.00021,mål EMA20
LINK,A,blank,2026-06-02T07:00:00.000Z,2026-06-02T16:00:00.000Z,8.83558,8.74236,0.13,0.00069,släpande stopp
LINK,A,blank,2026-06-04T02:00:00.000Z,2026-06-05T01:00:00.000Z,8.04997,7.96398,0.07,0.00041,tid
LINK,A,blank,2026-06-05T06:00:00.000Z,2026-06-05T09:00:00.000Z,7.65017,7.65400,-0.23,-0.00126,släpande stopp
LINK,A,blank,2026-06-06T05:00:00.000Z,2026-06-06T07:00:00.000Z,7.06447,7.40490,-1.18,-0.00644,stopp
LINK,B,blank,2026-06-07T00:00:00.000Z,2026-06-07T05:00:00.000Z,7.39130,7.61587,-1.29,-0.00694,stopp
LINK,A,blank,2026-06-09T16:00:00.000Z,2026-06-09T20:00:00.000Z,7.71814,7.90812,-1.36,-0.00721,stopp
LINK,A,blank,2026-06-10T22:00:00.000Z,2026-06-11T01:00:00.000Z,7.51324,7.71346,-1.33,-0.00697,stopp
LINK,B,blank,2026-06-11T02:00:00.000Z,2026-06-11T13:00:00.000Z,7.69915,7.81691,-0.94,-0.00485,tid
LINK,A,blank,2026-06-17T20:00:00.000Z,2026-06-18T19:00:00.000Z,8.03198,7.92396,0.20,0.00102,tid
LINK,B,blank,2026-06-18T21:00:00.000Z,2026-06-19T03:00:00.000Z,7.98401,7.88494,0.18,0.00094,mål EMA20
LINK,B,blank,2026-06-19T14:00:00.000Z,2026-06-19T14:00:00.000Z,7.92703,7.90695,-0.27,-0.00138,mål EMA20
LINK,A,blank,2026-06-22T00:00:00.000Z,2026-06-22T00:00:00.000Z,7.78011,7.89660,-1.59,-0.00817,stopp
LINK,B,blank,2026-06-23T23:00:00.000Z,2026-06-23T23:00:00.000Z,7.61419,7.63882,-0.63,-0.00319,mål EMA20
LINK,B,blank,2026-06-24T00:00:00.000Z,2026-06-24T00:00:00.000Z,7.63218,7.62481,-0.40,-0.00200,mål EMA20
LINK,B,blank,2026-06-24T06:00:00.000Z,2026-06-24T07:00:00.000Z,7.64618,7.61080,-0.19,-0.00096,mål EMA20
LINK,A,blank,2026-06-24T16:00:00.000Z,2026-06-24T20:00:00.000Z,7.36332,7.35800,-0.35,-0.00176,släpande stopp
LINK,B,blank,2026-06-25T05:00:00.000Z,2026-06-25T10:00:00.000Z,7.46327,7.45372,-0.31,-0.00153,mål EMA20
LINK,A,blank,2026-06-25T14:00:00.000Z,2026-06-25T14:00:00.000Z,7.02848,7.23116,-1.30,-0.00646,stopp
LINK,B,blank,2026-06-26T08:00:00.000Z,2026-06-26T09:00:00.000Z,7.32434,7.19159,0.38,0.00186,mål EMA20
LINK,A,blank,2026-06-30T13:00:00.000Z,2026-06-30T14:00:00.000Z,7.12244,7.24615,-1.51,-0.00740,stopp
LINK,B,blank,2026-07-01T02:00:00.000Z,2026-07-01T04:00:00.000Z,7.20939,7.34013,-1.49,-0.00719,stopp
LINK,A,blank,2026-07-06T13:00:00.000Z,2026-07-06T15:00:00.000Z,7.80110,7.93355,-1.52,-0.00724,stopp
LINK,A,blank,2026-07-08T09:00:00.000Z,2026-07-09T06:00:00.000Z,7.57621,7.73080,-1.43,-0.00671,stopp
LINK,A,blank,2026-07-13T18:00:00.000Z,2026-07-14T00:00:00.000Z,7.79710,7.93131,-1.51,-0.00700,stopp
LINK,B,kop,2026-07-16T01:00:00.000Z,2026-07-16T01:00:00.000Z,8.49124,8.51074,-0.34,-0.00154,mål EMA20
LINK,B,kop,2026-07-16T09:00:00.000Z,2026-07-16T20:00:00.000Z,8.44322,8.40979,-0.73,-0.00330,tid
LINK,A,kop,2026-07-20T16:00:00.000Z,2026-07-21T15:00:00.000Z,8.55928,8.68765,0.36,0.00161,tid
LINK,B,kop,2026-07-21T18:00:00.000Z,2026-07-21T23:00:00.000Z,8.62531,8.65467,-0.32,-0.00145,mål EMA20
LINK,A,kop,2026-07-26T16:00:00.000Z,2026-07-27T11:00:00.000Z,8.60230,8.76128,1.07,0.00469,släpande stopp
LINK,B,kop,2026-07-27T12:00:00.000Z,2026-07-27T12:00:00.000Z,8.76038,8.74862,-0.69,-0.00314,mål EMA20
LINK,B,kop,2026-07-27T13:00:00.000Z,2026-07-27T13:00:00.000Z,8.75838,8.76761,-0.51,-0.00228,mål EMA20
LINK,A,kop,2026-07-30T14:00:00.000Z,2026-07-31T02:00:00.000Z,8.52426,8.38280,-1.52,-0.00685,stopp
LINK,A,kop,2026-08-02T03:00:00.000Z,2026-08-02T11:00:00.000Z,8.27714,8.27704,-0.61,-0.00272,släpande stopp
LINK,B,kop,2026-08-02T12:00:00.000Z,2026-08-02T12:00:00.000Z,8.28214,8.29085,-0.51,-0.00223,mål EMA20
LINK,B,kop,2026-08-03T03:00:00.000Z,2026-08-03T08:00:00.000Z,8.30815,8.19931,-1.67,-0.00731,stopp
LINK,A,kop,2026-08-06T18:00:00.000Z,2026-08-06T19:00:00.000Z,8.34117,8.21595,-1.58,-0.00681,stopp
LINK,A,kop,2026-08-08T11:00:00.000Z,2026-08-09T10:00:00.000Z,8.35017,8.29585,-1.28,-0.00543,tid
LINK,B,kop,2026-08-09T13:00:00.000Z,2026-08-09T15:00:00.000Z,8.29014,8.34982,-0.10,-0.00035,mål EMA20
LINK,B,kop,2026-08-11T15:00:00.000Z,2026-08-11T15:00:00.000Z,8.55628,8.55972,-0.42,-0.00177,mål EMA20
LINK,B,kop,2026-08-12T15:00:00.000Z,2026-08-12T15:00:00.000Z,8.72936,8.77661,-0.16,-0.00066,mål EMA20
LINK,B,kop,2026-08-12T22:00:00.000Z,2026-08-13T03:00:00.000Z,8.65332,8.72264,-0.00,-0.00001,mål EMA20
LINK,B,kop,2026-08-13T10:00:00.000Z,2026-08-13T10:00:00.000Z,8.71436,8.73863,-0.39,-0.00164,mål EMA20
LINK,A,kop,2026-08-13T15:00:00.000Z,2026-08-13T16:00:00.000Z,8.85242,8.72061,-1.59,-0.00657,stopp
LINK,B,kop,2026-08-14T04:00:00.000Z,2026-08-14T08:00:00.000Z,8.82441,8.81959,-0.65,-0.00267,mål EMA20
LINK,A,kop,2026-08-15T02:00:00.000Z,2026-08-15T04:00:00.000Z,9.32366,9.45646,0.34,0.00137,släpande stopp
LINK,B,kop,2026-08-15T09:00:00.000Z,2026-08-15T09:00:00.000Z,9.28864,9.31434,-0.22,-0.00088,mål EMA20
LINK,B,kop,2026-08-16T00:00:00.000Z,2026-08-16T01:00:00.000Z,9.47474,9.49525,-0.30,-0.00123,mål EMA20
LINK,B,kop,2026-08-16T06:00:00.000Z,2026-08-16T08:00:00.000Z,9.37368,9.43528,-0.08,-0.00033,mål EMA20
LINK,A,kop,2026-08-17T17:00:00.000Z,2026-08-18T02:00:00.000Z,9.56878,9.40673,-1.51,-0.00611,stopp
LINK,A,kop,2026-08-19T04:00:00.000Z,2026-08-20T01:00:00.000Z,9.70885,10.4948,4.67,0.01858,släpande stopp
LINK,B,kop,2026-08-20T04:00:00.000Z,2026-08-20T04:00:00.000Z,10.4472,10.4418,-0.30,-0.00125,mål EMA20
LINK,A,kop,2026-08-21T04:00:00.000Z,2026-08-21T09:00:00.000Z,10.9115,11.3704,1.29,0.00534,släpande stopp
LINK,A,kop,2026-08-22T04:00:00.000Z,2026-08-22T05:00:00.000Z,12.3812,11.9280,-1.23,-0.00517,stopp
LINK,B,kop,2026-08-22T09:00:00.000Z,2026-08-22T12:00:00.000Z,11.6128,11.8581,0.24,0.00099,mål EMA20
LINK,B,kop,2026-08-22T22:00:00.000Z,2026-08-23T00:00:00.000Z,11.5108,11.7131,0.24,0.00098,mål EMA20
LINK,A,kop,2026-08-27T00:00:00.000Z,2026-08-27T23:00:00.000Z,11.6288,11.9130,0.72,0.00299,tid
LINK,B,kop,2026-08-28T03:00:00.000Z,2026-08-28T06:00:00.000Z,11.7509,11.8121,-0.13,-0.00053,mål EMA20
LINK,A,kop,2026-08-30T17:00:00.000Z,2026-08-30T19:00:00.000Z,11.7589,11.5900,-1.61,-0.00675,stopp
LINK,A,kop,2026-09-03T13:00:00.000Z,2026-09-04T12:00:00.000Z,11.4247,11.8454,1.46,0.00602,släpande stopp
LINK,B,kop,2026-09-04T13:00:00.000Z,2026-09-05T00:00:00.000Z,11.6568,11.6152,-0.42,-0.00177,tid
LINK,A,kop,2026-09-05T16:00:00.000Z,2026-09-05T19:00:00.000Z,11.9540,11.9764,-0.41,-0.00172,släpande stopp
LINK,A,kop,2026-09-06T02:00:00.000Z,2026-09-06T04:00:00.000Z,12.3672,12.1279,-1.45,-0.00601,stopp
LINK,B,kop,2026-09-07T16:00:00.000Z,2026-09-08T03:00:00.000Z,12.8794,12.6537,-0.70,-0.00287,tid
LINK,A,kop,2026-09-11T14:00:00.000Z,2026-09-11T15:00:00.000Z,12.0720,11.7501,-1.32,-0.00537,stopp
LINK,A,kop,2026-09-14T18:00:00.000Z,2026-09-14T21:00:00.000Z,11.6168,11.6706,-0.19,-0.00075,släpande stopp
LINK,B,kop,2026-09-15T00:00:00.000Z,2026-09-15T00:00:00.000Z,11.5238,11.5632,-0.23,-0.00092,mål EMA20
LINK,A,kop,2026-09-18T04:00:00.000Z,2026-09-19T03:00:00.000Z,11.7669,12.3928,2.25,0.00897,tid
LINK,A,kop,2026-09-19T16:00:00.000Z,2026-09-19T21:00:00.000Z,12.5763,12.3245,-1.43,-0.00584,stopp
LINK,B,kop,2026-09-19T22:00:00.000Z,2026-09-20T02:00:00.000Z,12.3542,12.0821,-1.39,-0.00560,stopp
LINK,A,kop,2026-09-21T10:00:00.000Z,2026-09-22T09:00:00.000Z,12.9495,13.0025,-0.14,-0.00056,tid
LINK,B,kop,2026-09-22T22:00:00.000Z,2026-09-22T22:00:00.000Z,12.9115,12.9945,-0.06,-0.00024,mål EMA20
LINK,A,kop,2026-09-24T16:00:00.000Z,2026-09-25T15:00:00.000Z,12.7954,13.8271,2.53,0.01003,tid
LINK,A,kop,2026-09-26T15:00:00.000Z,2026-09-26T20:00:00.000Z,14.3372,13.9304,-1.30,-0.00528,stopp
LINK,B,kop,2026-09-26T21:00:00.000Z,2026-09-26T23:00:00.000Z,13.9700,14.1389,0.15,0.00058,mål EMA20
LINK,B,kop,2026-09-27T13:00:00.000Z,2026-09-28T00:00:00.000Z,14.1981,14.0210,-0.91,-0.00365,tid
AVAX,A,kop,2025-09-29T00:00:00.000Z,2025-09-29T05:00:00.000Z,30.0250,29.3245,-1.37,-0.01368,stopp
AVAX,B,kop,2025-09-30T02:00:00.000Z,2025-09-30T13:00:00.000Z,30.0050,29.1843,-1.31,-0.01294,stopp
AVAX,B,kop,2025-10-02T09:00:00.000Z,2025-10-02T13:00:00.000Z,30.5353,29.8659,-1.39,-0.01355,stopp
AVAX,B,kop,2025-10-03T02:00:00.000Z,2025-10-03T02:00:00.000Z,30.4952,30.8646,0.18,0.00169,mål EMA20
AVAX,B,kop,2025-10-04T08:00:00.000Z,2025-10-04T12:00:00.000Z,30.8254,30.2185,-1.44,-0.01383,stopp
AVAX,B,kop,2025-10-06T22:00:00.000Z,2025-10-06T22:00:00.000Z,30.7053,30.5747,-0.68,-0.00642,mål EMA20
AVAX,B,kop,2025-10-06T23:00:00.000Z,2025-10-06T23:00:00.000Z,30.6053,30.5947,-0.47,-0.00441,mål EMA20
AVAX,B,blank,2025-10-08T18:00:00.000Z,2025-10-08T18:00:00.000Z,28.9555,29.6102,-1.39,-0.01302,stopp
AVAX,B,blank,2025-10-09T13:00:00.000Z,2025-10-09T13:00:00.000Z,28.6257,28.1741,0.39,0.00356,mål EMA20
AVAX,A,blank,2025-10-09T17:00:00.000Z,2025-10-09T22:00:00.000Z,27.6362,28.3177,-1.36,-0.01258,stopp
AVAX,B,blank,2025-10-09T23:00:00.000Z,2025-10-10T07:00:00.000Z,28.3658,28.2241,-0.14,-0.00124,mål EMA20
AVAX,A,blank,2025-10-10T16:00:00.000Z,2025-10-10T21:00:00.000Z,26.9765,25.6374,1.59,0.01453,släpande stopp
AVAX,B,blank,2025-10-11T09:00:00.000Z,2025-10-11T09:00:00.000Z,23.1084,22.7914,0.05,0.00044,mål EMA20
AVAX,B,blank,2025-10-11T18:00:00.000Z,2025-10-11T18:00:00.000Z,22.9585,22.6513,0.07,0.00062,mål EMA20
AVAX,B,blank,2025-10-12T07:00:00.000Z,2025-10-12T07:00:00.000Z,21.4893,21.3807,-0.05,-0.00046,mål EMA20
AVAX,B,blank,2025-10-12T17:00:00.000Z,2025-10-13T00:00:00.000Z,22.5687,22.0210,0.31,0.00286,mål EMA20
AVAX,A,blank,2025-10-14T08:00:00.000Z,2025-10-14T16:00:00.000Z,22.1289,23.0637,-1.21,-0.01126,stopp
AVAX,B,blank,2025-10-16T12:00:00.000Z,2025-10-16T13:00:00.000Z,22.2489,21.9910,0.12,0.00107,mål EMA20
AVAX,A,blank,2025-10-17T08:00:00.000Z,2025-10-17T16:00:00.000Z,19.3903,20.1603,-1.22,-0.01125,stopp
AVAX,B,blank,2025-10-17T22:00:00.000Z,2025-10-17T22:00:00.000Z,20.1799,20.0800,-0.08,-0.00077,mål EMA20
AVAX,B,blank,2025-10-18T10:00:00.000Z,2025-10-18T12:00:00.000Z,20.2998,20.1201,0.03,0.00031,mål EMA20
AVAX,B,blank,2025-10-18T22:00:00.000Z,2025-10-19T00:00:00.000Z,20.2299,20.0800,-0.03,-0.00024,mål EMA20
AVAX,B,blank,2025-10-21T11:00:00.000Z,2025-10-21T11:00:00.000Z,19.9200,20.0000,-0.57,-0.00522,mål EMA20
AVAX,B,blank,2025-10-21T12:00:00.000Z,2025-10-21T12:00:00.000Z,19.9800,20.0400,-0.53,-0.00483,mål EMA20
AVAX,B,blank,2025-10-21T13:00:00.000Z,2025-10-21T13:00:00.000Z,20.0200,19.8699,-0.02,-0.00020,mål EMA20
AVAX,B,blank,2025-10-23T05:00:00.000Z,2025-10-23T16:00:00.000Z,19.1904,19.6839,-1.34,-0.01207,stopp
AVAX,A,blank,2025-10-28T21:00:00.000Z,2025-10-29T17:00:00.000Z,19.3303,19.8892,-1.30,-0.01157,stopp
AVAX,A,blank,2025-10-30T14:00:00.000Z,2025-10-31T00:00:00.000Z,18.4808,18.2649,0.11,0.00095,släpande stopp
AVAX,B,blank,2025-10-31T01:00:00.000Z,2025-10-31T01:00:00.000Z,18.2509,18.3992,-0.50,-0.00437,mål EMA20
AVAX,B,blank,2025-10-31T02:00:00.000Z,2025-10-31T02:00:00.000Z,18.3808,18.2291,0.01,0.00008,mål EMA20
AVAX,B,blank,2025-11-01T03:00:00.000Z,2025-11-01T14:00:00.000Z,18.3308,18.5092,-0.75,-0.00654,tid
AVAX,A,blank,2025-11-03T04:00:00.000Z,2025-11-03T16:00:00.000Z,17.5312,16.8273,1.12,0.00966,släpande stopp
AVAX,B,blank,2025-11-04T23:00:00.000Z,2025-11-04T23:00:00.000Z,16.1319,15.9880,0.02,0.00015,mål EMA20
AVAX,B,blank,2025-11-05T04:00:00.000Z,2025-11-05T10:00:00.000Z,16.4218,16.2481,0.05,0.00043,mål EMA20
AVAX,B,blank,2025-11-07T01:00:00.000Z,2025-11-07T07:00:00.000Z,16.2819,16.7824,-1.29,-0.01126,stopp
AVAX,B,blank,2025-11-12T06:00:00.000Z,2025-11-12T06:00:00.000Z,17.2614,17.2986,-0.41,-0.00358,mål EMA20
AVAX,B,blank,2025-11-12T07:00:00.000Z,2025-11-12T07:00:00.000Z,17.2714,17.1486,-0.04,-0.00030,mål EMA20
AVAX,A,blank,2025-11-13T20:00:00.000Z,2025-11-14T06:00:00.000Z,15.9720,15.9800,-0.23,-0.00199,släpande stopp
AVAX,B,blank,2025-11-14T17:00:00.000Z,2025-11-14T17:00:00.000Z,15.6622,15.3977,0.23,0.00199,mål EMA20
AVAX,B,blank,2025-11-15T16:00:00.000Z,2025-11-15T20:00:00.000Z,15.6122,15.5578,-0.17,-0.00148,mål EMA20
AVAX,B,blank,2025-11-17T00:00:00.000Z,2025-11-17T01:00:00.000Z,15.1324,15.1075,-0.19,-0.00163,mål EMA20
AVAX,A,blank,2025-11-17T20:00:00.000Z,2025-11-18T19:00:00.000Z,14.3628,14.7474,-0.80,-0.00684,tid
AVAX,B,blank,2025-11-19T13:00:00.000Z,2025-11-19T13:00:00.000Z,14.5627,14.3172,0.31,0.00266,mål EMA20
AVAX,A,blank,2025-11-19T19:00:00.000Z,2025-11-19T23:00:00.000Z,13.8531,14.3462,-1.25,-0.01064,stopp
AVAX,B,blank,2025-11-20T05:00:00.000Z,2025-11-20T06:00:00.000Z,14.4228,14.2771,0.08,0.00068,mål EMA20
AVAX,A,blank,2025-11-21T16:00:00.000Z,2025-11-22T15:00:00.000Z,12.9935,13.1966,-0.54,-0.00452,tid
AVAX,B,blank,2025-11-22T23:00:00.000Z,2025-11-22T23:00:00.000Z,13.3033,13.2366,-0.16,-0.00135,mål EMA20
AVAX,B,blank,2025-11-23T04:00:00.000Z,2025-11-23T07:00:00.000Z,13.3433,13.2966,-0.26,-0.00221,mål EMA20
AVAX,B,blank,2025-11-23T14:00:00.000Z,2025-11-23T14:00:00.000Z,13.3633,13.2966,-0.21,-0.00177,mål EMA20
AVAX,B,blank,2025-11-30T14:00:00.000Z,2025-11-30T14:00:00.000Z,14.2729,14.1671,-0.03,-0.00029,mål EMA20
AVAX,A,blank,2025-12-01T00:00:00.000Z,2025-12-01T23:00:00.000Z,13.7131,12.7664,2.89,0.02406,tid
AVAX,B,blank,2025-12-02T03:00:00.000Z,2025-12-02T11:00:00.000Z,12.9235,12.9165,-0.31,-0.00264,mål EMA20
AVAX,A,blank,2025-12-05T12:00:00.000Z,2025-12-06T11:00:00.000Z,13.7931,13.2366,1.68,0.01436,tid
AVAX,B,blank,2025-12-06T17:00:00.000Z,2025-12-06T19:00:00.000Z,13.3633,13.3167,-0.25,-0.00217,mål EMA20
AVAX,B,blank,2025-12-11T21:00:00.000Z,2025-12-12T00:00:00.000Z,13.3633,13.3467,-0.25,-0.00220,mål EMA20
AVAX,A,blank,2025-12-12T16:00:00.000Z,2025-12-13T05:00:00.000Z,12.8936,13.2752,-1.30,-0.01121,stopp
AVAX,B,blank,2025-12-13T06:00:00.000Z,2025-12-13T12:00:00.000Z,13.2934,13.2666,-0.31,-0.00268,mål EMA20
AVAX,A,blank,2025-12-14T22:00:00.000Z,2025-12-15T01:00:00.000Z,12.8636,13.0863,-1.51,-0.01285,stopp
AVAX,B,blank,2025-12-15T02:00:00.000Z,2025-12-15T13:00:00.000Z,13.1034,13.1065,-0.43,-0.00358,mål EMA20
AVAX,B,blank,2025-12-16T12:00:00.000Z,2025-12-16T12:00:00.000Z,12.3438,12.2461,-0.00,-0.00002,mål EMA20
AVAX,B,blank,2025-12-17T14:00:00.000Z,2025-12-17T15:00:00.000Z,12.2839,12.5261,-1.45,-0.01207,stopp
AVAX,A,blank,2025-12-18T20:00:00.000Z,2025-12-19T03:00:00.000Z,11.2944,11.7331,-1.23,-0.01008,stopp
AVAX,B,blank,2025-12-19T04:00:00.000Z,2025-12-19T14:00:00.000Z,11.7341,12.1443,-1.25,-0.01016,stopp
AVAX,A,blank,2025-12-23T15:00:00.000Z,2025-12-23T20:00:00.000Z,11.9340,12.2011,-1.39,-0.01118,stopp
AVAX,B,blank,2025-12-24T11:00:00.000Z,2025-12-24T13:00:00.000Z,12.0640,12.0660,-0.43,-0.00340,mål EMA20
AVAX,B,blank,2025-12-24T22:00:00.000Z,2025-12-25T08:00:00.000Z,12.0640,12.2819,-1.49,-0.01172,stopp
AVAX,B,blank,2025-12-30T09:00:00.000Z,2025-12-30T10:00:00.000Z,12.5137,12.4962,-0.43,-0.00334,mål EMA20
AVAX,B,blank,2025-12-30T15:00:00.000Z,2025-12-30T19:00:00.000Z,12.5537,12.5062,-0.30,-0.00231,mål EMA20
AVAX,B,blank,2026-01-01T09:00:00.000Z,2026-01-01T09:00:00.000Z,12.3138,12.3462,-0.97,-0.00748,mål EMA20
AVAX,B,blank,2026-01-01T10:00:00.000Z,2026-01-01T10:00:00.000Z,12.3438,12.3462,-0.76,-0.00576,mål EMA20
AVAX,B,blank,2026-01-01T11:00:00.000Z,2026-01-01T15:00:00.000Z,12.3338,12.4686,-1.82,-0.01378,stopp
AVAX,B,kop,2026-01-06T18:00:00.000Z,2026-01-06T18:00:00.000Z,14.3572,14.4828,0.03,0.00020,mål EMA20
AVAX,A,kop,2026-01-12T03:00:00.000Z,2026-01-12T07:00:00.000Z,14.0670,13.7938,-1.44,-0.01074,stopp
AVAX,A,kop,2026-01-13T14:00:00.000Z,2026-01-14T10:00:00.000Z,13.8869,14.5688,2.37,0.01737,släpande stopp
AVAX,B,kop,2026-01-14T12:00:00.000Z,2026-01-14T14:00:00.000Z,14.5273,14.6027,-0.18,-0.00137,mål EMA20
AVAX,B,kop,2026-01-15T02:00:00.000Z,2026-01-15T03:00:00.000Z,14.4772,14.1808,-1.42,-0.01064,stopp
AVAX,B,blank,2026-01-21T16:00:00.000Z,2026-01-21T16:00:00.000Z,12.3838,11.9059,1.37,0.01009,mål EMA20
AVAX,B,blank,2026-01-23T02:00:00.000Z,2026-01-23T02:00:00.000Z,12.2939,12.2261,-0.13,-0.00098,mål EMA20
AVAX,B,blank,2026-01-24T05:00:00.000Z,2026-01-24T05:00:00.000Z,12.1639,12.1661,-0.49,-0.00366,mål EMA20
AVAX,B,blank,2026-01-24T21:00:00.000Z,2026-01-24T21:00:00.000Z,12.0740,12.0760,-0.74,-0.00552,mål EMA20
AVAX,A,blank,2026-01-25T17:00:00.000Z,2026-01-26T00:00:00.000Z,11.6642,11.5349,0.19,0.00141,släpande stopp
AVAX,B,blank,2026-01-26T02:00:00.000Z,2026-01-26T02:00:00.000Z,11.7141,11.6158,0.02,0.00014,mål EMA20
AVAX,B,blank,2026-02-01T00:00:00.000Z,2026-02-01T00:00:00.000Z,10.1149,10.1951,-0.39,-0.00287,mål EMA20
AVAX,B,blank,2026-02-01T01:00:00.000Z,2026-02-01T01:00:00.000Z,10.1849,10.1751,-0.18,-0.00132,mål EMA20
AVAX,B,blank,2026-02-02T10:00:00.000Z,2026-02-02T21:00:00.000Z,10.0150,10.1551,-0.52,-0.00380,tid
AVAX,A,blank,2026-02-03T18:00:00.000Z,2026-02-03T20:00:00.000Z,9.75512,10.0513,-1.29,-0.00943,stopp
AVAX,B,blank,2026-02-04T20:00:00.000Z,2026-02-04T20:00:00.000Z,9.93503,9.84492,0.03,0.00023,mål EMA20
AVAX,A,blank,2026-02-05T12:00:00.000Z,2026-02-06T01:00:00.000Z,9.26537,8.27638,2.65,0.01916,släpande stopp
AVAX,B,blank,2026-02-06T11:00:00.000Z,2026-02-06T16:00:00.000Z,8.67566,9.17115,-1.15,-0.00856,stopp
AVAX,B,blank,2026-02-11T03:00:00.000Z,2026-02-11T04:00:00.000Z,8.85557,8.74437,0.22,0.00160,mål EMA20
AVAX,B,blank,2026-02-11T14:00:00.000Z,2026-02-11T14:00:00.000Z,8.65567,8.84883,-1.39,-0.01024,stopp
AVAX,B,blank,2026-02-11T19:00:00.000Z,2026-02-11T23:00:00.000Z,8.71564,8.63432,0.05,0.00034,mål EMA20
AVAX,A,blank,2026-02-15T19:00:00.000Z,2026-02-16T13:00:00.000Z,9.18540,9.40559,-1.37,-0.00990,stopp
AVAX,B,blank,2026-02-19T23:00:00.000Z,2026-02-20T06:00:00.000Z,8.90555,9.08157,-1.45,-0.01033,stopp
AVAX,A,blank,2026-02-23T02:00:00.000Z,2026-02-23T06:00:00.000Z,8.35582,8.54714,-1.38,-0.00975,stopp
AVAX,B,blank,2026-02-24T17:00:00.000Z,2026-02-24T19:00:00.000Z,8.39580,8.35417,-0.13,-0.00090,mål EMA20
AVAX,A,blank,2026-02-26T17:00:00.000Z,2026-02-27T03:00:00.000Z,9.11544,9.38517,-1.30,-0.00900,stopp
AVAX,A,blank,2026-02-27T15:00:00.000Z,2026-02-28T13:00:00.000Z,8.95552,8.69766,0.87,0.00594,släpande stopp
AVAX,B,blank,2026-02-28T14:00:00.000Z,2026-02-28T14:00:00.000Z,8.69565,8.60430,0.09,0.00065,mål EMA20
AVAX,A,blank,2026-02-28T15:00:00.000Z,2026-02-28T18:00:00.000Z,8.60570,8.85212,-1.31,-0.00903,stopp
AVAX,A,blank,2026-03-06T15:00:00.000Z,2026-03-07T14:00:00.000Z,8.95552,8.99450,-0.53,-0.00359,tid
AVAX,B,blank,2026-03-08T11:00:00.000Z,2026-03-08T11:00:00.000Z,8.97551,8.91446,-0.08,-0.00057,mål EMA20
AVAX,B,blank,2026-03-14T22:00:00.000Z,2026-03-15T00:00:00.000Z,9.61519,9.74372,-1.67,-0.01129,stopp
AVAX,A,kop,2026-03-16T04:00:00.000Z,2026-03-17T03:00:00.000Z,10.2751,10.3448,-0.05,-0.00032,tid
AVAX,B,kop,2026-03-17T04:00:00.000Z,2026-03-17T15:00:00.000Z,10.3552,10.2649,-0.66,-0.00441,tid
AVAX,A,kop,2026-03-23T12:00:00.000Z,2026-03-23T15:00:00.000Z,9.39470,9.41755,-0.21,-0.00139,släpande stopp
AVAX,B,kop,2026-03-24T02:00:00.000Z,2026-03-24T02:00:00.000Z,9.51475,9.51524,-0.31,-0.00208,mål EMA20
AVAX,B,kop,2026-03-24T14:00:00.000Z,2026-03-24T20:00:00.000Z,9.45472,9.55522,0.13,0.00083,mål EMA20
AVAX,B,kop,2026-03-25T16:00:00.000Z,2026-03-25T16:00:00.000Z,9.67483,9.69515,-0.34,-0.00227,mål EMA20
AVAX,B,kop,2026-03-26T03:00:00.000Z,2026-03-26T05:00:00.000Z,9.59479,9.44043,-1.54,-0.01012,stopp
AVAX,A,blank,2026-04-02T03:00:00.000Z,2026-04-03T02:00:00.000Z,8.79560,8.78439,-0.26,-0.00171,tid
AVAX,B,blank,2026-04-03T05:00:00.000Z,2026-04-03T12:00:00.000Z,8.82559,8.99192,-1.47,-0.00947,stopp
AVAX,B,blank,2026-04-05T16:00:00.000Z,2026-04-05T16:00:00.000Z,8.87556,8.84442,-0.30,-0.00194,mål EMA20
AVAX,A,blank,2026-04-07T06:00:00.000Z,2026-04-07T19:00:00.000Z,8.55572,8.77542,-1.34,-0.00851,stopp
AVAX,B,blank,2026-04-07T20:00:00.000Z,2026-04-07T21:00:00.000Z,8.79560,9.00792,-1.36,-0.00853,stopp
AVAX,A,blank,2026-04-12T02:00:00.000Z,2026-04-13T01:00:00.000Z,9.07546,9.14457,-0.65,-0.00404,tid
AVAX,A,blank,2026-04-18T11:00:00.000Z,2026-04-19T10:00:00.000Z,9.43528,9.18459,0.82,0.00500,tid
AVAX,B,blank,2026-04-19T13:00:00.000Z,2026-04-19T13:00:00.000Z,9.26537,9.29464,-0.66,-0.00408,mål EMA20
AVAX,B,blank,2026-04-19T14:00:00.000Z,2026-04-19T15:00:00.000Z,9.29535,9.28464,-0.40,-0.00244,mål EMA20
AVAX,A,blank,2026-04-19T23:00:00.000Z,2026-04-20T07:00:00.000Z,8.99550,9.17685,-1.44,-0.00879,stopp
AVAX,B,blank,2026-04-20T13:00:00.000Z,2026-04-20T16:00:00.000Z,9.25537,9.17458,0.04,0.00024,mål EMA20
AVAX,B,blank,2026-04-23T15:00:00.000Z,2026-04-23T16:00:00.000Z,9.35532,9.33466,-0.35,-0.00212,mål EMA20
AVAX,B,blank,2026-04-26T00:00:00.000Z,2026-04-26T00:00:00.000Z,9.35532,9.33466,-0.52,-0.00315,mål EMA20
AVAX,A,blank,2026-04-27T16:00:00.000Z,2026-04-27T23:00:00.000Z,9.12544,9.27984,-1.52,-0.00910,stopp
AVAX,B,blank,2026-04-28T00:00:00.000Z,2026-04-28T01:00:00.000Z,9.25537,9.25462,-0.55,-0.00322,mål EMA20
AVAX,B,blank,2026-04-30T01:00:00.000Z,2026-04-30T02:00:00.000Z,9.21539,9.12456,0.10,0.00061,mål EMA20
AVAX,B,blank,2026-04-30T10:00:00.000Z,2026-04-30T10:00:00.000Z,9.17541,9.14457,-0.28,-0.00163,mål EMA20
AVAX,B,blank,2026-05-01T02:00:00.000Z,2026-05-01T02:00:00.000Z,9.11544,9.11455,-0.63,-0.00368,mål EMA20
AVAX,A,blank,2026-05-07T16:00:00.000Z,2026-05-08T09:00:00.000Z,9.41529,9.60910,-1.43,-0.00829,stopp
AVAX,B,kop,2026-05-11T03:00:00.000Z,2026-05-11T09:00:00.000Z,10.0650,10.1449,-0.00,-0.00002,mål EMA20
AVAX,A,kop,2026-05-14T15:00:00.000Z,2026-05-15T02:00:00.000Z,10.0450,9.83957,-1.42,-0.00813,stopp
AVAX,A,kop,2026-05-20T15:00:00.000Z,2026-05-21T10:00:00.000Z,9.31666,9.32461,-0.47,-0.00263,släpande stopp
AVAX,B,kop,2026-05-21T12:00:00.000Z,2026-05-21T15:00:00.000Z,9.30165,9.37131,-0.03,-0.00019,mål EMA20
AVAX,B,kop,2026-05-22T01:00:00.000Z,2026-05-22T01:00:00.000Z,9.39570,9.42728,-0.29,-0.00165,mål EMA20
AVAX,A,kop,2026-05-23T21:00:00.000Z,2026-05-24T02:00:00.000Z,9.54677,9.35163,-1.42,-0.00795,stopp
AVAX,B,kop,2026-05-24T04:00:00.000Z,2026-05-24T04:00:00.000Z,9.33567,9.35232,-0.33,-0.00183,mål EMA20
AVAX,A,kop,2026-05-25T15:00:00.000Z,2026-05-25T20:00:00.000Z,9.47674,9.35130,-1.66,-0.00914,stopp
AVAX,B,kop,2026-05-25T21:00:00.000Z,2026-05-26T00:00:00.000Z,9.35167,9.22312,-1.64,-0.00885,stopp
AVAX,B,blank,2026-05-30T01:00:00.000Z,2026-05-30T03:00:00.000Z,8.86856,9.04646,-1.44,-0.00765,stopp
AVAX,A,blank,2026-06-01T14:00:00.000Z,2026-06-01T17:00:00.000Z,8.77961,8.95257,-1.45,-0.00759,stopp
AVAX,A,blank,2026-06-03T21:00:00.000Z,2026-06-04T03:00:00.000Z,7.95302,7.91311,-0.10,-0.00051,släpande stopp
AVAX,A,blank,2026-06-05T03:00:00.000Z,2026-06-06T02:00:00.000Z,7.43128,6.66133,2.61,0.01348,tid
AVAX,A,blank,2026-06-06T05:00:00.000Z,2026-06-06T07:00:00.000Z,6.30285,6.69824,-1.14,-0.00604,stopp
AVAX,B,blank,2026-06-07T00:00:00.000Z,2026-06-07T00:00:00.000Z,6.66167,6.66633,-0.24,-0.00124,mål EMA20
AVAX,B,blank,2026-06-07T02:00:00.000Z,2026-06-07T10:00:00.000Z,6.77961,6.71736,0.03,0.00018,mål EMA20
AVAX,A,blank,2026-06-09T17:00:00.000Z,2026-06-09T20:00:00.000Z,6.51774,6.69270,-1.33,-0.00693,stopp
AVAX,B,blank,2026-06-09T21:00:00.000Z,2026-06-09T21:00:00.000Z,6.67666,6.62831,-0.03,-0.00015,mål EMA20
AVAX,A,blank,2026-06-10T22:00:00.000Z,2026-06-11T01:00:00.000Z,6.33583,6.52254,-1.30,-0.00669,stopp
AVAX,B,blank,2026-06-11T02:00:00.000Z,2026-06-11T02:00:00.000Z,6.49775,6.48524,-0.22,-0.00112,mål EMA20
AVAX,A,blank,2026-06-14T18:00:00.000Z,2026-06-14T19:00:00.000Z,6.46976,6.47300,-0.61,-0.00310,släpande stopp
AVAX,A,blank,2026-06-18T16:00:00.000Z,2026-06-19T13:00:00.000Z,6.24088,6.16879,0.12,0.00058,släpande stopp
AVAX,B,blank,2026-06-19T14:00:00.000Z,2026-06-19T14:00:00.000Z,6.16292,6.12206,-0.05,-0.00026,mål EMA20
AVAX,B,blank,2026-06-20T05:00:00.000Z,2026-06-20T06:00:00.000Z,5.97801,5.94297,-0.07,-0.00035,mål EMA20
AVAX,A,blank,2026-06-24T16:00:00.000Z,2026-06-24T20:00:00.000Z,6.22988,6.23015,-0.33,-0.00165,släpande stopp
AVAX,A,blank,2026-06-25T14:00:00.000Z,2026-06-25T14:00:00.000Z,5.97701,6.20236,-1.23,-0.00620,stopp
AVAX,A,blank,2026-06-30T13:00:00.000Z,2026-06-30T16:00:00.000Z,6.39380,6.54385,-1.37,-0.00683,stopp
AVAX,A,blank,2026-07-07T15:00:00.000Z,2026-07-08T14:00:00.000Z,6.72164,6.41020,1.93,0.00947,tid
AVAX,A,blank,2026-07-12T00:00:00.000Z,2026-07-12T11:00:00.000Z,6.54772,6.42719,0.77,0.00386,släpande stopp
AVAX,B,blank,2026-07-12T14:00:00.000Z,2026-07-12T14:00:00.000Z,6.44478,6.46123,-0.63,-0.00315,mål EMA20
AVAX,B,blank,2026-07-12T15:00:00.000Z,2026-07-12T15:00:00.000Z,6.45577,6.44422,-0.37,-0.00185,mål EMA20
AVAX,B,blank,2026-07-14T07:00:00.000Z,2026-07-14T07:00:00.000Z,6.50375,6.48424,-0.26,-0.00130,mål EMA20
AVAX,A,blank,2026-07-17T00:00:00.000Z,2026-07-17T14:00:00.000Z,6.51074,6.51119,-0.48,-0.00240,släpande stopp
AVAX,A,blank,2026-07-19T19:00:00.000Z,2026-07-20T00:00:00.000Z,6.40779,6.50306,-1.60,-0.00789,stopp
AVAX,B,blank,2026-07-20T02:00:00.000Z,2026-07-20T02:00:00.000Z,6.50874,6.61766,-1.53,-0.00744,stopp
AVAX,B,blank,2026-07-22T14:00:00.000Z,2026-07-22T15:00:00.000Z,6.55972,6.64660,-1.67,-0.00801,stopp
AVAX,A,blank,2026-07-23T14:00:00.000Z,2026-07-24T13:00:00.000Z,6.44678,6.20710,1.90,0.00896,tid
AVAX,B,blank,2026-07-24T23:00:00.000Z,2026-07-25T02:00:00.000Z,6.26986,6.26413,-0.49,-0.00236,mål EMA20
AVAX,B,blank,2026-07-25T12:00:00.000Z,2026-07-25T13:00:00.000Z,6.28686,6.36502,-1.72,-0.00820,stopp
AVAX,A,blank,2026-07-27T15:00:00.000Z,2026-07-27T16:00:00.000Z,6.52374,6.63358,-1.53,-0.00716,stopp
AVAX,B,blank,2026-07-28T11:00:00.000Z,2026-07-28T11:00:00.000Z,6.46577,6.46423,-0.50,-0.00231,mål EMA20
AVAX,B,blank,2026-07-29T18:00:00.000Z,2026-07-29T19:00:00.000Z,6.43478,6.36718,0.16,0.00074,mål EMA20
AVAX,B,blank,2026-08-01T16:00:00.000Z,2026-08-01T16:00:00.000Z,6.37081,6.36418,-0.64,-0.00296,mål EMA20
AVAX,A,blank,2026-08-01T19:00:00.000Z,2026-08-01T22:00:00.000Z,6.09995,6.21170,-1.48,-0.00678,stopp
AVAX,B,blank,2026-08-02T02:00:00.000Z,2026-08-02T02:00:00.000Z,6.22089,6.31713,-1.57,-0.00709,stopp
AVAX,B,blank,2026-08-02T03:00:00.000Z,2026-08-02T04:00:00.000Z,6.32284,6.43149,-1.51,-0.00672,stopp
AVAX,A,blank,2026-08-06T11:00:00.000Z,2026-08-07T10:00:00.000Z,6.40779,6.45222,-0.79,-0.00345,tid
AVAX,B,blank,2026-08-07T13:00:00.000Z,2026-08-07T14:00:00.000Z,6.49375,6.43121,0.13,0.00055,mål EMA20
AVAX,A,blank,2026-08-11T15:00:00.000Z,2026-08-11T16:00:00.000Z,6.24987,6.25300,-0.49,-0.00212,släpande stopp
AVAX,B,blank,2026-08-11T21:00:00.000Z,2026-08-11T21:00:00.000Z,6.30585,6.31916,-0.55,-0.00240,mål EMA20
AVAX,B,blank,2026-08-11T22:00:00.000Z,2026-08-11T22:00:00.000Z,6.31384,6.32416,-0.55,-0.00236,mål EMA20
AVAX,B,blank,2026-08-12T12:00:00.000Z,2026-08-12T12:00:00.000Z,6.30784,6.40141,-1.60,-0.00683,stopp
AVAX,A,blank,2026-08-16T00:00:00.000Z,2026-08-16T01:00:00.000Z,6.32983,6.33300,-0.52,-0.00219,släpande stopp
AVAX,B,blank,2026-08-16T11:00:00.000Z,2026-08-16T11:00:00.000Z,6.36981,6.36418,-0.56,-0.00235,mål EMA20
AVAX,B,blank,2026-08-16T15:00:00.000Z,2026-08-16T16:00:00.000Z,6.41079,6.37218,-0.16,-0.00068,mål EMA20
AVAX,A,kop,2026-08-21T08:00:00.000Z,2026-08-21T09:00:00.000Z,7.48174,7.47800,-0.30,-0.00125,släpande stopp
AVAX,B,kop,2026-08-22T09:00:00.000Z,2026-08-22T20:00:00.000Z,7.54377,7.56622,-0.09,-0.00037,tid
AVAX,B,kop,2026-08-27T20:00:00.000Z,2026-08-27T20:00:00.000Z,7.48774,7.52124,-0.18,-0.00075,mål EMA20
AVAX,B,kop,2026-08-28T04:00:00.000Z,2026-08-28T06:00:00.000Z,7.44472,7.48226,-0.17,-0.00068,mål EMA20
AVAX,A,kop,2026-09-03T15:00:00.000Z,2026-09-04T12:00:00.000Z,7.46173,7.32909,-1.49,-0.00613,stopp
AVAX,B,kop,2026-09-06T15:00:00.000Z,2026-09-06T16:00:00.000Z,7.60680,7.63718,-0.26,-0.00104,mål EMA20
AVAX,A,kop,2026-09-06T21:00:00.000Z,2026-09-07T01:00:00.000Z,7.80790,7.80400,-0.51,-0.00207,släpande stopp
AVAX,A,kop,2026-09-07T16:00:00.000Z,2026-09-08T13:00:00.000Z,8.09705,7.89305,-1.34,-0.00540,stopp
AVAX,A,kop,2026-09-11T14:00:00.000Z,2026-09-11T15:00:00.000Z,7.77589,7.56072,-1.31,-0.00520,stopp
AVAX,A,kop,2026-09-14T17:00:00.000Z,2026-09-14T22:00:00.000Z,7.55478,7.60777,-0.06,-0.00022,släpande stopp
AVAX,A,kop,2026-09-17T00:00:00.000Z,2026-09-17T23:00:00.000Z,7.48174,7.60719,0.39,0.00153,tid
AVAX,A,kop,2026-09-18T04:00:00.000Z,2026-09-19T03:00:00.000Z,7.95197,8.47529,3.04,0.01197,släpande stopp
AVAX,A,kop,2026-09-20T12:00:00.000Z,2026-09-21T07:00:00.000Z,10.4172,10.9468,0.80,0.00324,släpande stopp
AVAX,B,kop,2026-09-21T18:00:00.000Z,2026-09-21T19:00:00.000Z,10.8594,11.0835,0.24,0.00096,mål EMA20
AVAX,B,kop,2026-09-22T04:00:00.000Z,2026-09-22T05:00:00.000Z,11.0105,10.5535,-1.20,-0.00493,stopp
AVAX,B,kop,2026-09-23T09:00:00.000Z,2026-09-23T10:00:00.000Z,11.0425,11.2134,0.24,0.00095,mål EMA20
AVAX,A,kop,2026-09-25T12:00:00.000Z,2026-09-25T14:00:00.000Z,10.5943,10.2283,-1.24,-0.00505,stopp
AVAX,A,kop,2026-09-26T15:00:00.000Z,2026-09-26T20:00:00.000Z,11.0395,10.6812,-1.26,-0.00506,stopp
AVAX,B,kop,2026-09-27T05:00:00.000Z,2026-09-27T05:00:00.000Z,10.6833,10.8686,0.33,0.00130,mål EMA20
AVAX,B,kop,2026-09-27T13:00:00.000Z,2026-09-27T13:00:00.000Z,10.9135,11.0065,0.02,0.00007,mål EMA20
DOT,B,blank,2025-09-28T14:00:00.000Z,2025-09-28T20:00:00.000Z,3.86107,3.91759,-1.61,-0.01606,stopp
DOT,A,blank,2025-09-30T16:00:00.000Z,2025-09-30T20:00:00.000Z,3.83508,3.90935,-1.46,-0.01432,stopp
DOT,B,blank,2025-10-04T23:00:00.000Z,2025-10-04T23:00:00.000Z,4.19690,4.18909,-0.35,-0.00340,mål EMA20
DOT,A,blank,2025-10-07T15:00:00.000Z,2025-10-08T10:00:00.000Z,4.20690,4.17945,-0.06,-0.00059,släpande stopp
DOT,A,blank,2025-10-09T03:00:00.000Z,2025-10-09T12:00:00.000Z,4.07396,4.07600,-0.40,-0.00387,släpande stopp
DOT,B,blank,2025-10-09T23:00:00.000Z,2025-10-10T10:00:00.000Z,4.08096,4.14107,-1.09,-0.01050,tid
DOT,A,blank,2025-10-10T20:00:00.000Z,2025-10-10T22:00:00.000Z,3.92704,2.88844,7.83,0.07449,släpande stopp
DOT,B,blank,2025-10-11T09:00:00.000Z,2025-10-11T09:00:00.000Z,3.27936,3.26063,-0.02,-0.00017,mål EMA20
DOT,B,blank,2025-10-12T05:00:00.000Z,2025-10-12T05:00:00.000Z,3.01749,3.02251,-0.15,-0.00151,mål EMA20
DOT,B,blank,2025-10-12T06:00:00.000Z,2025-10-12T06:00:00.000Z,3.01949,3.03552,-0.21,-0.00219,mål EMA20
DOT,B,blank,2025-10-12T07:00:00.000Z,2025-10-12T07:00:00.000Z,3.03248,3.02151,-0.07,-0.00075,mål EMA20
DOT,A,blank,2025-10-14T07:00:00.000Z,2025-10-14T16:00:00.000Z,3.13243,3.26420,-1.21,-0.01235,stopp
DOT,B,blank,2025-10-16T07:00:00.000Z,2025-10-16T07:00:00.000Z,3.16941,3.15057,-0.07,-0.00070,mål EMA20
DOT,A,blank,2025-10-17T09:00:00.000Z,2025-10-17T11:00:00.000Z,2.79860,2.91259,-1.22,-0.01226,stopp
DOT,B,blank,2025-10-18T12:00:00.000Z,2025-10-18T13:00:00.000Z,2.94353,2.91546,0.06,0.00064,mål EMA20
DOT,B,blank,2025-10-22T14:00:00.000Z,2025-10-22T14:00:00.000Z,3.01949,3.01050,-0.20,-0.00198,mål EMA20
DOT,B,blank,2025-10-23T07:00:00.000Z,2025-10-23T18:00:00.000Z,2.97651,3.00050,-0.65,-0.00646,tid
DOT,B,blank,2025-10-29T07:00:00.000Z,2025-10-29T07:00:00.000Z,3.07846,3.08154,-0.42,-0.00415,mål EMA20
DOT,B,blank,2025-10-29T08:00:00.000Z,2025-10-29T08:00:00.000Z,3.07846,3.05553,-0.02,-0.00025,mål EMA20
DOT,B,blank,2025-10-29T12:00:00.000Z,2025-10-29T15:00:00.000Z,3.10245,3.06453,0.21,0.00207,mål EMA20
DOT,A,blank,2025-10-30T13:00:00.000Z,2025-10-31T00:00:00.000Z,2.93653,2.89285,0.21,0.00209,släpande stopp
DOT,B,blank,2025-10-31T01:00:00.000Z,2025-10-31T02:00:00.000Z,2.89455,2.89545,-0.27,-0.00270,mål EMA20
DOT,B,blank,2025-11-01T04:00:00.000Z,2025-11-01T05:00:00.000Z,2.90954,2.88444,0.03,0.00032,mål EMA20
DOT,A,blank,2025-11-03T04:00:00.000Z,2025-11-03T17:00:00.000Z,2.78761,2.64738,1.52,0.01494,släpande stopp
DOT,B,blank,2025-11-04T04:00:00.000Z,2025-11-04T04:00:00.000Z,2.64967,2.63832,-0.10,-0.00095,mål EMA20
DOT,B,blank,2025-11-05T04:00:00.000Z,2025-11-05T10:00:00.000Z,2.56672,2.54027,0.04,0.00044,mål EMA20
DOT,A,blank,2025-11-12T17:00:00.000Z,2025-11-13T05:00:00.000Z,2.90555,3.02023,-1.22,-0.01223,stopp
DOT,B,blank,2025-11-13T06:00:00.000Z,2025-11-13T07:00:00.000Z,3.02349,2.97949,0.20,0.00202,mål EMA20
DOT,B,blank,2025-11-16T23:00:00.000Z,2025-11-16T23:00:00.000Z,2.77261,2.78539,-0.40,-0.00395,mål EMA20
DOT,B,blank,2025-11-17T00:00:00.000Z,2025-11-17T11:00:00.000Z,2.78361,2.83242,-0.76,-0.00752,tid
DOT,A,blank,2025-11-17T20:00:00.000Z,2025-11-18T05:00:00.000Z,2.65067,2.75675,-1.22,-0.01193,stopp
DOT,A,blank,2025-11-19T17:00:00.000Z,2025-11-19T23:00:00.000Z,2.61469,2.69683,-1.28,-0.01236,stopp
DOT,A,blank,2025-11-20T18:00:00.000Z,2025-11-21T08:00:00.000Z,2.55472,2.40460,1.41,0.01348,släpande stopp
DOT,A,blank,2025-11-21T10:00:00.000Z,2025-11-22T09:00:00.000Z,2.36282,2.30715,0.30,0.00289,tid
DOT,B,blank,2025-11-22T23:00:00.000Z,2025-11-22T23:00:00.000Z,2.33183,2.31216,0.01,0.00014,mål EMA20
DOT,B,blank,2025-11-23T05:00:00.000Z,2025-11-23T14:00:00.000Z,2.35382,2.31616,0.28,0.00268,mål EMA20
DOT,B,blank,2025-11-24T17:00:00.000Z,2025-11-24T20:00:00.000Z,2.30485,2.37628,-1.28,-0.01249,stopp
DOT,A,blank,2025-11-25T15:00:00.000Z,2025-11-25T17:00:00.000Z,2.20390,2.26775,-1.30,-0.01252,stopp
DOT,B,blank,2025-11-25T21:00:00.000Z,2025-11-26T03:00:00.000Z,2.27986,2.26913,-0.11,-0.00105,mål EMA20
DOT,B,blank,2025-11-30T04:00:00.000Z,2025-11-30T04:00:00.000Z,2.27086,2.26113,-0.24,-0.00225,mål EMA20
DOT,B,blank,2025-11-30T10:00:00.000Z,2025-11-30T11:00:00.000Z,2.27086,2.25613,-0.10,-0.00098,mål EMA20
DOT,A,blank,2025-12-01T01:00:00.000Z,2025-12-01T21:00:00.000Z,2.05297,2.03234,0.07,0.00065,släpande stopp
DOT,B,blank,2025-12-01T23:00:00.000Z,2025-12-01T23:00:00.000Z,2.03398,2.04302,-0.47,-0.00439,mål EMA20
DOT,B,blank,2025-12-02T00:00:00.000Z,2025-12-02T00:00:00.000Z,2.04098,2.04302,-0.35,-0.00326,mål EMA20
DOT,B,blank,2025-12-02T01:00:00.000Z,2025-12-02T01:00:00.000Z,2.04098,2.03902,-0.28,-0.00263,mål EMA20
DOT,B,blank,2025-12-02T04:00:00.000Z,2025-12-02T11:00:00.000Z,2.05497,2.10607,-1.35,-0.01264,stopp
DOT,A,blank,2025-12-05T17:00:00.000Z,2025-12-06T16:00:00.000Z,2.13393,2.13707,-0.32,-0.00298,tid
DOT,B,blank,2025-12-09T13:00:00.000Z,2025-12-09T15:00:00.000Z,2.12394,2.16739,-1.43,-0.01314,stopp
DOT,A,blank,2025-12-10T15:00:00.000Z,2025-12-10T18:00:00.000Z,2.19690,2.25301,-1.34,-0.01217,stopp
DOT,A,blank,2025-12-11T02:00:00.000Z,2025-12-11T21:00:00.000Z,2.09695,2.07795,0.03,0.00027,släpande stopp
DOT,B,blank,2025-12-11T22:00:00.000Z,2025-12-11T23:00:00.000Z,2.07596,2.06703,-0.13,-0.00115,mål EMA20
DOT,B,blank,2025-12-12T13:00:00.000Z,2025-12-12T15:00:00.000Z,2.05797,1.96998,1.45,0.01295,mål EMA20
DOT,A,blank,2025-12-12T16:00:00.000Z,2025-12-13T02:00:00.000Z,1.96802,2.02853,-1.29,-0.01164,stopp
DOT,B,blank,2025-12-13T03:00:00.000Z,2025-12-13T14:00:00.000Z,2.02199,2.03402,-0.62,-0.00554,tid
DOT,A,blank,2025-12-14T18:00:00.000Z,2025-12-15T01:00:00.000Z,1.94903,1.98518,-1.48,-0.01311,stopp
DOT,B,blank,2025-12-15T02:00:00.000Z,2025-12-15T13:00:00.000Z,1.98801,1.99400,-0.52,-0.00457,tid
DOT,B,blank,2025-12-16T11:00:00.000Z,2025-12-16T13:00:00.000Z,1.92004,1.88594,0.39,0.00336,mål EMA20
DOT,B,blank,2025-12-17T14:00:00.000Z,2025-12-17T14:00:00.000Z,1.89105,1.93046,-1.42,-0.01243,stopp
DOT,A,blank,2025-12-17T19:00:00.000Z,2025-12-18T13:00:00.000Z,1.80410,1.86782,-1.25,-0.01076,stopp
DOT,A,blank,2025-12-18T20:00:00.000Z,2025-12-19T03:00:00.000Z,1.72614,1.79500,-1.22,-0.01038,stopp
DOT,B,blank,2025-12-19T09:00:00.000Z,2025-12-19T15:00:00.000Z,1.80510,1.85989,-1.29,-0.01083,stopp
DOT,A,blank,2025-12-21T14:00:00.000Z,2025-12-21T17:00:00.000Z,1.75412,1.79094,-1.42,-0.01177,stopp
DOT,B,blank,2025-12-21T20:00:00.000Z,2025-12-21T20:00:00.000Z,1.79310,1.78289,-0.11,-0.00092,mål EMA20
DOT,B,blank,2025-12-23T11:00:00.000Z,2025-12-23T11:00:00.000Z,1.77211,1.77589,-0.51,-0.00416,mål EMA20
DOT,B,blank,2025-12-23T12:00:00.000Z,2025-12-23T12:00:00.000Z,1.77411,1.76188,-0.06,-0.00046,mål EMA20
DOT,B,blank,2025-12-24T13:00:00.000Z,2025-12-24T13:00:00.000Z,1.73713,1.72986,-0.19,-0.00158,mål EMA20
DOT,B,blank,2025-12-24T23:00:00.000Z,2025-12-25T00:00:00.000Z,1.74213,1.73387,-0.17,-0.00138,mål EMA20
DOT,A,blank,2025-12-28T20:00:00.000Z,2025-12-29T01:00:00.000Z,1.84208,1.87703,-1.46,-0.01185,stopp
DOT,B,blank,2025-12-30T09:00:00.000Z,2025-12-30T10:00:00.000Z,1.82809,1.82691,-0.36,-0.00287,mål EMA20
DOT,B,blank,2025-12-31T02:00:00.000Z,2025-12-31T03:00:00.000Z,1.82509,1.81391,-0.10,-0.00078,mål EMA20
DOT,B,blank,2026-01-01T10:00:00.000Z,2026-01-01T13:00:00.000Z,1.80010,1.82873,-1.56,-0.01235,stopp
DOT,B,kop,2026-01-03T07:00:00.000Z,2026-01-03T07:00:00.000Z,2.14407,2.11194,-0.79,-0.00616,mål EMA20
DOT,B,kop,2026-01-03T08:00:00.000Z,2026-01-03T08:00:00.000Z,2.11406,2.12094,-0.16,-0.00123,mål EMA20
DOT,B,kop,2026-01-04T20:00:00.000Z,2026-01-04T22:00:00.000Z,2.13907,2.14693,-0.22,-0.00172,mål EMA20
DOT,A,kop,2026-01-05T19:00:00.000Z,2026-01-06T16:00:00.000Z,2.21911,2.15623,-1.30,-0.01004,stopp
DOT,A,kop,2026-01-12T03:00:00.000Z,2026-01-12T07:00:00.000Z,2.13907,2.08930,-1.37,-0.01043,stopp
DOT,A,kop,2026-01-13T14:00:00.000Z,2026-01-13T17:00:00.000Z,2.14307,2.25089,1.93,0.01454,släpande stopp
DOT,B,kop,2026-01-14T12:00:00.000Z,2026-01-14T12:00:00.000Z,2.25513,2.25487,-0.29,-0.00225,mål EMA20
DOT,B,kop,2026-01-14T14:00:00.000Z,2026-01-14T14:00:00.000Z,2.24112,2.26787,0.15,0.00113,mål EMA20
DOT,B,kop,2026-01-14T19:00:00.000Z,2026-01-15T06:00:00.000Z,2.21511,2.17591,-0.86,-0.00655,tid
DOT,A,kop,2026-01-17T09:00:00.000Z,2026-01-17T11:00:00.000Z,2.18709,2.18600,-0.45,-0.00338,släpande stopp
DOT,B,kop,2026-01-17T21:00:00.000Z,2026-01-17T21:00:00.000Z,2.19410,2.18990,-0.45,-0.00341,mål EMA20
DOT,B,kop,2026-01-17T22:00:00.000Z,2026-01-18T00:00:00.000Z,2.19210,2.18491,-0.54,-0.00404,mål EMA20
DOT,A,kop,2026-01-21T15:00:00.000Z,2026-01-21T16:00:00.000Z,1.97098,1.91908,-1.32,-0.00990,stopp
DOT,B,blank,2026-01-26T02:00:00.000Z,2026-01-26T02:00:00.000Z,1.85607,1.83692,0.11,0.00079,mål EMA20
DOT,B,blank,2026-01-26T07:00:00.000Z,2026-01-26T09:00:00.000Z,1.86207,1.84392,0.08,0.00061,mål EMA20
DOT,B,blank,2026-01-30T19:00:00.000Z,2026-01-30T20:00:00.000Z,1.71014,1.68784,0.16,0.00115,mål EMA20
DOT,B,blank,2026-02-01T00:00:00.000Z,2026-02-01T00:00:00.000Z,1.54723,1.55378,-0.28,-0.00204,mål EMA20
DOT,B,blank,2026-02-01T01:00:00.000Z,2026-02-01T01:00:00.000Z,1.55222,1.55178,-0.18,-0.00134,mål EMA20
DOT,B,blank,2026-02-02T10:00:00.000Z,2026-02-02T21:00:00.000Z,1.52124,1.54877,-0.61,-0.00448,tid
DOT,A,blank,2026-02-03T18:00:00.000Z,2026-02-03T19:00:00.000Z,1.46427,1.51185,-1.27,-0.00931,stopp
DOT,B,blank,2026-02-04T20:00:00.000Z,2026-02-04T20:00:00.000Z,1.48626,1.47374,0.01,0.00009,mål EMA20
DOT,A,blank,2026-02-05T12:00:00.000Z,2026-02-06T01:00:00.000Z,1.39230,1.22861,2.85,0.02060,släpande stopp
DOT,B,blank,2026-02-06T06:00:00.000Z,2026-02-06T06:00:00.000Z,1.29535,1.27264,0.14,0.00104,mål EMA20
DOT,B,blank,2026-02-06T10:00:00.000Z,2026-02-06T17:00:00.000Z,1.30435,1.38646,-1.14,-0.00850,stopp
DOT,B,blank,2026-02-07T13:00:00.000Z,2026-02-07T13:00:00.000Z,1.35432,1.34567,-0.04,-0.00032,mål EMA20
DOT,B,blank,2026-02-09T04:00:00.000Z,2026-02-09T04:00:00.000Z,1.34633,1.33267,0.08,0.00060,mål EMA20
DOT,B,blank,2026-02-10T16:00:00.000Z,2026-02-10T16:00:00.000Z,1.28336,1.27864,-0.18,-0.00133,mål EMA20
DOT,B,blank,2026-02-11T01:00:00.000Z,2026-02-11T02:00:00.000Z,1.28536,1.28064,-0.21,-0.00155,mål EMA20
DOT,B,blank,2026-02-11T19:00:00.000Z,2026-02-11T23:00:00.000Z,1.26437,1.25663,-0.06,-0.00047,mål EMA20
DOT,A,blank,2026-02-15T14:00:00.000Z,2026-02-16T13:00:00.000Z,1.35432,1.35568,-0.31,-0.00231,tid
DOT,B,blank,2026-02-20T01:00:00.000Z,2026-02-20T02:00:00.000Z,1.29535,1.28964,-0.18,-0.00132,mål EMA20
DOT,B,blank,2026-02-20T09:00:00.000Z,2026-02-20T13:00:00.000Z,1.29935,1.28564,0.14,0.00105,mål EMA20
DOT,A,blank,2026-02-23T02:00:00.000Z,2026-02-23T06:00:00.000Z,1.24338,1.27265,-1.37,-0.01004,stopp
DOT,B,blank,2026-02-23T10:00:00.000Z,2026-02-23T15:00:00.000Z,1.29535,1.28164,0.12,0.00086,mål EMA20
DOT,B,blank,2026-02-24T17:00:00.000Z,2026-02-24T17:00:00.000Z,1.25637,1.25163,-0.19,-0.00135,mål EMA20
DOT,B,kop,2026-02-26T06:00:00.000Z,2026-02-26T06:00:00.000Z,1.58579,1.58721,-0.11,-0.00081,mål EMA20
DOT,B,kop,2026-02-26T08:00:00.000Z,2026-02-26T08:00:00.000Z,1.58179,1.59820,0.04,0.00027,mål EMA20
DOT,B,kop,2026-02-27T12:00:00.000Z,2026-02-27T17:00:00.000Z,1.56678,1.59420,0.20,0.00142,mål EMA20
DOT,B,kop,2026-03-01T05:00:00.000Z,2026-03-01T05:00:00.000Z,1.60180,1.59920,-0.19,-0.00136,mål EMA20
DOT,B,kop,2026-03-01T06:00:00.000Z,2026-03-01T06:00:00.000Z,1.59980,1.59720,-0.20,-0.00143,mål EMA20
DOT,B,kop,2026-03-01T07:00:00.000Z,2026-03-01T07:00:00.000Z,1.59980,1.60420,-0.11,-0.00080,mål EMA20
DOT,A,kop,2026-03-09T06:00:00.000Z,2026-03-09T07:00:00.000Z,1.51476,1.47182,-1.30,-0.00933,stopp
DOT,B,kop,2026-03-09T23:00:00.000Z,2026-03-09T23:00:00.000Z,1.48874,1.49325,-0.18,-0.00128,mål EMA20
DOT,B,kop,2026-03-10T14:00:00.000Z,2026-03-10T14:00:00.000Z,1.50975,1.53623,0.41,0.00291,mål EMA20
DOT,B,kop,2026-03-12T02:00:00.000Z,2026-03-12T09:00:00.000Z,1.51476,1.51624,-0.32,-0.00225,mål EMA20
DOT,A,kop,2026-03-16T05:00:00.000Z,2026-03-16T14:00:00.000Z,1.52576,1.56653,0.72,0.00510,släpande stopp
DOT,B,kop,2026-03-16T16:00:00.000Z,2026-03-16T16:00:00.000Z,1.56878,1.58921,0.14,0.00102,mål EMA20
DOT,B,kop,2026-03-17T04:00:00.000Z,2026-03-17T04:00:00.000Z,1.60380,1.59920,-0.34,-0.00241,mål EMA20
DOT,B,kop,2026-03-17T05:00:00.000Z,2026-03-17T05:00:00.000Z,1.59980,1.59720,-0.30,-0.00211,mål EMA20
DOT,B,kop,2026-03-17T06:00:00.000Z,2026-03-17T07:00:00.000Z,1.59880,1.61219,0.01,0.00008,mål EMA20
DOT,B,kop,2026-03-18T12:00:00.000Z,2026-03-18T14:00:00.000Z,1.60380,1.56559,-1.36,-0.00964,stopp
DOT,A,kop,2026-03-23T12:00:00.000Z,2026-03-23T16:00:00.000Z,1.46673,1.42973,-1.34,-0.00937,stopp
DOT,B,blank,2026-03-28T06:00:00.000Z,2026-03-28T11:00:00.000Z,1.29035,1.28864,-0.36,-0.00251,mål EMA20
DOT,B,blank,2026-03-29T22:00:00.000Z,2026-03-29T22:00:00.000Z,1.26637,1.25163,0.25,0.00175,mål EMA20
DOT,B,blank,2026-03-31T02:00:00.000Z,2026-03-31T03:00:00.000Z,1.25637,1.25463,-0.32,-0.00222,mål EMA20
DOT,B,blank,2026-04-02T15:00:00.000Z,2026-04-02T15:00:00.000Z,1.22938,1.22261,-0.12,-0.00081,mål EMA20
DOT,B,blank,2026-04-03T00:00:00.000Z,2026-04-03T06:00:00.000Z,1.23638,1.25968,-1.47,-0.01008,stopp
DOT,B,blank,2026-04-05T16:00:00.000Z,2026-04-05T16:00:00.000Z,1.23138,1.22661,-0.24,-0.00162,mål EMA20
DOT,B,blank,2026-04-07T20:00:00.000Z,2026-04-07T20:00:00.000Z,1.23338,1.23362,-0.45,-0.00306,mål EMA20
DOT,A,blank,2026-04-12T02:00:00.000Z,2026-04-13T01:00:00.000Z,1.24538,1.23962,-0.14,-0.00096,tid
DOT,A,blank,2026-04-13T05:00:00.000Z,2026-04-13T06:00:00.000Z,1.18641,1.18700,-0.34,-0.00226,släpande stopp
DOT,B,blank,2026-04-15T12:00:00.000Z,2026-04-15T13:00:00.000Z,1.16942,1.16658,-0.26,-0.00172,mål EMA20
DOT,A,blank,2026-04-18T12:00:00.000Z,2026-04-19T11:00:00.000Z,1.28836,1.27564,0.07,0.00048,tid
DOT,B,blank,2026-04-19T12:00:00.000Z,2026-04-19T16:00:00.000Z,1.27536,1.27063,-0.22,-0.00145,mål EMA20
DOT,B,blank,2026-04-20T04:00:00.000Z,2026-04-20T05:00:00.000Z,1.26337,1.25463,-0.05,-0.00036,mål EMA20
DOT,A,blank,2026-04-23T18:00:00.000Z,2026-04-24T00:00:00.000Z,1.22239,1.24726,-1.43,-0.00954,stopp
DOT,B,blank,2026-04-24T01:00:00.000Z,2026-04-24T02:00:00.000Z,1.24438,1.24562,-0.49,-0.00320,mål EMA20
DOT,B,blank,2026-04-26T05:00:00.000Z,2026-04-26T06:00:00.000Z,1.24638,1.26386,-1.63,-0.01066,stopp
DOT,A,blank,2026-04-27T16:00:00.000Z,2026-04-28T05:00:00.000Z,1.21839,1.24103,-1.47,-0.00947,stopp
DOT,B,blank,2026-04-28T14:00:00.000Z,2026-04-28T16:00:00.000Z,1.23238,1.22961,-0.38,-0.00243,mål EMA20
DOT,B,blank,2026-04-30T01:00:00.000Z,2026-04-30T02:00:00.000Z,1.22339,1.21060,0.13,0.00082,mål EMA20
DOT,B,blank,2026-04-30T10:00:00.000Z,2026-04-30T10:00:00.000Z,1.21439,1.21161,-0.32,-0.00201,mål EMA20
DOT,B,blank,2026-05-01T02:00:00.000Z,2026-05-01T02:00:00.000Z,1.20740,1.20460,-0.43,-0.00270,mål EMA20
DOT,A,kop,2026-05-13T03:00:00.000Z,2026-05-13T11:00:00.000Z,1.37669,1.39362,0.22,0.00136,släpande stopp
DOT,A,kop,2026-05-14T15:00:00.000Z,2026-05-14T23:00:00.000Z,1.37169,1.37711,-0.18,-0.00112,släpande stopp
DOT,B,kop,2026-05-15T00:00:00.000Z,2026-05-15T00:00:00.000Z,1.36468,1.37231,-0.09,-0.00059,mål EMA20
DOT,A,kop,2026-05-21T05:00:00.000Z,2026-05-21T10:00:00.000Z,1.28664,1.26492,-1.51,-0.00948,stopp
DOT,B,kop,2026-05-22T19:00:00.000Z,2026-05-22T23:00:00.000Z,1.29465,1.25918,-1.31,-0.00808,stopp
DOT,A,kop,2026-05-23T21:00:00.000Z,2026-05-23T22:00:00.000Z,1.32666,1.28966,-1.31,-0.00794,stopp
DOT,B,kop,2026-05-24T04:00:00.000Z,2026-05-24T04:00:00.000Z,1.28564,1.28236,-0.40,-0.00240,mål EMA20
DOT,B,kop,2026-05-24T05:00:00.000Z,2026-05-24T05:00:00.000Z,1.28364,1.27836,-0.47,-0.00280,mål EMA20
DOT,B,kop,2026-05-24T06:00:00.000Z,2026-05-24T06:00:00.000Z,1.27964,1.27836,-0.36,-0.00213,mål EMA20
DOT,A,kop,2026-05-25T16:00:00.000Z,2026-05-25T22:00:00.000Z,1.28464,1.25983,-1.45,-0.00858,stopp
DOT,B,blank,2026-06-02T11:00:00.000Z,2026-06-02T11:00:00.000Z,1.14343,1.13557,-0.05,-0.00027,mål EMA20
DOT,A,blank,2026-06-02T15:00:00.000Z,2026-06-02T17:00:00.000Z,1.12144,1.12200,-0.32,-0.00189,släpande stopp
DOT,B,blank,2026-06-03T08:00:00.000Z,2026-06-03T16:00:00.000Z,1.11344,1.10255,0.05,0.00032,mål EMA20
DOT,A,blank,2026-06-04T02:00:00.000Z,2026-06-04T03:00:00.000Z,1.05747,1.05853,-0.21,-0.00123,släpande stopp
DOT,A,blank,2026-06-05T06:00:00.000Z,2026-06-05T09:00:00.000Z,0.997501,0.998000,-0.19,-0.00111,släpande stopp
DOT,A,blank,2026-06-06T05:00:00.000Z,2026-06-06T08:00:00.000Z,0.896552,0.947695,-1.15,-0.00670,stopp
DOT,B,blank,2026-06-07T02:00:00.000Z,2026-06-07T13:00:00.000Z,0.961519,0.961480,-0.24,-0.00137,tid
DOT,A,blank,2026-06-09T17:00:00.000Z,2026-06-09T19:00:00.000Z,0.938531,0.963937,-1.32,-0.00758,stopp
DOT,A,blank,2026-06-10T21:00:00.000Z,2026-06-11T03:00:00.000Z,0.915542,0.941703,-1.31,-0.00738,stopp
DOT,A,blank,2026-06-18T16:00:00.000Z,2026-06-18T20:00:00.000Z,0.944527,0.973955,-1.28,-0.00714,stopp
DOT,B,blank,2026-06-18T21:00:00.000Z,2026-06-18T21:00:00.000Z,0.972514,0.969484,-0.18,-0.00097,mål EMA20
DOT,B,blank,2026-06-19T01:00:00.000Z,2026-06-19T03:00:00.000Z,0.976512,0.966483,0.09,0.00051,mål EMA20
DOT,B,blank,2026-06-19T14:00:00.000Z,2026-06-19T16:00:00.000Z,0.967516,0.955477,0.20,0.00109,mål EMA20
DOT,B,blank,2026-06-20T06:00:00.000Z,2026-06-20T12:00:00.000Z,0.967516,0.963481,-0.20,-0.00110,mål EMA20
DOT,A,blank,2026-06-23T08:00:00.000Z,2026-06-23T11:00:00.000Z,0.905547,0.906000,-0.39,-0.00217,släpande stopp
DOT,B,blank,2026-06-23T21:00:00.000Z,2026-06-23T21:00:00.000Z,0.908546,0.909454,-0.47,-0.00255,mål EMA20
DOT,B,blank,2026-06-23T22:00:00.000Z,2026-06-23T22:00:00.000Z,0.909545,0.909454,-0.43,-0.00232,mål EMA20
DOT,B,blank,2026-06-24T01:00:00.000Z,2026-06-24T02:00:00.000Z,0.914543,0.909454,-0.14,-0.00075,mål EMA20
DOT,A,blank,2026-06-24T16:00:00.000Z,2026-06-24T20:00:00.000Z,0.872564,0.873000,-0.36,-0.00197,släpande stopp
DOT,B,blank,2026-06-24T22:00:00.000Z,2026-06-24T22:00:00.000Z,0.887556,0.884442,-0.15,-0.00081,mål EMA20
DOT,A,blank,2026-06-25T14:00:00.000Z,2026-06-25T14:00:00.000Z,0.823588,0.850856,-1.27,-0.00682,stopp
DOT,A,blank,2026-06-26T03:00:00.000Z,2026-06-26T06:00:00.000Z,0.807596,0.836774,-1.24,-0.00662,stopp
DOT,B,blank,2026-06-26T14:00:00.000Z,2026-06-27T01:00:00.000Z,0.849575,0.848424,-0.20,-0.00103,mål EMA20
DOT,A,blank,2026-06-27T22:00:00.000Z,2026-06-28T03:00:00.000Z,0.820589,0.821000,-0.45,-0.00236,släpande stopp
DOT,A,blank,2026-07-06T13:00:00.000Z,2026-07-06T15:00:00.000Z,0.852573,0.868874,-1.46,-0.00763,stopp
DOT,A,blank,2026-07-07T14:00:00.000Z,2026-07-07T16:00:00.000Z,0.859570,0.876742,-1.44,-0.00742,stopp
DOT,A,blank,2026-07-08T09:00:00.000Z,2026-07-09T08:00:00.000Z,0.826587,0.833416,-0.70,-0.00355,tid
DOT,A,blank,2026-07-19T18:00:00.000Z,2026-07-20T12:00:00.000Z,0.817591,0.818000,-0.57,-0.00285,släpande stopp
DOT,A,blank,2026-07-23T14:00:00.000Z,2026-07-24T13:00:00.000Z,0.813593,0.796398,0.81,0.00407,tid
DOT,B,blank,2026-07-24T18:00:00.000Z,2026-07-24T18:00:00.000Z,0.803598,0.806403,-0.75,-0.00378,mål EMA20
DOT,B,blank,2026-07-24T19:00:00.000Z,2026-07-24T20:00:00.000Z,0.805597,0.806403,-0.59,-0.00295,mål EMA20
DOT,B,blank,2026-07-25T00:00:00.000Z,2026-07-25T09:00:00.000Z,0.807596,0.819491,-1.60,-0.00798,stopp
DOT,A,blank,2026-07-27T12:00:00.000Z,2026-07-28T05:00:00.000Z,0.806597,0.767688,3.04,0.01488,släpande stopp
DOT,B,blank,2026-07-28T06:00:00.000Z,2026-07-28T06:00:00.000Z,0.770615,0.765382,-0.06,-0.00029,mål EMA20
DOT,B,blank,2026-07-28T22:00:00.000Z,2026-07-28T22:00:00.000Z,0.766617,0.761381,-0.06,-0.00031,mål EMA20
DOT,B,blank,2026-08-01T03:00:00.000Z,2026-08-01T06:00:00.000Z,0.764618,0.762381,-0.35,-0.00178,mål EMA20
DOT,A,blank,2026-08-06T11:00:00.000Z,2026-08-07T10:00:00.000Z,0.822588,0.810405,0.50,0.00250,tid
DOT,B,blank,2026-08-07T21:00:00.000Z,2026-08-07T21:00:00.000Z,0.816592,0.813406,-0.29,-0.00147,mål EMA20
DOT,B,blank,2026-08-09T15:00:00.000Z,2026-08-09T15:00:00.000Z,0.812593,0.812406,-0.71,-0.00358,mål EMA20
DOT,A,blank,2026-08-10T00:00:00.000Z,2026-08-10T05:00:00.000Z,0.798601,0.809137,-1.67,-0.00838,stopp
DOT,B,blank,2026-08-10T06:00:00.000Z,2026-08-10T09:00:00.000Z,0.810595,0.806403,-0.21,-0.00104,mål EMA20
DOT,A,blank,2026-08-11T15:00:00.000Z,2026-08-12T01:00:00.000Z,0.780610,0.794354,-1.50,-0.00737,stopp
DOT,B,blank,2026-08-12T02:00:00.000Z,2026-08-12T04:00:00.000Z,0.794603,0.792396,-0.39,-0.00187,mål EMA20
DOT,B,blank,2026-08-12T13:00:00.000Z,2026-08-12T14:00:00.000Z,0.794603,0.780390,0.78,0.00376,mål EMA20
DOT,A,blank,2026-08-12T22:00:00.000Z,2026-08-13T21:00:00.000Z,0.771614,0.773386,-0.74,-0.00357,tid
DOT,A,blank,2026-08-14T10:00:00.000Z,2026-08-14T16:00:00.000Z,0.754623,0.764877,-1.65,-0.00797,stopp
DOT,B,blank,2026-08-14T17:00:00.000Z,2026-08-14T17:00:00.000Z,0.765617,0.762381,-0.33,-0.00154,mål EMA20
DOT,B,blank,2026-08-15T01:00:00.000Z,2026-08-15T02:00:00.000Z,0.766617,0.776724,-1.68,-0.00791,stopp
DOT,B,blank,2026-08-17T19:00:00.000Z,2026-08-17T22:00:00.000Z,0.760620,0.759379,-0.53,-0.00247,mål EMA20
DOT,A,blank,2026-08-18T03:00:00.000Z,2026-08-18T11:00:00.000Z,0.728635,0.742688,-1.46,-0.00673,stopp
DOT,B,blank,2026-08-18T16:00:00.000Z,2026-08-18T20:00:00.000Z,0.748626,0.745372,-0.22,-0.00099,mål EMA20
DOT,A,kop,2026-08-21T08:00:00.000Z,2026-08-21T09:00:00.000Z,0.870435,0.870000,-0.35,-0.00159,släpande stopp
DOT,B,kop,2026-08-22T09:00:00.000Z,2026-08-22T16:00:00.000Z,0.933466,0.935532,-0.10,-0.00047,mål EMA20
DOT,B,kop,2026-08-22T22:00:00.000Z,2026-08-23T00:00:00.000Z,0.909454,0.930535,0.36,0.00163,mål EMA20
DOT,A,kop,2026-09-01T07:00:00.000Z,2026-09-02T06:00:00.000Z,0.871435,0.871000,-0.36,-0.00163,släpande stopp
DOT,A,kop,2026-09-03T16:00:00.000Z,2026-09-04T05:00:00.000Z,0.893446,0.869772,-1.32,-0.00598,stopp
DOT,A,kop,2026-09-07T01:00:00.000Z,2026-09-07T01:00:00.000Z,1.02551,0.990768,-1.25,-0.00557,stopp
DOT,A,kop,2026-09-08T15:00:00.000Z,2026-09-09T01:00:00.000Z,1.12356,1.20232,1.30,0.00571,släpande stopp
DOT,B,kop,2026-09-09T02:00:00.000Z,2026-09-09T02:00:00.000Z,1.19460,1.20240,-0.03,-0.00012,mål EMA20
DOT,B,kop,2026-09-09T08:00:00.000Z,2026-09-09T08:00:00.000Z,1.17259,1.18541,0.06,0.00026,mål EMA20
DOT,B,kop,2026-09-09T14:00:00.000Z,2026-09-09T21:00:00.000Z,1.16058,1.10845,-1.19,-0.00530,stopp
DOT,A,kop,2026-09-16T13:00:00.000Z,2026-09-17T12:00:00.000Z,0.984492,1.03148,1.58,0.00699,tid
DOT,A,kop,2026-09-17T16:00:00.000Z,2026-09-18T11:00:00.000Z,1.06653,1.12038,1.28,0.00574,släpande stopp
DOT,B,kop,2026-09-19T07:00:00.000Z,2026-09-19T11:00:00.000Z,1.11556,1.13743,0.35,0.00159,mål EMA20
DOT,A,kop,2026-09-20T17:00:00.000Z,2026-09-20T21:00:00.000Z,1.16658,1.12665,-1.25,-0.00568,stopp
DOT,A,kop,2026-09-21T09:00:00.000Z,2026-09-22T08:00:00.000Z,1.18259,1.18141,-0.26,-0.00116,tid
DOT,A,kop,2026-09-24T14:00:00.000Z,2026-09-25T13:00:00.000Z,1.15057,1.18141,0.58,0.00260,tid
DOT,A,kop,2026-09-25T21:00:00.000Z,2026-09-26T09:00:00.000Z,1.20360,1.20782,-0.14,-0.00064,släpande stopp
DOT,B,kop,2026-09-26T10:00:00.000Z,2026-09-26T10:00:00.000Z,1.20460,1.23438,0.53,0.00237,mål EMA20
DOT,A,kop,2026-09-26T16:00:00.000Z,2026-09-26T19:00:00.000Z,1.28664,1.24317,-1.25,-0.00566,stopp
DOT,B,kop,2026-09-26T21:00:00.000Z,2026-09-26T21:00:00.000Z,1.22561,1.23638,0.02,0.00009,mål EMA20
DOT,B,kop,2026-09-27T13:00:00.000Z,2026-09-27T17:00:00.000Z,1.24262,1.24738,-0.15,-0.00065,mål EMA20
LTC,A,blank,2025-09-30T16:00:00.000Z,2025-09-30T19:00:00.000Z,104.448,105.767,-1.71,-0.01706,stopp
LTC,B,kop,2025-10-03T03:00:00.000Z,2025-10-03T12:00:00.000Z,117.589,117.981,-0.21,-0.00211,mål EMA20
LTC,A,kop,2025-10-03T19:00:00.000Z,2025-10-04T00:00:00.000Z,123.432,120.182,-1.32,-0.01299,stopp
LTC,B,kop,2025-10-04T01:00:00.000Z,2025-10-04T12:00:00.000Z,120.480,117.961,-1.22,-0.01178,tid
LTC,A,kop,2025-10-05T03:00:00.000Z,2025-10-05T04:00:00.000Z,123.942,121.771,-1.49,-0.01429,stopp
LTC,B,kop,2025-10-05T11:00:00.000Z,2025-10-05T22:00:00.000Z,120.090,118.551,-1.05,-0.00986,tid
LTC,A,kop,2025-10-09T23:00:00.000Z,2025-10-10T06:00:00.000Z,126.743,127.040,-0.18,-0.00171,släpande stopp
LTC,B,kop,2025-10-10T16:00:00.000Z,2025-10-10T20:00:00.000Z,127.124,121.252,-1.18,-0.01099,stopp
LTC,B,blank,2025-10-11T18:00:00.000Z,2025-10-11T18:00:00.000Z,97.4313,97.2186,-0.08,-0.00070,mål EMA20
LTC,B,blank,2025-10-12T05:00:00.000Z,2025-10-12T05:00:00.000Z,94.4328,94.4072,-0.13,-0.00123,mål EMA20
LTC,B,blank,2025-10-12T07:00:00.000Z,2025-10-12T07:00:00.000Z,95.8820,95.3376,-0.04,-0.00040,mål EMA20
LTC,B,blank,2025-10-12T16:00:00.000Z,2025-10-13T03:00:00.000Z,98.1409,99.0595,-0.39,-0.00356,tid
LTC,A,blank,2025-10-14T07:00:00.000Z,2025-10-14T19:00:00.000Z,93.6432,97.6031,-1.21,-0.01103,stopp
LTC,B,blank,2025-10-16T00:00:00.000Z,2025-10-16T00:00:00.000Z,95.4523,95.1776,-0.18,-0.00162,mål EMA20
LTC,A,blank,2025-10-17T08:00:00.000Z,2025-10-17T12:00:00.000Z,85.1674,88.4815,-1.23,-0.01104,stopp
LTC,B,blank,2025-10-17T13:00:00.000Z,2025-10-17T13:00:00.000Z,88.2558,89.0145,-0.42,-0.00375,mål EMA20
LTC,B,blank,2025-10-17T14:00:00.000Z,2025-10-17T14:00:00.000Z,88.9255,88.5843,-0.11,-0.00094,mål EMA20
LTC,B,blank,2025-10-29T07:00:00.000Z,2025-10-29T08:00:00.000Z,97.4413,97.7589,-0.48,-0.00421,mål EMA20
LTC,A,blank,2025-10-30T14:00:00.000Z,2025-10-31T13:00:00.000Z,93.1834,95.0675,-0.93,-0.00821,tid
LTC,A,blank,2025-11-03T04:00:00.000Z,2025-11-03T17:00:00.000Z,94.0829,89.8381,1.13,0.00985,släpande stopp
LTC,B,blank,2025-11-04T02:00:00.000Z,2025-11-04T02:00:00.000Z,89.2354,89.1345,-0.19,-0.00169,mål EMA20
LTC,B,blank,2025-11-04T15:00:00.000Z,2025-11-04T15:00:00.000Z,88.5257,87.5638,0.08,0.00070,mål EMA20
LTC,B,blank,2025-11-05T03:00:00.000Z,2025-11-05T08:00:00.000Z,86.9465,86.3331,-0.02,-0.00016,mål EMA20
LTC,A,blank,2025-11-09T03:00:00.000Z,2025-11-09T11:00:00.000Z,101.449,106.223,-1.19,-0.01046,stopp
LTC,B,kop,2025-11-10T03:00:00.000Z,2025-11-10T03:00:00.000Z,109.535,108.306,-0.37,-0.00320,mål EMA20
LTC,B,kop,2025-11-10T04:00:00.000Z,2025-11-10T04:00:00.000Z,108.414,108.456,-0.15,-0.00127,mål EMA20
LTC,B,kop,2025-11-10T08:00:00.000Z,2025-11-10T09:00:00.000Z,107.284,108.376,0.05,0.00040,mål EMA20
LTC,A,kop,2025-11-15T03:00:00.000Z,2025-11-16T01:00:00.000Z,105.313,100.586,-1.19,-0.01029,stopp
LTC,A,kop,2025-11-18T16:00:00.000Z,2025-11-19T05:00:00.000Z,96.3982,93.1328,-1.25,-0.01071,stopp
LTC,B,kop,2025-11-25T06:00:00.000Z,2025-11-25T16:00:00.000Z,84.8824,85.1074,-0.24,-0.00201,mål EMA20
LTC,B,kop,2025-11-27T23:00:00.000Z,2025-11-28T01:00:00.000Z,86.6533,85.3052,-1.56,-0.01316,stopp
LTC,B,blank,2025-12-02T01:00:00.000Z,2025-12-02T04:00:00.000Z,77.7111,77.5888,-0.31,-0.00258,mål EMA20
LTC,A,blank,2025-12-05T17:00:00.000Z,2025-12-06T16:00:00.000Z,80.4597,81.1305,-0.79,-0.00657,tid
LTC,A,blank,2025-12-11T02:00:00.000Z,2025-12-11T21:00:00.000Z,81.4992,83.4958,-1.36,-0.01116,stopp
LTC,B,blank,2025-12-13T03:00:00.000Z,2025-12-13T05:00:00.000Z,82.1089,82.2511,-0.61,-0.00494,mål EMA20
LTC,B,blank,2025-12-13T17:00:00.000Z,2025-12-13T17:00:00.000Z,81.8690,81.6308,-0.44,-0.00358,mål EMA20
LTC,B,blank,2025-12-14T03:00:00.000Z,2025-12-14T03:00:00.000Z,81.6691,81.5307,-0.61,-0.00490,mål EMA20
LTC,A,blank,2025-12-14T16:00:00.000Z,2025-12-15T01:00:00.000Z,78.8705,79.9842,-1.63,-0.01298,stopp
LTC,B,blank,2025-12-15T02:00:00.000Z,2025-12-15T13:00:00.000Z,80.3398,80.6503,-0.69,-0.00542,tid
LTC,B,blank,2025-12-16T04:00:00.000Z,2025-12-16T04:00:00.000Z,77.8111,77.4587,-0.17,-0.00135,mål EMA20
LTC,B,blank,2025-12-16T11:00:00.000Z,2025-12-16T13:00:00.000Z,78.4108,77.6688,0.07,0.00057,mål EMA20
LTC,B,blank,2025-12-18T11:00:00.000Z,2025-12-18T11:00:00.000Z,76.1319,76.2581,-0.47,-0.00364,mål EMA20
LTC,B,blank,2025-12-18T12:00:00.000Z,2025-12-18T13:00:00.000Z,76.1819,77.7413,-1.43,-0.01107,stopp
LTC,A,blank,2025-12-18T20:00:00.000Z,2025-12-19T03:00:00.000Z,72.7136,75.1704,-1.26,-0.00961,stopp
LTC,B,blank,2025-12-19T04:00:00.000Z,2025-12-19T15:00:00.000Z,75.7321,76.2881,-0.53,-0.00400,tid
LTC,B,blank,2025-12-24T13:00:00.000Z,2025-12-24T14:00:00.000Z,76.4218,75.3577,0.39,0.00290,mål EMA20
LTC,A,blank,2025-12-28T19:00:00.000Z,2025-12-29T00:00:00.000Z,78.2609,79.2871,-1.68,-0.01263,stopp
LTC,A,blank,2025-12-31T17:00:00.000Z,2026-01-01T13:00:00.000Z,76.8815,77.9564,-1.64,-0.01210,stopp
LTC,A,blank,2026-01-06T18:00:00.000Z,2026-01-06T21:00:00.000Z,81.3593,83.1162,-1.41,-0.01024,stopp
LTC,A,blank,2026-01-07T15:00:00.000Z,2026-01-08T14:00:00.000Z,82.1989,80.7904,0.51,0.00368,tid
LTC,B,blank,2026-01-08T16:00:00.000Z,2026-01-08T19:00:00.000Z,81.3193,81.0805,-0.28,-0.00201,mål EMA20
LTC,A,blank,2026-01-11T22:00:00.000Z,2026-01-12T02:00:00.000Z,79.3003,79.2126,-0.56,-0.00400,släpande stopp
LTC,B,blank,2026-01-12T05:00:00.000Z,2026-01-12T06:00:00.000Z,80.0200,79.6398,-0.19,-0.00137,mål EMA20
LTC,A,blank,2026-01-12T13:00:00.000Z,2026-01-13T12:00:00.000Z,76.3518,76.7784,-0.66,-0.00471,tid
LTC,B,blank,2026-01-13T17:00:00.000Z,2026-01-13T17:00:00.000Z,77.5512,76.7283,0.12,0.00088,mål EMA20
LTC,A,blank,2026-01-15T04:00:00.000Z,2026-01-15T09:00:00.000Z,73.9130,76.3450,-1.27,-0.00899,stopp
LTC,B,blank,2026-01-15T10:00:00.000Z,2026-01-15T10:00:00.000Z,75.9720,75.8379,-0.21,-0.00146,mål EMA20
LTC,A,blank,2026-01-19T00:00:00.000Z,2026-01-19T01:00:00.000Z,72.2439,69.4647,1.59,0.01114,släpande stopp
LTC,B,blank,2026-01-19T17:00:00.000Z,2026-01-19T17:00:00.000Z,70.8745,71.1556,-0.54,-0.00385,mål EMA20
LTC,B,blank,2026-01-19T18:00:00.000Z,2026-01-19T21:00:00.000Z,71.0844,71.2056,-0.44,-0.00314,mål EMA20
LTC,A,blank,2026-01-20T16:00:00.000Z,2026-01-21T00:00:00.000Z,68.6457,67.9052,0.14,0.00098,släpande stopp
LTC,B,blank,2026-01-21T01:00:00.000Z,2026-01-21T01:00:00.000Z,68.1859,68.4642,-0.50,-0.00352,mål EMA20
LTC,B,blank,2026-01-21T02:00:00.000Z,2026-01-21T08:00:00.000Z,68.3958,68.4742,-0.39,-0.00276,mål EMA20
LTC,A,blank,2026-01-25T20:00:00.000Z,2026-01-26T00:00:00.000Z,65.9770,67.6325,-1.35,-0.00943,stopp
LTC,B,blank,2026-01-26T01:00:00.000Z,2026-01-26T02:00:00.000Z,67.5662,67.7339,-0.42,-0.00290,mål EMA20
LTC,A,blank,2026-01-29T11:00:00.000Z,2026-01-29T17:00:00.000Z,67.4862,66.3156,0.62,0.00426,släpande stopp
LTC,A,blank,2026-01-30T03:00:00.000Z,2026-01-30T19:00:00.000Z,63.9180,65.8187,-1.30,-0.00894,stopp
LTC,B,blank,2026-01-30T20:00:00.000Z,2026-01-30T20:00:00.000Z,65.6971,65.0525,0.07,0.00045,mål EMA20
LTC,A,blank,2026-01-31T09:00:00.000Z,2026-01-31T19:00:00.000Z,63.0185,58.1814,2.94,0.02001,släpande stopp
LTC,B,blank,2026-02-01T01:00:00.000Z,2026-02-01T01:00:00.000Z,59.6302,59.5498,-0.18,-0.00124,mål EMA20
LTC,B,blank,2026-02-01T10:00:00.000Z,2026-02-01T10:00:00.000Z,59.6502,58.7794,0.23,0.00163,mål EMA20
LTC,B,blank,2026-02-02T10:00:00.000Z,2026-02-02T21:00:00.000Z,59.1504,59.8599,-0.51,-0.00360,tid
LTC,A,blank,2026-02-03T19:00:00.000Z,2026-02-03T19:00:00.000Z,57.0115,58.7267,-1.29,-0.00902,stopp
LTC,B,blank,2026-02-04T20:00:00.000Z,2026-02-04T20:00:00.000Z,59.4503,59.0495,-0.04,-0.00026,mål EMA20
LTC,B,blank,2026-02-06T06:00:00.000Z,2026-02-06T06:00:00.000Z,52.2838,51.1255,0.22,0.00154,mål EMA20
LTC,B,blank,2026-02-06T12:00:00.000Z,2026-02-06T16:00:00.000Z,52.5037,55.3122,-1.17,-0.00805,stopp
LTC,B,blank,2026-02-10T18:00:00.000Z,2026-02-10T18:00:00.000Z,53.7331,53.0965,0.19,0.00127,mål EMA20
LTC,B,blank,2026-02-11T14:00:00.000Z,2026-02-11T14:00:00.000Z,52.5137,53.5120,-1.46,-0.01001,stopp
LTC,B,blank,2026-02-11T22:00:00.000Z,2026-02-12T09:00:00.000Z,52.6337,53.5368,-1.01,-0.00679,tid
LTC,B,blank,2026-02-18T04:00:00.000Z,2026-02-18T04:00:00.000Z,54.2629,54.2071,-0.35,-0.00236,mål EMA20
LTC,B,blank,2026-02-18T08:00:00.000Z,2026-02-18T09:00:00.000Z,54.4228,54.3071,-0.33,-0.00221,mål EMA20
LTC,B,blank,2026-02-19T19:00:00.000Z,2026-02-19T19:00:00.000Z,52.6437,52.6663,-0.41,-0.00273,mål EMA20
LTC,B,blank,2026-02-19T20:00:00.000Z,2026-02-19T20:00:00.000Z,52.6137,52.6763,-0.46,-0.00304,mål EMA20
LTC,B,blank,2026-02-19T21:00:00.000Z,2026-02-19T21:00:00.000Z,52.6237,52.5363,-0.32,-0.00213,mål EMA20
LTC,B,blank,2026-02-20T01:00:00.000Z,2026-02-20T09:00:00.000Z,52.8835,53.8255,-1.50,-0.00979,stopp
LTC,A,blank,2026-02-22T15:00:00.000Z,2026-02-23T06:00:00.000Z,53.1934,52.1103,0.92,0.00592,släpande stopp
LTC,B,blank,2026-02-23T10:00:00.000Z,2026-02-23T15:00:00.000Z,52.8736,52.1561,0.29,0.00191,mål EMA20
LTC,B,blank,2026-02-24T16:00:00.000Z,2026-02-24T21:00:00.000Z,51.2544,51.2656,-0.37,-0.00242,mål EMA20
LTC,A,blank,2026-02-26T17:00:00.000Z,2026-02-26T20:00:00.000Z,54.5227,55.8933,-1.35,-0.00878,stopp
LTC,B,blank,2026-02-28T00:00:00.000Z,2026-02-28T01:00:00.000Z,54.5227,54.7173,-0.62,-0.00397,mål EMA20
LTC,A,blank,2026-02-28T07:00:00.000Z,2026-02-28T18:00:00.000Z,52.0839,53.3260,-1.37,-0.00873,stopp
LTC,B,blank,2026-02-28T19:00:00.000Z,2026-03-01T02:00:00.000Z,53.8331,55.2741,-1.33,-0.00835,stopp
LTC,A,blank,2026-03-01T21:00:00.000Z,2026-03-02T00:00:00.000Z,52.6037,53.9538,-1.34,-0.00833,stopp
LTC,B,blank,2026-03-02T01:00:00.000Z,2026-03-02T06:00:00.000Z,53.7531,53.4767,-0.11,-0.00069,mål EMA20
LTC,A,blank,2026-03-06T15:00:00.000Z,2026-03-07T14:00:00.000Z,53.7231,53.9970,-0.67,-0.00407,tid
LTC,A,blank,2026-03-18T12:00:00.000Z,2026-03-19T11:00:00.000Z,56.5417,55.4077,0.74,0.00447,tid
LTC,B,blank,2026-03-19T20:00:00.000Z,2026-03-19T22:00:00.000Z,55.6022,55.5578,-0.44,-0.00269,mål EMA20
LTC,A,blank,2026-03-22T00:00:00.000Z,2026-03-22T23:00:00.000Z,54.7626,53.5368,1.12,0.00685,tid
LTC,B,blank,2026-03-23T03:00:00.000Z,2026-03-23T03:00:00.000Z,53.9030,53.9570,-0.65,-0.00401,mål EMA20
LTC,B,blank,2026-03-23T04:00:00.000Z,2026-03-23T06:00:00.000Z,53.9030,53.6168,-0.20,-0.00121,mål EMA20
LTC,B,blank,2026-03-27T16:00:00.000Z,2026-03-27T16:00:00.000Z,54.2928,54.2671,-0.48,-0.00295,mål EMA20
LTC,B,blank,2026-03-28T07:00:00.000Z,2026-03-28T09:00:00.000Z,53.8031,53.7869,-0.62,-0.00375,mål EMA20
LTC,B,blank,2026-03-29T22:00:00.000Z,2026-03-29T22:00:00.000Z,53.7631,53.1566,0.31,0.00189,mål EMA20
LTC,B,blank,2026-04-03T00:00:00.000Z,2026-04-03T02:00:00.000Z,52.2639,52.3061,-0.65,-0.00395,mål EMA20
LTC,B,blank,2026-04-03T05:00:00.000Z,2026-04-03T16:00:00.000Z,52.6537,53.1966,-1.48,-0.00890,tid
LTC,A,blank,2026-04-12T02:00:00.000Z,2026-04-13T01:00:00.000Z,53.9230,53.8569,-0.53,-0.00316,tid
LTC,B,blank,2026-04-13T15:00:00.000Z,2026-04-13T15:00:00.000Z,53.3733,52.9665,-0.03,-0.00018,mål EMA20
LTC,A,blank,2026-04-18T19:00:00.000Z,2026-04-19T18:00:00.000Z,55.2324,54.6573,0.17,0.00102,tid
LTC,B,blank,2026-04-20T04:00:00.000Z,2026-04-20T04:00:00.000Z,54.6127,54.8174,-0.93,-0.00552,mål EMA20
LTC,B,blank,2026-04-20T05:00:00.000Z,2026-04-20T05:00:00.000Z,54.7726,54.6473,-0.45,-0.00266,mål EMA20
LTC,B,blank,2026-04-23T12:00:00.000Z,2026-04-23T17:00:00.000Z,55.4323,55.5277,-0.92,-0.00533,mål EMA20
LTC,B,blank,2026-04-26T06:00:00.000Z,2026-04-26T12:00:00.000Z,56.0320,56.1581,-1.32,-0.00592,mål EMA20
LTC,A,blank,2026-04-27T06:00:00.000Z,2026-04-28T05:00:00.000Z,55.4822,55.3176,-0.44,-0.00251,tid
LTC,B,blank,2026-04-28T19:00:00.000Z,2026-04-28T23:00:00.000Z,55.2524,55.7579,-1.99,-0.00978,stopp
LTC,A,blank,2026-04-29T19:00:00.000Z,2026-04-30T09:00:00.000Z,54.8825,55.8953,-1.48,-0.00826,stopp
LTC,B,blank,2026-05-01T03:00:00.000Z,2026-05-01T04:00:00.000Z,55.2823,55.2676,-0.81,-0.00426,mål EMA20
LTC,B,blank,2026-05-02T17:00:00.000Z,2026-05-02T17:00:00.000Z,55.3923,55.2776,-0.83,-0.00324,mål EMA20
LTC,B,blank,2026-05-05T06:00:00.000Z,2026-05-05T06:00:00.000Z,55.1724,55.1976,-0.79,-0.00429,mål EMA20
LTC,B,blank,2026-05-05T08:00:00.000Z,2026-05-05T13:00:00.000Z,55.2724,55.8821,-1.81,-0.00977,stopp
LTC,A,kop,2026-05-14T15:00:00.000Z,2026-05-14T20:00:00.000Z,58.2391,58.3683,-0.43,-0.00229,släpande stopp
LTC,B,kop,2026-05-15T00:00:00.000Z,2026-05-15T00:00:00.000Z,58.2291,58.2908,-0.45,-0.00234,mål EMA20
LTC,B,blank,2026-05-23T15:00:00.000Z,2026-05-23T20:00:00.000Z,52.7236,53.5136,-1.59,-0.00835,stopp
LTC,A,blank,2026-05-24T22:00:00.000Z,2026-05-24T22:00:00.000Z,52.1139,52.7586,-1.72,-0.00888,stopp
LTC,B,blank,2026-05-25T06:00:00.000Z,2026-05-25T10:00:00.000Z,52.8835,52.8664,-0.66,-0.00333,mål EMA20
LTC,A,blank,2026-05-26T18:00:00.000Z,2026-05-27T08:00:00.000Z,51.7841,52.5193,-1.63,-0.00819,stopp
LTC,A,blank,2026-05-28T04:00:00.000Z,2026-05-28T16:00:00.000Z,51.0045,51.7896,-1.58,-0.00781,stopp
LTC,A,blank,2026-05-31T17:00:00.000Z,2026-05-31T22:00:00.000Z,51.5742,52.1119,-1.86,-0.00901,stopp
LTC,B,blank,2026-05-31T23:00:00.000Z,2026-05-31T23:00:00.000Z,52.1539,52.0960,-0.70,-0.00330,mål EMA20
LTC,A,blank,2026-06-01T08:00:00.000Z,2026-06-01T17:00:00.000Z,50.9745,51.0000,-0.62,-0.00296,släpande stopp
LTC,B,blank,2026-06-03T08:00:00.000Z,2026-06-03T09:00:00.000Z,48.3658,48.1641,-0.16,-0.00076,mål EMA20
LTC,A,blank,2026-06-04T02:00:00.000Z,2026-06-04T03:00:00.000Z,45.3073,45.8429,-0.70,-0.00330,släpande stopp
LTC,A,blank,2026-06-06T05:00:00.000Z,2026-06-06T07:00:00.000Z,40.9695,42.7873,-1.20,-0.00562,stopp
LTC,B,blank,2026-06-07T09:00:00.000Z,2026-06-07T12:00:00.000Z,42.4987,41.8909,0.21,0.00097,mål EMA20
LTC,B,blank,2026-06-11T02:00:00.000Z,2026-06-11T13:00:00.000Z,42.2788,42.5813,-0.72,-0.00332,tid
LTC,A,blank,2026-06-18T16:00:00.000Z,2026-06-18T23:00:00.000Z,43.0685,43.8748,-1.47,-0.00678,stopp
LTC,B,blank,2026-06-19T00:00:00.000Z,2026-06-19T00:00:00.000Z,43.8281,43.8819,-0.61,-0.00277,mål EMA20
LTC,B,blank,2026-06-19T01:00:00.000Z,2026-06-19T02:00:00.000Z,43.8381,43.8519,-0.57,-0.00257,mål EMA20
LTC,B,blank,2026-06-19T13:00:00.000Z,2026-06-19T15:00:00.000Z,43.7281,44.3606,-1.61,-0.00724,stopp
LTC,A,blank,2026-06-23T09:00:00.000Z,2026-06-24T08:00:00.000Z,43.2983,42.2011,1.06,0.00470,tid
LTC,A,blank,2026-06-24T16:00:00.000Z,2026-06-24T20:00:00.000Z,40.6996,40.5767,-0.26,-0.00115,släpande stopp
LTC,B,blank,2026-06-25T00:00:00.000Z,2026-06-25T00:00:00.000Z,41.1694,41.1506,-0.31,-0.00136,mål EMA20
LTC,B,blank,2026-06-25T04:00:00.000Z,2026-06-25T11:00:00.000Z,41.2694,41.3807,-0.52,-0.00231,mål EMA20
LTC,A,blank,2026-06-25T14:00:00.000Z,2026-06-25T14:00:00.000Z,39.4203,40.4962,-1.32,-0.00583,stopp
LTC,A,blank,2026-06-30T13:00:00.000Z,2026-07-01T02:00:00.000Z,41.9290,42.6122,-1.54,-0.00672,stopp
LTC,A,blank,2026-07-06T09:00:00.000Z,2026-07-06T15:00:00.000Z,44.7676,44.7900,-0.50,-0.00213,släpande stopp
LTC,B,blank,2026-07-09T00:00:00.000Z,2026-07-09T02:00:00.000Z,43.6382,43.4917,-0.32,-0.00135,mål EMA20
LTC,B,blank,2026-07-14T00:00:00.000Z,2026-07-14T07:00:00.000Z,43.5482,43.6218,-0.76,-0.00322,mål EMA20
LTC,B,kop,2026-07-21T18:00:00.000Z,2026-07-22T02:00:00.000Z,47.3136,46.5335,-1.53,-0.00644,stopp
LTC,B,kop,2026-07-23T06:00:00.000Z,2026-07-23T06:00:00.000Z,47.1035,47.2164,-0.49,-0.00205,mål EMA20
LTC,A,kop,2026-07-26T16:00:00.000Z,2026-07-27T01:00:00.000Z,47.7939,47.2472,-1.77,-0.00733,stopp
LTC,B,kop,2026-08-06T03:00:00.000Z,2026-08-06T08:00:00.000Z,45.0025,45.0874,-0.60,-0.00245,mål EMA20
LTC,B,kop,2026-08-06T20:00:00.000Z,2026-08-06T20:00:00.000Z,45.4227,45.4972,-0.63,-0.00252,mål EMA20
LTC,A,kop,2026-08-16T16:00:00.000Z,2026-08-16T18:00:00.000Z,44.7524,44.4510,-2.36,-0.00590,stopp
LTC,A,kop,2026-08-19T09:00:00.000Z,2026-08-20T08:00:00.000Z,44.9925,47.5262,5.76,0.01901,tid
LTC,A,kop,2026-08-20T09:00:00.000Z,2026-08-21T08:00:00.000Z,47.5738,51.4543,4.55,0.01886,tid
LTC,A,kop,2026-08-22T03:00:00.000Z,2026-08-22T05:00:00.000Z,54.5272,52.6222,-1.24,-0.00538,stopp
LTC,B,kop,2026-08-22T09:00:00.000Z,2026-08-22T13:00:00.000Z,51.3857,52.1839,0.16,0.00068,mål EMA20
LTC,B,kop,2026-08-24T01:00:00.000Z,2026-08-24T05:00:00.000Z,52.1761,52.0440,-0.44,-0.00190,mål EMA20
LTC,A,kop,2026-08-24T13:00:00.000Z,2026-08-24T13:00:00.000Z,53.4867,51.9072,-1.29,-0.00549,stopp
LTC,A,kop,2026-08-30T16:00:00.000Z,2026-08-30T19:00:00.000Z,50.0550,49.5338,-1.85,-0.00773,stopp
LTC,A,kop,2026-09-01T15:00:00.000Z,2026-09-01T18:00:00.000Z,49.6548,48.8841,-1.56,-0.00645,stopp
LTC,A,kop,2026-09-03T09:00:00.000Z,2026-09-04T05:00:00.000Z,50.8754,50.9730,-0.39,-0.00157,släpande stopp
LTC,A,kop,2026-09-05T03:00:00.000Z,2026-09-05T08:00:00.000Z,52.2361,52.9951,0.38,0.00153,släpande stopp
LTC,B,kop,2026-09-06T08:00:00.000Z,2026-09-06T08:00:00.000Z,53.9670,54.1229,-0.23,-0.00094,mål EMA20
LTC,A,kop,2026-09-07T13:00:00.000Z,2026-09-07T14:00:00.000Z,59.1195,57.3665,-1.29,-0.00522,stopp
LTC,A,kop,2026-09-11T13:00:00.000Z,2026-09-12T12:00:00.000Z,53.3967,53.9730,0.14,0.00057,tid
LTC,B,kop,2026-09-12T14:00:00.000Z,2026-09-12T14:00:00.000Z,53.9069,53.9830,-0.44,-0.00179,mål EMA20
LTC,B,kop,2026-09-12T20:00:00.000Z,2026-09-13T00:00:00.000Z,53.7168,53.7531,-0.57,-0.00229,mål EMA20
LTC,A,kop,2026-09-18T08:00:00.000Z,2026-09-19T05:00:00.000Z,55.2476,57.5615,2.22,0.00881,släpande stopp
LTC,B,kop,2026-09-19T07:00:00.000Z,2026-09-19T08:00:00.000Z,57.2986,57.2713,-0.36,-0.00146,mål EMA20
LTC,A,kop,2026-09-21T11:00:00.000Z,2026-09-21T17:00:00.000Z,60.5102,61.3316,0.22,0.00087,släpande stopp
LTC,B,kop,2026-09-22T03:00:00.000Z,2026-09-22T12:00:00.000Z,60.5503,61.3193,0.15,0.00061,mål EMA20
LTC,A,kop,2026-09-24T03:00:00.000Z,2026-09-24T09:00:00.000Z,65.8429,65.8100,-0.21,-0.00085,släpande stopp
LTC,B,kop,2026-09-25T13:00:00.000Z,2026-09-25T18:00:00.000Z,70.1350,71.0644,0.14,0.00055,mål EMA20
LTC,B,kop,2026-09-26T14:00:00.000Z,2026-09-26T14:00:00.000Z,72.1160,72.8835,0.08,0.00034,mål EMA20
LTC,B,kop,2026-09-26T19:00:00.000Z,2026-09-26T23:00:00.000Z,71.7959,72.5437,0.08,0.00033,mål EMA20
LTC,B,kop,2026-09-27T04:00:00.000Z,2026-09-27T07:00:00.000Z,71.4357,72.0639,0.03,0.00013,mål EMA20
LTC,B,kop,2026-09-27T11:00:00.000Z,2026-09-27T22:00:00.000Z,71.6058,70.7446,-0.99,-0.00401,tid
NVDA,A,kop,2025-09-29T14:30:00.000Z,2025-09-29T19:30:00.000Z,183.467,181.729,-0.50,-0.00502,dagens slut
NVDA,A,kop,2025-09-30T15:30:00.000Z,2025-09-30T19:30:00.000Z,186.388,186.467,-0.03,-0.00029,dagens slut
NVDA,B,kop,2025-10-03T17:30:00.000Z,2025-10-03T19:30:00.000Z,187.254,187.527,0.03,0.00030,mål EMA20
NVDA,B,kop,2025-10-06T14:30:00.000Z,2025-10-06T19:30:00.000Z,185.633,185.437,-0.12,-0.00115,dagens slut
NVDA,A,kop,2025-10-17T14:30:00.000Z,2025-10-17T19:30:00.000Z,183.372,183.148,-0.09,-0.00088,dagens slut
NVDA,A,kop,2025-10-24T19:30:00.000Z,2025-10-24T19:30:00.000Z,187.003,186.167,-0.36,-0.00353,dagens slut
NVDA,A,kop,2025-10-28T18:30:00.000Z,2025-10-28T19:30:00.000Z,199.415,200.929,0.33,0.00329,dagens slut
NVDA,B,kop,2025-10-30T14:30:00.000Z,2025-10-30T14:30:00.000Z,202.301,202.973,0.08,0.00081,mål EMA20
NVDA,B,kop,2025-11-04T15:30:00.000Z,2025-11-04T20:30:00.000Z,201.746,198.441,-0.64,-0.00638,dagens slut
NVDA,B,blank,2025-11-14T16:30:00.000Z,2025-11-14T17:30:00.000Z,189.885,189.295,0.07,0.00071,mål EMA20
NVDA,A,blank,2025-11-20T16:30:00.000Z,2025-11-20T20:30:00.000Z,189.635,181.030,1.28,0.01266,dagens slut
NVDA,A,blank,2025-11-21T15:30:00.000Z,2025-11-21T18:30:00.000Z,175.722,183.344,-1.04,-0.01037,stopp
NVDA,B,blank,2025-11-26T15:30:00.000Z,2025-11-26T20:30:00.000Z,179.495,180.280,-0.14,-0.00137,dagens slut
NVDA,B,blank,2025-12-01T17:30:00.000Z,2025-12-01T20:30:00.000Z,179.745,180.080,-0.10,-0.00095,dagens slut
NVDA,A,blank,2025-12-12T16:30:00.000Z,2025-12-12T20:30:00.000Z,176.512,175.078,0.31,0.00307,dagens slut
NVDA,A,blank,2025-12-17T16:30:00.000Z,2025-12-17T20:30:00.000Z,171.044,171.005,-0.03,-0.00034,dagens slut
NVDA,B,blank,2025-12-18T15:30:00.000Z,2025-12-18T16:30:00.000Z,174.952,174.127,0.17,0.00169,mål EMA20
NVDA,A,blank,2026-01-05T15:30:00.000Z,2026-01-05T20:30:00.000Z,189.975,188.204,0.47,0.00468,dagens slut
NVDA,A,blank,2026-01-08T15:30:00.000Z,2026-01-08T20:30:00.000Z,185.987,185.223,0.16,0.00156,dagens slut
NVDA,B,blank,2026-01-21T16:30:00.000Z,2026-01-21T16:30:00.000Z,182.629,179.525,0.80,0.00801,mål EMA20
NVDA,A,blank,2026-01-29T16:30:00.000Z,2026-01-29T19:30:00.000Z,187.736,191.279,-1.08,-0.01090,stopp
NVDA,A,blank,2026-02-05T15:30:00.000Z,2026-02-05T20:30:00.000Z,171.494,171.906,-0.12,-0.00120,dagens slut
NVDA,A,blank,2026-02-11T15:30:00.000Z,2026-02-11T20:30:00.000Z,188.831,190.125,-0.31,-0.00305,dagens slut
NVDA,A,blank,2026-02-12T16:30:00.000Z,2026-02-12T20:30:00.000Z,187.226,187.003,0.01,0.00007,dagens slut
NVDA,A,blank,2026-02-13T15:30:00.000Z,2026-02-13T20:30:00.000Z,183.968,182.876,0.19,0.00185,dagens slut
NVDA,A,kop,2026-03-02T15:30:00.000Z,2026-03-02T20:30:00.000Z,180.580,182.259,0.30,0.00300,dagens slut
NVDA,A,kop,2026-03-10T15:30:00.000Z,2026-03-10T19:30:00.000Z,186.063,184.668,-0.38,-0.00381,dagens slut
NVDA,B,blank,2026-03-31T14:30:00.000Z,2026-03-31T19:30:00.000Z,170.895,174.467,-1.00,-0.00993,dagens slut
NVDA,A,blank,2026-04-08T15:30:00.000Z,2026-04-08T19:30:00.000Z,181.209,182.191,-0.31,-0.00309,dagens slut
NVDA,A,kop,2026-04-15T15:30:00.000Z,2026-04-15T16:30:00.000Z,199.895,196.858,-1.10,-0.01078,stopp
NVDA,B,kop,2026-04-21T17:30:00.000Z,2026-04-21T17:30:00.000Z,199.440,199.831,0.07,0.00066,mål EMA20
NVDA,B,kop,2026-04-23T17:30:00.000Z,2026-04-23T19:30:00.000Z,199.550,199.610,-0.05,-0.00045,dagens slut
NVDA,A,kop,2026-04-24T14:30:00.000Z,2026-04-24T19:30:00.000Z,202.706,208.086,1.54,0.01488,dagens slut
NVDA,A,kop,2026-04-27T17:30:00.000Z,2026-04-27T19:30:00.000Z,213.727,216.522,0.61,0.00598,dagens slut
NVDA,A,kop,2026-04-28T14:30:00.000Z,2026-04-28T19:30:00.000Z,212.476,213.043,0.07,0.00069,dagens slut
NVDA,B,kop,2026-04-29T16:30:00.000Z,2026-04-29T19:30:00.000Z,209.765,209.195,-0.16,-0.00162,dagens slut
NVDA,A,kop,2026-05-06T14:30:00.000Z,2026-05-06T19:30:00.000Z,204.071,207.561,0.68,0.00672,dagens slut
NVDA,A,kop,2026-05-07T14:30:00.000Z,2026-05-07T19:30:00.000Z,213.237,211.404,-0.39,-0.00384,dagens slut
NVDA,A,kop,2026-05-11T14:30:00.000Z,2026-05-11T19:30:00.000Z,218.094,219.370,0.20,0.00200,dagens slut
NVDA,B,kop,2026-05-12T15:30:00.000Z,2026-05-12T15:30:00.000Z,215.528,217.396,0.29,0.00292,mål EMA20
NVDA,A,kop,2026-05-14T15:30:00.000Z,2026-05-14T19:30:00.000Z,235.188,235.627,0.03,0.00035,dagens slut
NVDA,B,kop,2026-05-15T14:30:00.000Z,2026-05-15T15:30:00.000Z,226.773,228.186,0.18,0.00183,mål EMA20
NVDA,B,kop,2026-05-18T14:30:00.000Z,2026-05-18T19:30:00.000Z,222.921,222.239,-0.14,-0.00139,dagens slut
NVDA,A,kop,2026-06-01T14:30:00.000Z,2026-06-01T19:30:00.000Z,221.451,224.308,0.44,0.00438,dagens slut
NVDA,B,kop,2026-06-02T19:30:00.000Z,2026-06-02T19:30:00.000Z,222.731,222.709,-0.04,-0.00044,mål EMA20
NVDA,B,blank,2026-06-08T18:30:00.000Z,2026-06-08T18:30:00.000Z,209.155,207.919,0.19,0.00191,mål EMA20
NVDA,B,blank,2026-06-11T19:30:00.000Z,2026-06-11T19:30:00.000Z,204.378,204.772,-0.10,-0.00105,dagens slut
NVDA,B,blank,2026-06-12T14:30:00.000Z,2026-06-12T19:30:00.000Z,205.557,205.233,0.02,0.00021,dagens slut
NVDA,A,blank,2026-06-25T14:30:00.000Z,2026-06-25T19:30:00.000Z,194.393,195.838,-0.33,-0.00329,dagens slut
NVDA,B,blank,2026-06-30T14:30:00.000Z,2026-06-30T19:30:00.000Z,197.621,199.870,-0.53,-0.00530,dagens slut
NVDA,B,blank,2026-07-06T14:30:00.000Z,2026-07-06T16:30:00.000Z,196.492,196.068,0.05,0.00051,mål EMA20
NVDA,A,blank,2026-07-09T14:30:00.000Z,2026-07-09T19:30:00.000Z,200.148,202.831,-0.54,-0.00537,dagens slut
NVDA,A,blank,2026-07-27T14:30:00.000Z,2026-07-27T19:30:00.000Z,198.851,196.618,0.34,0.00338,dagens slut
NVDA,A,blank,2026-07-29T14:30:00.000Z,2026-07-29T19:30:00.000Z,191.514,190.155,0.21,0.00212,dagens slut
NVDA,B,blank,2026-07-31T14:30:00.000Z,2026-07-31T19:30:00.000Z,196.901,200.910,-0.76,-0.00758,dagens slut
NVDA,B,kop,2026-08-10T16:30:00.000Z,2026-08-10T19:30:00.000Z,218.469,217.451,-0.27,-0.00265,dagens slut
NVDA,B,kop,2026-08-11T18:30:00.000Z,2026-08-11T19:30:00.000Z,216.588,217.371,0.13,0.00128,dagens slut
NVDA,A,kop,2026-08-27T14:30:00.000Z,2026-08-27T19:30:00.000Z,225.833,227.936,0.33,0.00321,dagens slut
NVDA,B,kop,2026-08-28T16:30:00.000Z,2026-08-28T19:30:00.000Z,220.310,217.431,-0.49,-0.00480,dagens slut
NVDA,A,kop,2026-09-02T14:30:00.000Z,2026-09-02T19:30:00.000Z,222.951,224.288,0.22,0.00219,dagens slut
NVDA,B,kop,2026-09-08T14:30:00.000Z,2026-09-08T19:30:00.000Z,228.074,225.657,-0.55,-0.00540,dagens slut
NVDA,B,kop,2026-09-23T14:30:00.000Z,2026-09-23T17:30:00.000Z,225.733,225.422,-0.17,-0.00165,mål EMA20
TSLA,B,kop,2025-09-30T16:30:00.000Z,2025-09-30T16:30:00.000Z,435.017,437.241,0.18,0.00177,mål EMA20
TSLA,A,kop,2025-10-01T14:30:00.000Z,2025-10-01T19:30:00.000Z,455.923,459.240,0.26,0.00259,dagens slut
TSLA,B,kop,2025-10-02T15:30:00.000Z,2025-10-02T18:30:00.000Z,450.574,438.762,-1.06,-0.01062,stopp
TSLA,B,kop,2025-10-07T16:30:00.000Z,2025-10-07T16:30:00.000Z,443.292,448.426,0.35,0.00345,mål EMA20
TSLA,A,kop,2025-10-17T14:30:00.000Z,2025-10-17T19:30:00.000Z,439.380,439.050,-0.05,-0.00054,dagens slut
TSLA,A,kop,2025-10-23T15:30:00.000Z,2025-10-23T19:30:00.000Z,431.080,448.770,1.27,0.01264,dagens slut
TSLA,A,kop,2025-11-03T15:30:00.000Z,2025-11-03T20:30:00.000Z,469.305,468.196,-0.11,-0.00110,dagens slut
TSLA,B,kop,2025-11-04T15:30:00.000Z,2025-11-04T20:30:00.000Z,458.354,443.613,-1.05,-0.01055,stopp
TSLA,B,blank,2025-11-17T16:30:00.000Z,2025-11-17T17:30:00.000Z,418.521,412.526,0.37,0.00374,mål EMA20
TSLA,B,blank,2025-11-19T15:30:00.000Z,2025-11-19T16:30:00.000Z,410.760,403.201,0.50,0.00496,mål EMA20
TSLA,A,blank,2025-11-20T17:30:00.000Z,2025-11-20T20:30:00.000Z,403.918,395.268,0.47,0.00469,dagens slut
TSLA,A,blank,2025-11-21T15:30:00.000Z,2025-11-21T20:30:00.000Z,388.016,391.396,-0.21,-0.00213,dagens slut
TSLA,A,blank,2025-12-08T16:30:00.000Z,2025-12-08T20:30:00.000Z,438.281,439.810,-0.21,-0.00214,dagens slut
TSLA,B,kop,2025-12-17T18:30:00.000Z,2025-12-17T20:30:00.000Z,474.767,466.926,-0.59,-0.00590,dagens slut
TSLA,A,kop,2025-12-18T16:30:00.000Z,2025-12-18T20:30:00.000Z,488.414,483.153,-0.39,-0.00386,dagens slut
TSLA,B,kop,2025-12-19T15:30:00.000Z,2025-12-19T15:30:00.000Z,480.770,481.214,-0.00,-0.00003,mål EMA20
TSLA,B,kop,2025-12-23T19:30:00.000Z,2025-12-23T19:30:00.000Z,484.167,486.627,0.19,0.00189,mål EMA20
TSLA,B,blank,2026-01-09T15:30:00.000Z,2026-01-09T20:30:00.000Z,443.428,445.212,-0.24,-0.00239,dagens slut
TSLA,B,blank,2026-01-15T15:30:00.000Z,2026-01-15T18:30:00.000Z,443.118,441.541,0.14,0.00135,mål EMA20
TSLA,B,blank,2026-01-21T20:30:00.000Z,2026-01-21T20:30:00.000Z,433.343,431.676,0.13,0.00134,dagens slut
TSLA,A,blank,2026-01-29T15:30:00.000Z,2026-01-29T20:30:00.000Z,422.049,416.648,0.52,0.00517,dagens slut
TSLA,A,blank,2026-02-04T16:30:00.000Z,2026-02-04T20:30:00.000Z,408.586,406.103,0.18,0.00178,dagens slut
TSLA,B,blank,2026-02-06T15:30:00.000Z,2026-02-06T20:30:00.000Z,409.985,411.216,-0.13,-0.00126,dagens slut
TSLA,A,blank,2026-02-12T16:30:00.000Z,2026-02-12T20:30:00.000Z,419.195,417.048,0.15,0.00154,dagens slut
TSLA,A,blank,2026-02-17T15:30:00.000Z,2026-02-17T18:30:00.000Z,401.124,412.394,-1.06,-0.01062,stopp
TSLA,B,blank,2026-02-18T16:30:00.000Z,2026-02-18T17:30:00.000Z,414.203,414.137,-0.03,-0.00033,mål EMA20
TSLA,A,blank,2026-02-23T16:30:00.000Z,2026-02-23T20:30:00.000Z,397.791,400.050,-0.27,-0.00268,dagens slut
TSLA,B,blank,2026-02-24T15:30:00.000Z,2026-02-24T15:30:00.000Z,407.246,403.532,0.35,0.00351,mål EMA20
TSLA,B,blank,2026-02-24T20:30:00.000Z,2026-02-24T20:30:00.000Z,408.596,409.565,-0.16,-0.00160,dagens slut
TSLA,A,blank,2026-03-03T15:30:00.000Z,2026-03-03T20:30:00.000Z,386.497,392.546,-0.61,-0.00607,dagens slut
TSLA,A,blank,2026-03-12T15:30:00.000Z,2026-03-12T19:30:00.000Z,396.752,395.203,0.12,0.00117,dagens slut
TSLA,A,blank,2026-03-19T14:30:00.000Z,2026-03-19T19:30:00.000Z,380.450,380.430,-0.05,-0.00047,dagens slut
TSLA,A,blank,2026-03-20T14:30:00.000Z,2026-03-20T19:30:00.000Z,372.144,368.154,0.44,0.00432,dagens slut
TSLA,B,blank,2026-03-23T14:30:00.000Z,2026-03-23T15:30:00.000Z,383.188,377.579,0.54,0.00532,mål EMA20
TSLA,B,blank,2026-03-24T14:30:00.000Z,2026-03-24T19:30:00.000Z,384.368,383.302,0.07,0.00072,dagens slut
TSLA,B,blank,2026-03-31T14:30:00.000Z,2026-03-31T14:30:00.000Z,365.597,364.322,0.10,0.00102,mål EMA20
TSLA,B,blank,2026-03-31T17:30:00.000Z,2026-03-31T19:30:00.000Z,369.755,371.936,-0.28,-0.00276,dagens slut
TSLA,A,blank,2026-04-06T15:30:00.000Z,2026-04-06T19:30:00.000Z,353.213,352.966,-0.01,-0.00010,dagens slut
TSLA,A,blank,2026-04-07T15:30:00.000Z,2026-04-07T19:30:00.000Z,338.890,346.733,-0.80,-0.00794,dagens slut
TSLA,A,blank,2026-04-08T14:30:00.000Z,2026-04-08T19:30:00.000Z,347.706,343.412,0.35,0.00342,dagens slut
TSLA,B,blank,2026-04-13T14:30:00.000Z,2026-04-13T19:30:00.000Z,351.602,352.581,-0.16,-0.00154,dagens slut
TSLA,A,kop,2026-04-17T15:30:00.000Z,2026-04-17T19:30:00.000Z,408.339,400.460,-0.72,-0.00711,dagens slut
TSLA,B,kop,2026-04-20T14:30:00.000Z,2026-04-20T14:30:00.000Z,393.206,393.053,-0.05,-0.00046,mål EMA20
TSLA,B,kop,2026-04-20T16:30:00.000Z,2026-04-20T16:30:00.000Z,392.656,391.764,-0.11,-0.00111,mål EMA20
TSLA,B,kop,2026-04-20T17:30:00.000Z,2026-04-20T17:30:00.000Z,392.176,392.714,0.01,0.00013,mål EMA20
TSLA,B,kop,2026-04-21T15:30:00.000Z,2026-04-21T19:30:00.000Z,390.665,386.287,-0.49,-0.00487,dagens slut
TSLA,A,kop,2026-04-30T15:30:00.000Z,2026-04-30T19:30:00.000Z,378.689,381.339,0.26,0.00257,dagens slut
TSLA,A,kop,2026-05-01T15:30:00.000Z,2026-05-01T19:30:00.000Z,392.896,390.465,-0.30,-0.00298,dagens slut
TSLA,B,kop,2026-05-04T14:30:00.000Z,2026-05-04T14:30:00.000Z,389.064,388.566,-0.10,-0.00094,mål EMA20
TSLA,B,kop,2026-05-04T15:30:00.000Z,2026-05-04T15:30:00.000Z,388.964,387.241,-0.22,-0.00218,mål EMA20
TSLA,B,kop,2026-05-04T16:30:00.000Z,2026-05-04T16:30:00.000Z,387.594,393.073,0.54,0.00526,mål EMA20
TSLA,A,kop,2026-05-06T14:30:00.000Z,2026-05-06T19:30:00.000Z,393.722,398.321,0.44,0.00433,dagens slut
TSLA,A,kop,2026-05-08T14:30:00.000Z,2026-05-08T19:30:00.000Z,425.253,428.106,0.19,0.00188,dagens slut
TSLA,A,kop,2026-05-11T15:30:00.000Z,2026-05-11T19:30:00.000Z,435.828,444.807,0.61,0.00606,dagens slut
TSLA,B,kop,2026-05-12T15:30:00.000Z,2026-05-12T17:30:00.000Z,426.913,429.520,0.15,0.00148,mål EMA20
TSLA,A,kop,2026-05-13T15:30:00.000Z,2026-05-13T19:30:00.000Z,450.775,444.962,-0.44,-0.00438,dagens slut
TSLA,B,kop,2026-05-29T14:30:00.000Z,2026-05-29T15:30:00.000Z,430.870,438.031,0.72,0.00711,mål EMA20
TSLA,A,kop,2026-06-03T14:30:00.000Z,2026-06-03T16:30:00.000Z,428.858,418.523,-1.06,-0.01059,stopp
TSLA,B,blank,2026-06-08T14:30:00.000Z,2026-06-08T14:30:00.000Z,402.709,401.100,0.10,0.00101,mål EMA20
TSLA,B,blank,2026-06-08T17:30:00.000Z,2026-06-08T19:30:00.000Z,410.565,409.215,0.08,0.00079,dagens slut
TSLA,A,blank,2026-06-09T15:30:00.000Z,2026-06-09T19:30:00.000Z,393.928,396.768,-0.25,-0.00245,dagens slut
TSLA,B,blank,2026-06-11T18:30:00.000Z,2026-06-11T19:30:00.000Z,392.129,399.200,-0.65,-0.00642,dagens slut
TSLA,A,blank,2026-06-18T14:30:00.000Z,2026-06-18T19:30:00.000Z,385.917,398.056,-1.05,-0.01027,stopp
TSLA,B,blank,2026-06-26T15:30:00.000Z,2026-06-26T18:30:00.000Z,384.713,379.950,0.42,0.00403,mål EMA20
TSLA,A,blank,2026-07-02T14:30:00.000Z,2026-07-02T19:30:00.000Z,401.449,393.016,0.60,0.00581,dagens slut
TSLA,B,blank,2026-07-09T16:30:00.000Z,2026-07-09T19:30:00.000Z,398.371,406.743,-0.85,-0.00836,dagens slut
TSLA,B,blank,2026-07-14T15:30:00.000Z,2026-07-14T15:30:00.000Z,399.566,396.694,0.27,0.00257,mål EMA20
TSLA,A,blank,2026-07-20T14:30:00.000Z,2026-07-20T19:30:00.000Z,374.669,369.775,0.47,0.00455,dagens slut
TSLA,B,blank,2026-07-21T14:30:00.000Z,2026-07-21T16:30:00.000Z,382.359,379.620,0.24,0.00230,mål EMA20
TSLA,A,blank,2026-07-23T14:30:00.000Z,2026-07-23T19:30:00.000Z,323.693,319.620,0.27,0.00267,dagens slut
TSLA,A,blank,2026-07-24T15:30:00.000Z,2026-07-24T19:30:00.000Z,310.165,313.156,-0.26,-0.00251,dagens slut
TSLA,A,blank,2026-08-12T14:30:00.000Z,2026-08-12T19:30:00.000Z,325.422,327.614,-0.37,-0.00367,dagens slut
TSLA,B,kop,2026-08-24T14:30:00.000Z,2026-08-24T14:30:00.000Z,354.602,357.231,0.23,0.00222,mål EMA20
TSLA,B,kop,2026-08-24T18:30:00.000Z,2026-08-24T19:30:00.000Z,353.317,348.766,-0.53,-0.00519,dagens slut
TSLA,A,kop,2026-08-31T14:30:00.000Z,2026-08-31T19:30:00.000Z,363.752,367.736,0.40,0.00390,dagens slut
TSLA,B,kop,2026-09-01T14:30:00.000Z,2026-09-01T14:30:00.000Z,358.584,359.290,0.04,0.00035,mål EMA20
TSLA,B,kop,2026-09-01T18:30:00.000Z,2026-09-01T19:30:00.000Z,354.927,355.942,0.08,0.00075,dagens slut
TSLA,A,kop,2026-09-03T14:30:00.000Z,2026-09-03T19:30:00.000Z,378.899,376.167,-0.29,-0.00281,dagens slut
TSLA,B,kop,2026-09-10T14:30:00.000Z,2026-09-10T16:30:00.000Z,366.428,366.647,-0.02,-0.00016,mål EMA20
TSLA,B,kop,2026-09-10T19:30:00.000Z,2026-09-10T19:30:00.000Z,364.142,363.428,-0.14,-0.00133,dagens slut
TSLA,B,kop,2026-09-18T14:30:00.000Z,2026-09-18T19:30:00.000Z,365.261,364.048,-0.18,-0.00171,mål EMA20
TSLA,B,kop,2026-09-24T15:30:00.000Z,2026-09-24T15:30:00.000Z,376.748,379.990,0.45,0.00437,mål EMA20
AAPL,B,kop,2025-09-29T14:30:00.000Z,2025-09-29T17:30:00.000Z,254.332,254.443,-0.04,-0.00044,mål EMA20
AAPL,A,kop,2025-10-03T14:30:00.000Z,2025-10-03T19:30:00.000Z,257.989,257.886,-0.11,-0.00113,dagens slut
AAPL,B,kop,2025-10-06T15:30:00.000Z,2025-10-06T19:30:00.000Z,257.694,256.522,-0.47,-0.00470,dagens slut
AAPL,B,kop,2025-10-07T17:30:00.000Z,2025-10-07T19:30:00.000Z,255.988,256.362,0.05,0.00046,dagens slut
AAPL,A,kop,2025-10-17T17:30:00.000Z,2025-10-17T19:30:00.000Z,250.925,252.174,0.27,0.00271,dagens slut
AAPL,A,kop,2025-10-20T14:30:00.000Z,2025-10-20T19:30:00.000Z,259.620,262.099,0.51,0.00507,dagens slut
AAPL,B,kop,2025-10-22T14:30:00.000Z,2025-10-22T16:30:00.000Z,260.130,256.217,-1.10,-0.01104,stopp
AAPL,B,kop,2025-10-22T17:30:00.000Z,2025-10-22T19:30:00.000Z,256.798,258.301,0.31,0.00308,dagens slut
AAPL,B,kop,2025-10-31T14:30:00.000Z,2025-10-31T14:30:00.000Z,270.565,271.164,0.08,0.00076,mål EMA20
AAPL,B,kop,2025-11-03T15:30:00.000Z,2025-11-03T20:30:00.000Z,267.774,268.925,0.19,0.00190,dagens slut
AAPL,B,kop,2025-11-05T15:30:00.000Z,2025-11-05T15:30:00.000Z,269.124,270.155,0.20,0.00199,mål EMA20
AAPL,A,kop,2025-11-06T15:30:00.000Z,2025-11-06T20:30:00.000Z,272.964,269.505,-0.94,-0.00940,dagens slut
AAPL,A,kop,2025-11-10T15:30:00.000Z,2025-11-10T18:30:00.000Z,271.966,267.593,-1.10,-0.01083,stopp
AAPL,A,kop,2025-11-11T15:30:00.000Z,2025-11-11T20:30:00.000Z,274.237,275.162,0.15,0.00146,dagens slut
AAPL,B,kop,2025-11-12T15:30:00.000Z,2025-11-12T15:30:00.000Z,273.046,274.463,0.28,0.00279,mål EMA20
AAPL,A,kop,2025-11-14T15:30:00.000Z,2025-11-14T20:30:00.000Z,273.907,272.414,-0.46,-0.00455,dagens slut
AAPL,A,kop,2025-11-19T15:30:00.000Z,2025-11-19T20:30:00.000Z,271.986,268.416,-0.84,-0.00823,dagens slut
AAPL,A,kop,2025-11-20T15:30:00.000Z,2025-11-20T16:30:00.000Z,274.047,269.033,-1.08,-0.01051,stopp
AAPL,A,kop,2025-11-21T15:30:00.000Z,2025-11-21T20:30:00.000Z,269.925,271.364,0.23,0.00221,dagens slut
AAPL,A,kop,2025-11-25T15:30:00.000Z,2025-11-25T20:30:00.000Z,279.029,276.812,-0.53,-0.00514,dagens slut
AAPL,B,kop,2025-11-28T15:30:00.000Z,2025-11-28T16:30:00.000Z,276.428,276.911,0.06,0.00058,mål EMA20
AAPL,B,kop,2025-12-03T19:30:00.000Z,2025-12-03T19:30:00.000Z,285.373,284.413,-0.40,-0.00379,mål EMA20
AAPL,B,kop,2025-12-03T20:30:00.000Z,2025-12-03T20:30:00.000Z,284.692,284.008,-0.32,-0.00302,mål EMA20
AAPL,B,kop,2025-12-04T15:30:00.000Z,2025-12-04T20:30:00.000Z,281.351,280.510,-0.33,-0.00311,dagens slut
AAPL,A,blank,2026-01-06T15:30:00.000Z,2026-01-06T20:30:00.000Z,263.898,262.556,0.33,0.00313,dagens slut
AAPL,B,blank,2026-01-15T15:30:00.000Z,2026-01-15T16:30:00.000Z,260.010,259.460,0.09,0.00083,mål EMA20
AAPL,A,kop,2026-02-04T15:30:00.000Z,2026-02-04T20:30:00.000Z,276.263,276.322,-0.04,-0.00033,dagens slut
AAPL,B,kop,2026-02-09T15:30:00.000Z,2026-02-09T20:30:00.000Z,273.227,274.403,0.17,0.00164,mål EMA20
AAPL,A,kop,2026-02-11T16:30:00.000Z,2026-02-11T20:30:00.000Z,278.329,275.402,-0.82,-0.00782,dagens slut
AAPL,B,blank,2026-02-17T17:30:00.000Z,2026-02-17T20:30:00.000Z,261.719,263.882,-0.48,-0.00456,dagens slut
AAPL,B,blank,2026-02-20T17:30:00.000Z,2026-02-20T20:30:00.000Z,262.138,264.722,-0.65,-0.00613,dagens slut
AAPL,A,blank,2026-02-27T15:30:00.000Z,2026-02-27T20:30:00.000Z,268.336,264.302,0.94,0.00876,dagens slut
AAPL,B,blank,2026-03-04T16:30:00.000Z,2026-03-04T17:30:00.000Z,264.388,263.912,0.04,0.00042,mål EMA20
AAPL,B,blank,2026-03-10T14:30:00.000Z,2026-03-10T19:30:00.000Z,259.810,260.850,-0.30,-0.00281,dagens slut
AAPL,A,blank,2026-03-12T14:30:00.000Z,2026-03-12T19:30:00.000Z,254.533,255.878,-0.41,-0.00387,dagens slut
AAPL,A,blank,2026-03-13T17:30:00.000Z,2026-03-13T19:30:00.000Z,251.059,250.240,0.16,0.00149,dagens slut
AAPL,B,blank,2026-03-17T14:30:00.000Z,2026-03-17T16:30:00.000Z,254.353,254.047,0.02,0.00015,mål EMA20
AAPL,B,blank,2026-03-31T14:30:00.000Z,2026-03-31T14:30:00.000Z,248.816,248.554,0.00,0.00003,mål EMA20
AAPL,A,blank,2026-04-07T14:30:00.000Z,2026-04-07T16:30:00.000Z,247.541,252.835,-1.07,-0.01006,stopp
AAPL,A,kop,2026-04-17T15:30:00.000Z,2026-04-17T19:30:00.000Z,272.086,270.050,-0.53,-0.00495,dagens slut
AAPL,B,kop,2026-04-21T14:30:00.000Z,2026-04-21T15:30:00.000Z,269.700,265.836,-1.11,-0.01022,stopp
AAPL,B,kop,2026-04-21T16:30:00.000Z,2026-04-21T19:30:00.000Z,265.993,266.087,-0.05,-0.00041,dagens slut
AAPL,A,kop,2026-04-22T14:30:00.000Z,2026-04-22T19:30:00.000Z,272.076,273.053,0.17,0.00153,dagens slut
AAPL,B,kop,2026-04-23T17:30:00.000Z,2026-04-23T17:30:00.000Z,272.386,273.523,0.25,0.00228,mål EMA20
AAPL,B,kop,2026-04-24T15:30:00.000Z,2026-04-24T19:30:00.000Z,270.825,270.924,-0.05,-0.00044,dagens slut
AAPL,A,kop,2026-05-01T14:30:00.000Z,2026-05-01T19:30:00.000Z,285.483,280.010,-0.97,-0.00887,dagens slut
AAPL,B,kop,2026-05-04T14:30:00.000Z,2026-05-04T14:30:00.000Z,276.413,276.697,0.00,0.00001,mål EMA20
AAPL,A,kop,2026-05-05T14:30:00.000Z,2026-05-05T19:30:00.000Z,281.321,284.028,0.49,0.00441,dagens slut
AAPL,A,kop,2026-05-06T14:30:00.000Z,2026-05-06T19:30:00.000Z,286.273,287.386,0.16,0.00148,dagens slut
AAPL,B,kop,2026-05-07T19:30:00.000Z,2026-05-07T19:30:00.000Z,286.878,287.326,0.04,0.00034,mål EMA20
AAPL,A,kop,2026-05-08T14:30:00.000Z,2026-05-08T19:30:00.000Z,293.917,293.133,-0.22,-0.00198,dagens slut
AAPL,A,kop,2026-05-15T15:30:00.000Z,2026-05-15T19:30:00.000Z,302.141,300.070,-0.61,-0.00560,dagens slut
AAPL,B,kop,2026-05-18T14:30:00.000Z,2026-05-18T19:30:00.000Z,298.289,297.751,-0.21,-0.00189,mål EMA20
AAPL,A,kop,2026-05-22T15:30:00.000Z,2026-05-22T19:30:00.000Z,311.155,308.726,-0.75,-0.00674,dagens slut
AAPL,A,kop,2026-05-27T15:30:00.000Z,2026-05-27T19:30:00.000Z,311.946,310.775,-0.40,-0.00357,dagens slut
AAPL,A,kop,2026-06-02T14:30:00.000Z,2026-06-02T19:30:00.000Z,310.530,315.032,1.03,0.00919,dagens slut
AAPL,B,kop,2026-06-03T15:30:00.000Z,2026-06-03T19:30:00.000Z,311.796,310.225,-0.42,-0.00381,dagens slut
AAPL,A,kop,2026-06-08T14:30:00.000Z,2026-06-08T17:30:00.000Z,312.116,306.759,-1.09,-0.00979,stopp
AAPL,B,blank,2026-06-10T17:30:00.000Z,2026-06-10T17:30:00.000Z,293.013,294.457,-0.29,-0.00255,mål EMA20
AAPL,B,blank,2026-06-10T18:30:00.000Z,2026-06-10T18:30:00.000Z,294.153,292.076,0.30,0.00266,mål EMA20
AAPL,B,blank,2026-06-11T17:30:00.000Z,2026-06-11T19:30:00.000Z,295.842,295.508,0.01,0.00006,dagens slut
AAPL,A,blank,2026-06-12T14:30:00.000Z,2026-06-12T19:30:00.000Z,291.834,291.226,0.05,0.00049,dagens slut
AAPL,B,blank,2026-06-15T14:30:00.000Z,2026-06-15T19:30:00.000Z,295.562,296.568,-0.24,-0.00217,dagens slut
AAPL,A,blank,2026-06-25T14:30:00.000Z,2026-06-25T19:30:00.000Z,279.495,275.188,0.61,0.00544,dagens slut
AAPL,B,kop,2026-07-08T14:30:00.000Z,2026-07-08T14:30:00.000Z,308.974,309.910,0.12,0.00110,mål EMA20
AAPL,A,kop,2026-07-09T16:30:00.000Z,2026-07-09T19:30:00.000Z,315.058,316.022,0.12,0.00111,dagens slut
AAPL,B,kop,2026-07-14T16:30:00.000Z,2026-07-14T17:30:00.000Z,313.417,315.062,0.27,0.00246,mål EMA20
AAPL,A,kop,2026-07-15T14:30:00.000Z,2026-07-15T19:30:00.000Z,324.872,327.406,0.40,0.00363,dagens slut
AAPL,A,kop,2026-07-16T19:30:00.000Z,2026-07-16T19:30:00.000Z,333.166,333.103,-0.07,-0.00060,dagens slut
AAPL,B,kop,2026-07-20T15:30:00.000Z,2026-07-20T18:30:00.000Z,325.102,328.855,0.48,0.00436,mål EMA20
AAPL,A,kop,2026-07-24T14:30:00.000Z,2026-07-24T19:30:00.000Z,328.959,332.903,0.68,0.00611,dagens slut
AAPL,B,blank,2026-08-04T18:30:00.000Z,2026-08-04T18:30:00.000Z,309.155,309.735,-0.14,-0.00124,mål EMA20
AAPL,B,blank,2026-08-04T19:30:00.000Z,2026-08-04T19:30:00.000Z,309.425,309.545,-0.07,-0.00062,mål EMA20
AAPL,B,blank,2026-08-06T14:30:00.000Z,2026-08-06T19:30:00.000Z,312.644,312.606,-0.05,-0.00042,dagens slut
AAPL,B,blank,2026-08-07T14:30:00.000Z,2026-08-07T19:30:00.000Z,313.933,313.457,0.03,0.00029,dagens slut
AAPL,B,blank,2026-08-13T14:30:00.000Z,2026-08-13T14:30:00.000Z,305.507,303.872,0.32,0.00295,mål EMA20
AAPL,B,blank,2026-08-17T19:30:00.000Z,2026-08-17T19:30:00.000Z,305.997,305.843,-0.05,-0.00044,dagens slut
AAPL,A,blank,2026-08-21T14:30:00.000Z,2026-08-21T19:30:00.000Z,307.666,309.575,-0.46,-0.00420,dagens slut
AAPL,A,blank,2026-08-31T14:30:00.000Z,2026-08-31T19:30:00.000Z,315.552,317.389,-0.48,-0.00437,dagens slut
AAPL,A,kop,2026-09-10T15:30:00.000Z,2026-09-10T19:30:00.000Z,323.832,326.432,0.35,0.00319,dagens slut
AAPL,A,kop,2026-09-11T14:30:00.000Z,2026-09-11T19:30:00.000Z,334.255,332.064,-0.36,-0.00328,dagens slut
AAPL,B,kop,2026-09-15T14:30:00.000Z,2026-09-15T15:30:00.000Z,329.615,330.254,0.06,0.00053,mål EMA20
AAPL,B,kop,2026-09-23T14:30:00.000Z,2026-09-23T19:30:00.000Z,337.489,336.782,-0.22,-0.00200,dagens slut
AMD,A,blank,2025-10-06T14:30:00.000Z,2025-10-06T19:30:00.000Z,210.655,203.742,0.55,0.00550,dagens slut
AMD,A,kop,2025-10-08T14:30:00.000Z,2025-10-08T19:30:00.000Z,220.440,235.282,1.30,0.01309,dagens slut
AMD,B,kop,2025-10-10T15:30:00.000Z,2025-10-10T19:30:00.000Z,216.948,214.503,-0.26,-0.00263,dagens slut
AMD,A,kop,2025-10-15T14:30:00.000Z,2025-10-15T19:30:00.000Z,233.917,238.491,0.46,0.00469,dagens slut
AMD,B,kop,2025-10-17T15:30:00.000Z,2025-10-17T15:30:00.000Z,229.145,233.053,0.39,0.00394,mål EMA20
AMD,B,kop,2025-10-21T14:30:00.000Z,2025-10-21T14:30:00.000Z,235.248,237.552,0.27,0.00274,mål EMA20
AMD,B,kop,2025-10-22T14:30:00.000Z,2025-10-22T16:30:00.000Z,233.026,225.823,-1.05,-0.01077,stopp
AMD,A,kop,2025-10-24T14:30:00.000Z,2025-10-24T19:30:00.000Z,249.575,252.794,0.36,0.00370,dagens slut
AMD,A,kop,2025-11-04T15:30:00.000Z,2025-11-04T20:30:00.000Z,256.638,249.975,-0.89,-0.00911,dagens slut
AMD,A,kop,2025-11-05T15:30:00.000Z,2025-11-05T20:30:00.000Z,248.994,255.832,0.85,0.00860,dagens slut
AMD,A,kop,2025-11-12T15:30:00.000Z,2025-11-12T20:30:00.000Z,262.081,258.730,-0.30,-0.00310,dagens slut
AMD,A,kop,2025-11-14T15:30:00.000Z,2025-11-14T20:30:00.000Z,247.053,246.637,-0.06,-0.00058,dagens slut
AMD,B,blank,2025-11-20T15:30:00.000Z,2025-11-20T15:30:00.000Z,228.156,222.231,0.56,0.00572,mål EMA20
AMD,A,blank,2025-11-20T16:30:00.000Z,2025-11-20T20:30:00.000Z,221.999,206.153,1.48,0.01509,dagens slut
AMD,A,blank,2025-11-21T15:30:00.000Z,2025-11-21T20:30:00.000Z,197.321,203.852,-0.56,-0.00583,dagens slut
AMD,B,blank,2025-11-24T17:30:00.000Z,2025-11-24T20:30:00.000Z,214.473,215.062,-0.08,-0.00078,dagens slut
AMD,B,blank,2025-11-26T15:30:00.000Z,2025-11-26T20:30:00.000Z,211.624,214.217,-0.29,-0.00296,dagens slut
AMD,A,blank,2025-12-12T16:30:00.000Z,2025-12-12T20:30:00.000Z,210.815,210.905,-0.05,-0.00049,dagens slut
AMD,B,blank,2025-12-16T20:30:00.000Z,2025-12-16T20:30:00.000Z,208.641,209.145,-0.13,-0.00137,mål EMA20
AMD,A,blank,2025-12-17T16:30:00.000Z,2025-12-17T20:30:00.000Z,200.595,198.219,0.34,0.00351,dagens slut
AMD,B,blank,2025-12-18T15:30:00.000Z,2025-12-18T15:30:00.000Z,205.797,202.846,0.45,0.00461,mål EMA20
AMD,A,blank,2025-12-22T15:30:00.000Z,2025-12-22T20:30:00.000Z,214.103,215.107,-0.20,-0.00205,dagens slut
AMD,A,blank,2026-01-05T15:30:00.000Z,2026-01-05T20:30:00.000Z,224.818,221.171,0.58,0.00599,dagens slut
AMD,A,blank,2026-01-06T15:30:00.000Z,2026-01-06T20:30:00.000Z,216.522,214.717,0.28,0.00294,dagens slut
AMD,A,blank,2026-01-08T16:30:00.000Z,2026-01-08T20:30:00.000Z,204.248,204.802,-0.14,-0.00149,dagens slut
AMD,B,blank,2026-01-09T15:30:00.000Z,2026-01-09T15:30:00.000Z,205.847,206.933,-0.29,-0.00300,mål EMA20
AMD,B,blank,2026-01-09T16:30:00.000Z,2026-01-09T16:30:00.000Z,206.677,206.258,0.05,0.00049,mål EMA20
AMD,A,kop,2026-01-20T15:30:00.000Z,2026-01-20T20:30:00.000Z,237.339,231.824,-0.75,-0.00774,dagens slut
AMD,A,kop,2026-01-21T15:30:00.000Z,2026-01-21T20:30:00.000Z,246.933,249.535,0.28,0.00287,dagens slut
AMD,B,kop,2026-01-26T15:30:00.000Z,2026-01-26T16:30:00.000Z,251.156,253.303,0.23,0.00240,mål EMA20
AMD,A,blank,2026-02-05T15:30:00.000Z,2026-02-05T20:30:00.000Z,193.001,192.586,0.02,0.00019,dagens slut
AMD,B,blank,2026-02-06T15:30:00.000Z,2026-02-06T15:30:00.000Z,204.768,207.784,-0.29,-0.00296,mål EMA20
AMD,B,blank,2026-02-06T16:30:00.000Z,2026-02-06T17:30:00.000Z,207.596,207.689,-0.03,-0.00028,mål EMA20
AMD,B,blank,2026-02-09T15:30:00.000Z,2026-02-09T20:30:00.000Z,212.184,215.908,-0.41,-0.00420,dagens slut
AMD,A,blank,2026-02-11T15:30:00.000Z,2026-02-11T20:30:00.000Z,209.735,213.597,-0.56,-0.00571,dagens slut
AMD,A,blank,2026-02-12T16:30:00.000Z,2026-02-12T20:30:00.000Z,206.125,206.023,-0.01,-0.00013,dagens slut
AMD,A,blank,2026-02-26T15:30:00.000Z,2026-02-26T20:30:00.000Z,202.449,203.772,-0.23,-0.00231,dagens slut
AMD,B,blank,2026-03-04T15:30:00.000Z,2026-03-04T18:30:00.000Z,196.162,202.338,-1.05,-0.01069,stopp
AMD,B,blank,2026-03-16T14:30:00.000Z,2026-03-16T18:30:00.000Z,197.621,197.399,0.01,0.00005,mål EMA20
AMD,A,blank,2026-03-20T14:30:00.000Z,2026-03-20T19:30:00.000Z,199.720,201.571,-0.36,-0.00362,dagens slut
AMD,A,blank,2026-03-26T14:30:00.000Z,2026-03-26T19:30:00.000Z,212.334,203.892,1.18,0.01182,dagens slut
AMD,B,blank,2026-03-30T14:30:00.000Z,2026-03-30T14:30:00.000Z,203.023,199.970,0.46,0.00463,mål EMA20
AMD,A,kop,2026-04-10T14:30:00.000Z,2026-04-10T19:30:00.000Z,246.288,244.897,-0.22,-0.00229,dagens slut
AMD,B,kop,2026-04-13T14:30:00.000Z,2026-04-13T14:30:00.000Z,243.242,244.328,0.13,0.00136,mål EMA20
AMD,A,kop,2026-04-16T15:30:00.000Z,2026-04-16T19:30:00.000Z,275.248,278.121,0.38,0.00387,dagens slut
AMD,B,kop,2026-04-20T14:30:00.000Z,2026-04-20T14:30:00.000Z,276.778,275.657,-0.19,-0.00190,mål EMA20
AMD,B,kop,2026-04-20T15:30:00.000Z,2026-04-20T15:30:00.000Z,275.966,273.968,-0.29,-0.00296,mål EMA20
AMD,B,kop,2026-04-20T16:30:00.000Z,2026-04-20T16:30:00.000Z,274.197,272.834,-0.22,-0.00220,mål EMA20
AMD,A,kop,2026-04-22T15:30:00.000Z,2026-04-22T19:30:00.000Z,297.989,303.288,0.58,0.00591,dagens slut
AMD,A,kop,2026-04-24T14:30:00.000Z,2026-04-24T19:30:00.000Z,346.598,347.586,0.05,0.00046,dagens slut
AMD,B,kop,2026-04-27T14:30:00.000Z,2026-04-27T14:30:00.000Z,334.992,333.433,-0.13,-0.00132,mål EMA20
AMD,B,kop,2026-04-27T15:30:00.000Z,2026-04-27T15:30:00.000Z,333.767,332.813,-0.09,-0.00092,mål EMA20
AMD,B,kop,2026-04-27T16:30:00.000Z,2026-04-27T16:30:00.000Z,332.997,334.937,0.12,0.00118,mål EMA20
AMD,A,kop,2026-04-28T14:30:00.000Z,2026-04-28T19:30:00.000Z,324.052,322.948,-0.10,-0.00101,dagens slut
AMD,B,kop,2026-05-04T14:30:00.000Z,2026-05-04T19:30:00.000Z,343.141,341.319,-0.17,-0.00179,dagens slut
AMD,B,kop,2026-05-07T16:30:00.000Z,2026-05-07T16:30:00.000Z,406.323,403.288,-0.18,-0.00183,mål EMA20
AMD,B,kop,2026-05-07T17:30:00.000Z,2026-05-07T17:30:00.000Z,403.617,404.917,0.05,0.00048,mål EMA20
AMD,A,kop,2026-05-08T14:30:00.000Z,2026-05-08T19:30:00.000Z,436.108,454.773,0.89,0.00908,dagens slut
AMD,B,kop,2026-05-12T14:30:00.000Z,2026-05-12T16:30:00.000Z,445.374,427.519,-1.04,-0.01065,stopp
AMD,B,kop,2026-05-15T14:30:00.000Z,2026-05-15T19:30:00.000Z,433.957,423.518,-0.61,-0.00617,dagens slut
AMD,A,kop,2026-05-20T14:30:00.000Z,2026-05-20T19:30:00.000Z,444.852,447.356,0.09,0.00090,dagens slut
AMD,B,kop,2026-05-21T14:30:00.000Z,2026-05-21T14:30:00.000Z,432.886,438.221,0.25,0.00254,mål EMA20
AMD,A,kop,2026-05-28T15:30:00.000Z,2026-05-28T19:30:00.000Z,524.002,517.881,-0.34,-0.00350,dagens slut
AMD,B,kop,2026-05-29T14:30:00.000Z,2026-05-29T14:30:00.000Z,512.756,512.534,-0.04,-0.00043,mål EMA20
AMD,B,kop,2026-05-29T16:30:00.000Z,2026-05-29T17:30:00.000Z,511.846,505.997,-0.39,-0.00389,mål EMA20
AMD,A,kop,2026-06-01T15:30:00.000Z,2026-06-01T19:30:00.000Z,513.632,509.765,-0.22,-0.00225,dagens slut
AMD,B,kop,2026-06-02T14:30:00.000Z,2026-06-02T14:30:00.000Z,505.313,512.621,0.37,0.00370,mål EMA20
AMD,B,kop,2026-06-16T14:30:00.000Z,2026-06-16T14:30:00.000Z,528.364,521.914,-0.30,-0.00305,mål EMA20
AMD,B,kop,2026-06-16T15:30:00.000Z,2026-06-16T15:30:00.000Z,522.161,522.639,-0.00,-0.00002,mål EMA20
AMD,B,kop,2026-06-16T17:30:00.000Z,2026-06-16T19:30:00.000Z,520.840,507.036,-0.65,-0.00653,dagens slut
AMD,B,kop,2026-07-01T14:30:00.000Z,2026-07-01T14:30:00.000Z,557.279,554.208,-0.15,-0.00147,mål EMA20
AMD,B,kop,2026-07-01T15:30:00.000Z,2026-07-01T16:30:00.000Z,554.937,553.433,-0.08,-0.00084,mål EMA20
AMD,A,kop,2026-07-06T14:30:00.000Z,2026-07-06T19:30:00.000Z,566.643,551.674,-0.54,-0.00539,dagens slut
AMD,A,kop,2026-07-17T16:30:00.000Z,2026-07-17T19:30:00.000Z,500.000,495.252,-0.19,-0.00186,dagens slut
AMD,B,kop,2026-07-23T15:30:00.000Z,2026-07-23T15:30:00.000Z,537.869,544.857,0.30,0.00297,mål EMA20
AMD,B,blank,2026-08-03T18:30:00.000Z,2026-08-03T19:30:00.000Z,484.927,484.972,-0.02,-0.00023,dagens slut
AMD,B,blank,2026-08-11T19:30:00.000Z,2026-08-11T19:30:00.000Z,474.568,474.627,-0.04,-0.00041,mål EMA20
AMD,A,blank,2026-08-19T14:30:00.000Z,2026-08-19T19:30:00.000Z,467.021,466.613,-0.00,-0.00004,dagens slut
AMD,B,kop,2026-09-10T14:30:00.000Z,2026-09-10T14:30:00.000Z,507.784,507.476,-0.06,-0.00058,mål EMA20
AMD,B,kop,2026-09-10T16:30:00.000Z,2026-09-10T16:30:00.000Z,504.330,506.252,0.11,0.00105,mål EMA20
AMD,B,kop,2026-09-16T19:30:00.000Z,2026-09-16T19:30:00.000Z,508.704,512.634,0.23,0.00225,mål EMA20
AMD,A,kop,2026-09-17T16:30:00.000Z,2026-09-17T19:30:00.000Z,550.525,544.508,-0.37,-0.00364,dagens slut
AMD,A,kop,2026-09-21T14:30:00.000Z,2026-09-21T19:30:00.000Z,610.030,615.052,0.21,0.00212,dagens slut
META,B,blank,2025-10-02T18:30:00.000Z,2025-10-02T18:30:00.000Z,725.497,725.543,-0.07,-0.00071,mål EMA20
META,A,blank,2025-10-03T14:30:00.000Z,2025-10-03T19:30:00.000Z,718.141,710.765,0.58,0.00577,dagens slut
META,B,blank,2025-10-06T18:30:00.000Z,2025-10-06T18:30:00.000Z,714.704,711.556,0.19,0.00194,mål EMA20
META,B,blank,2025-10-08T14:30:00.000Z,2025-10-08T19:30:00.000Z,713.203,718.189,-0.50,-0.00502,dagens slut
META,A,blank,2025-10-10T15:30:00.000Z,2025-10-10T19:30:00.000Z,712.933,705.783,0.53,0.00526,dagens slut
META,A,blank,2025-10-31T14:30:00.000Z,2025-10-31T19:30:00.000Z,657.781,648.664,0.35,0.00348,dagens slut
META,B,blank,2025-11-05T18:30:00.000Z,2025-11-05T18:30:00.000Z,641.100,638.339,0.15,0.00149,mål EMA20
META,A,blank,2025-11-07T16:30:00.000Z,2025-11-07T19:30:00.000Z,604.138,617.974,-1.07,-0.01081,stopp
META,B,blank,2025-11-07T20:30:00.000Z,2025-11-07T20:30:00.000Z,618.036,621.911,-0.35,-0.00346,mål EMA20
META,B,blank,2025-11-10T15:30:00.000Z,2025-11-10T20:30:00.000Z,633.313,632.246,0.03,0.00032,dagens slut
META,A,blank,2025-11-12T15:30:00.000Z,2025-11-12T20:30:00.000Z,614.273,609.435,0.38,0.00383,dagens slut
META,B,blank,2025-11-20T15:30:00.000Z,2025-11-20T15:30:00.000Z,602.029,593.997,0.54,0.00538,mål EMA20
META,A,blank,2025-12-04T15:30:00.000Z,2025-12-04T20:30:00.000Z,665.317,662.061,0.20,0.00206,dagens slut
META,B,kop,2025-12-08T19:30:00.000Z,2025-12-08T19:30:00.000Z,666.823,667.876,0.04,0.00039,mål EMA20
META,B,kop,2025-12-09T15:30:00.000Z,2025-12-09T20:30:00.000Z,657.048,656.492,-0.12,-0.00118,dagens slut
META,A,kop,2025-12-11T15:30:00.000Z,2025-12-11T20:30:00.000Z,652.866,652.454,-0.09,-0.00091,dagens slut
META,B,kop,2025-12-17T19:30:00.000Z,2025-12-17T20:30:00.000Z,653.447,649.155,-0.48,-0.00480,dagens slut
META,A,kop,2025-12-18T15:30:00.000Z,2025-12-18T20:30:00.000Z,666.633,664.048,-0.28,-0.00276,dagens slut
META,B,kop,2025-12-19T15:30:00.000Z,2025-12-19T15:30:00.000Z,660.750,666.377,0.45,0.00454,mål EMA20
META,B,kop,2025-12-26T17:30:00.000Z,2025-12-26T20:30:00.000Z,663.987,662.878,-0.25,-0.00254,dagens slut
META,A,kop,2025-12-30T15:30:00.000Z,2025-12-30T20:30:00.000Z,667.083,665.577,-0.29,-0.00289,dagens slut
META,B,kop,2025-12-31T15:30:00.000Z,2025-12-31T15:30:00.000Z,663.672,663.358,-0.15,-0.00147,mål EMA20
META,A,kop,2026-01-05T15:30:00.000Z,2026-01-05T20:30:00.000Z,662.846,658.471,-0.53,-0.00530,dagens slut
META,A,kop,2026-01-09T16:30:00.000Z,2026-01-09T20:30:00.000Z,654.788,652.713,-0.28,-0.00280,dagens slut
META,B,blank,2026-01-15T18:30:00.000Z,2026-01-15T18:30:00.000Z,622.768,620.989,0.14,0.00134,mål EMA20
META,B,blank,2026-01-21T16:30:00.000Z,2026-01-21T16:30:00.000Z,613.443,610.720,0.22,0.00214,mål EMA20
META,B,kop,2026-01-27T16:30:00.000Z,2026-01-27T16:30:00.000Z,670.280,667.736,-0.29,-0.00291,mål EMA20
META,B,kop,2026-01-27T17:30:00.000Z,2026-01-27T17:30:00.000Z,668.389,667.766,-0.12,-0.00120,mål EMA20
META,B,kop,2026-01-27T18:30:00.000Z,2026-01-27T18:30:00.000Z,668.504,671.144,0.19,0.00189,mål EMA20
META,B,kop,2026-02-02T19:30:00.000Z,2026-02-02T19:30:00.000Z,713.141,709.685,-0.23,-0.00224,mål EMA20
META,B,kop,2026-02-02T20:30:00.000Z,2026-02-02T20:30:00.000Z,710.305,706.067,-0.28,-0.00275,mål EMA20
META,B,kop,2026-02-03T15:30:00.000Z,2026-02-03T20:30:00.000Z,696.213,691.284,-0.30,-0.00294,dagens slut
META,A,kop,2026-02-05T16:30:00.000Z,2026-02-05T20:30:00.000Z,675.428,669.755,-0.34,-0.00335,dagens slut
META,A,kop,2026-02-09T17:30:00.000Z,2026-02-09T20:30:00.000Z,680.851,676.901,-0.26,-0.00252,dagens slut
META,B,blank,2026-02-18T18:30:00.000Z,2026-02-18T18:30:00.000Z,640.899,639.550,0.06,0.00054,mål EMA20
META,B,blank,2026-02-19T16:30:00.000Z,2026-02-19T19:30:00.000Z,644.807,643.674,0.04,0.00039,mål EMA20
META,B,blank,2026-03-09T19:30:00.000Z,2026-03-09T19:30:00.000Z,643.908,647.674,-0.34,-0.00331,dagens slut
META,A,blank,2026-03-13T18:30:00.000Z,2026-03-13T19:30:00.000Z,612.969,613.937,-0.13,-0.00123,dagens slut
META,B,blank,2026-03-16T14:30:00.000Z,2026-03-16T14:30:00.000Z,631.774,629.495,0.12,0.00117,mål EMA20
META,B,blank,2026-03-17T14:30:00.000Z,2026-03-17T14:30:00.000Z,629.519,625.703,0.27,0.00260,mål EMA20
META,A,blank,2026-03-20T15:30:00.000Z,2026-03-20T19:30:00.000Z,591.979,594.017,-0.26,-0.00251,dagens slut
META,B,blank,2026-03-23T14:30:00.000Z,2026-03-23T15:30:00.000Z,605.187,601.361,0.30,0.00288,mål EMA20
META,A,blank,2026-03-26T14:30:00.000Z,2026-03-26T19:30:00.000Z,568.506,547.424,1.54,0.01508,dagens slut
META,A,blank,2026-03-27T15:30:00.000Z,2026-03-27T19:30:00.000Z,529.045,525.973,0.17,0.00170,dagens slut
META,B,blank,2026-03-30T14:30:00.000Z,2026-03-30T14:30:00.000Z,532.344,534.567,-0.20,-0.00201,mål EMA20
META,B,blank,2026-03-30T15:30:00.000Z,2026-03-30T15:30:00.000Z,534.113,536.968,-0.25,-0.00248,mål EMA20
META,B,blank,2026-03-30T16:30:00.000Z,2026-03-30T16:30:00.000Z,536.432,536.238,-0.03,-0.00025,mål EMA20
META,B,blank,2026-03-31T14:30:00.000Z,2026-03-31T16:30:00.000Z,555.512,570.103,-1.06,-0.01049,stopp
META,A,blank,2026-04-08T15:30:00.000Z,2026-04-08T15:30:00.000Z,592.793,607.926,-1.06,-0.01039,stopp
META,A,kop,2026-04-14T14:30:00.000Z,2026-04-14T19:30:00.000Z,654.149,662.219,0.59,0.00569,dagens slut
META,B,kop,2026-04-16T14:30:00.000Z,2026-04-16T14:30:00.000Z,670.435,672.913,0.16,0.00152,mål EMA20
META,B,kop,2026-04-20T19:30:00.000Z,2026-04-20T19:30:00.000Z,671.085,670.615,-0.11,-0.00105,dagens slut
META,B,kop,2026-04-28T14:30:00.000Z,2026-04-28T19:30:00.000Z,673.086,670.894,-0.26,-0.00253,dagens slut
META,B,blank,2026-05-06T14:30:00.000Z,2026-05-06T19:30:00.000Z,614.443,612.846,0.07,0.00073,dagens slut
META,B,blank,2026-05-07T14:30:00.000Z,2026-05-07T19:30:00.000Z,620.521,617.269,0.22,0.00215,dagens slut
META,B,blank,2026-05-13T14:30:00.000Z,2026-05-13T16:30:00.000Z,605.982,615.795,-1.10,-0.01070,stopp
META,A,blank,2026-05-29T14:30:00.000Z,2026-05-29T19:30:00.000Z,624.638,632.836,-0.76,-0.00734,dagens slut
META,A,blank,2026-06-01T14:30:00.000Z,2026-06-01T19:30:00.000Z,609.765,600.670,0.62,0.00597,dagens slut
META,A,blank,2026-06-10T19:30:00.000Z,2026-06-10T19:30:00.000Z,570.605,571.075,-0.08,-0.00080,dagens slut
META,B,blank,2026-06-11T19:30:00.000Z,2026-06-11T19:30:00.000Z,569.515,568.674,0.02,0.00021,mål EMA20
META,B,blank,2026-06-18T17:30:00.000Z,2026-06-18T17:30:00.000Z,577.651,573.817,0.27,0.00260,mål EMA20
META,B,blank,2026-06-24T15:30:00.000Z,2026-06-24T15:30:00.000Z,566.227,563.812,0.16,0.00151,mål EMA20
META,B,blank,2026-06-30T19:30:00.000Z,2026-06-30T19:30:00.000Z,561.149,563.382,-0.28,-0.00267,dagens slut
META,B,kop,2026-07-02T14:30:00.000Z,2026-07-02T19:30:00.000Z,591.270,582.359,-0.50,-0.00479,dagens slut
META,A,kop,2026-07-07T18:30:00.000Z,2026-07-07T19:30:00.000Z,622.726,615.262,-0.49,-0.00474,dagens slut
META,B,kop,2026-07-08T19:30:00.000Z,2026-07-08T19:30:00.000Z,599.940,602.768,0.15,0.00145,mål EMA20
META,A,kop,2026-07-10T15:30:00.000Z,2026-07-10T19:30:00.000Z,675.142,668.975,-0.30,-0.00282,dagens slut
META,A,kop,2026-07-15T15:30:00.000Z,2026-07-15T19:30:00.000Z,678.839,680.934,0.08,0.00074,dagens slut
META,B,kop,2026-07-16T16:30:00.000Z,2026-07-16T16:30:00.000Z,670.535,669.635,-0.09,-0.00081,mål EMA20
META,B,kop,2026-07-16T17:30:00.000Z,2026-07-16T19:30:00.000Z,670.075,664.208,-0.37,-0.00352,dagens slut
META,B,blank,2026-07-31T14:30:00.000Z,2026-07-31T14:30:00.000Z,547.106,541.150,0.29,0.00276,mål EMA20
META,B,blank,2026-07-31T19:30:00.000Z,2026-07-31T19:30:00.000Z,552.264,556.778,-0.30,-0.00282,mål EMA20
META,A,blank,2026-08-12T14:30:00.000Z,2026-08-12T19:30:00.000Z,587.376,579.139,0.61,0.00579,dagens slut
META,B,blank,2026-08-13T18:30:00.000Z,2026-08-13T19:30:00.000Z,589.375,595.202,-0.63,-0.00600,dagens slut
META,A,blank,2026-08-17T14:30:00.000Z,2026-08-17T19:30:00.000Z,577.811,569.295,0.83,0.00789,dagens slut
META,B,blank,2026-08-19T16:30:00.000Z,2026-08-19T16:30:00.000Z,551.984,553.557,-0.20,-0.00192,mål EMA20
META,B,blank,2026-08-19T17:30:00.000Z,2026-08-19T17:30:00.000Z,552.958,550.480,0.19,0.00180,mål EMA20
META,B,blank,2026-08-21T14:30:00.000Z,2026-08-21T14:30:00.000Z,549.025,549.950,-0.15,-0.00142,mål EMA20
META,B,blank,2026-08-21T15:30:00.000Z,2026-08-21T17:30:00.000Z,549.360,549.395,-0.06,-0.00056,mål EMA20
META,B,blank,2026-08-24T15:30:00.000Z,2026-08-24T19:30:00.000Z,555.887,559.420,-0.43,-0.00414,dagens slut
META,A,blank,2026-08-26T14:30:00.000Z,2026-08-26T14:30:00.000Z,573.788,586.823,-1.07,-0.01016,stopp
META,B,kop,2026-09-10T17:30:00.000Z,2026-09-10T17:30:00.000Z,649.224,646.906,-0.18,-0.00170,mål EMA20
META,B,kop,2026-09-10T18:30:00.000Z,2026-09-10T18:30:00.000Z,647.574,643.408,-0.30,-0.00286,mål EMA20
META,B,kop,2026-09-10T19:30:00.000Z,2026-09-10T19:30:00.000Z,643.932,644.048,-0.03,-0.00032,mål EMA20
META,A,kop,2026-09-21T14:30:00.000Z,2026-09-21T19:30:00.000Z,712.711,740.759,1.38,0.01295,dagens slut
META,A,kop,2026-09-22T14:30:00.000Z,2026-09-22T19:30:00.000Z,751.431,736.312,-0.69,-0.00654,dagens slut
META,B,kop,2026-09-25T14:30:00.000Z,2026-09-25T20:00:00.000Z,752.371,751.284,-0.08,-0.00077,periodens slut
PLTR,A,kop,2025-10-01T14:30:00.000Z,2025-10-01T19:30:00.000Z,185.353,184.808,-0.16,-0.00158,dagens slut
PLTR,A,kop,2025-10-07T14:30:00.000Z,2025-10-07T19:30:00.000Z,185.393,182.074,-0.57,-0.00572,dagens slut
PLTR,A,kop,2025-10-14T15:30:00.000Z,2025-10-14T19:30:00.000Z,180.080,179.639,-0.11,-0.00105,dagens slut
PLTR,A,kop,2025-10-29T14:30:00.000Z,2025-10-29T19:30:00.000Z,197.202,198.721,0.26,0.00259,dagens slut
PLTR,A,kop,2025-10-31T14:30:00.000Z,2025-10-31T19:30:00.000Z,203.402,200.375,-0.53,-0.00529,dagens slut
PLTR,B,blank,2025-11-07T20:30:00.000Z,2025-11-07T20:30:00.000Z,176.727,178.069,-0.21,-0.00207,mål EMA20
PLTR,A,blank,2025-11-12T15:30:00.000Z,2025-11-12T20:30:00.000Z,185.457,184.272,0.14,0.00143,dagens slut
PLTR,A,blank,2025-11-13T15:30:00.000Z,2025-11-13T20:30:00.000Z,176.241,172.206,0.56,0.00555,dagens slut
PLTR,B,blank,2025-11-14T16:30:00.000Z,2025-11-14T16:30:00.000Z,176.097,176.468,-0.08,-0.00076,mål EMA20
PLTR,B,blank,2025-11-14T17:30:00.000Z,2025-11-14T17:30:00.000Z,176.292,175.458,0.09,0.00094,mål EMA20
PLTR,B,blank,2025-11-20T15:30:00.000Z,2025-11-20T15:30:00.000Z,171.114,165.390,0.83,0.00826,mål EMA20
PLTR,A,blank,2025-11-20T16:30:00.000Z,2025-11-20T20:30:00.000Z,165.137,155.828,1.28,0.01279,dagens slut
PLTR,B,blank,2025-11-24T17:30:00.000Z,2025-11-24T20:30:00.000Z,163.550,162.261,0.15,0.00157,dagens slut
PLTR,B,kop,2025-12-11T15:30:00.000Z,2025-12-11T16:30:00.000Z,184.072,186.052,0.38,0.00384,mål EMA20
PLTR,A,kop,2025-12-18T15:30:00.000Z,2025-12-18T20:30:00.000Z,186.353,185.577,-0.15,-0.00158,dagens slut
PLTR,A,kop,2025-12-19T15:30:00.000Z,2025-12-19T20:30:00.000Z,191.000,193.293,0.36,0.00367,dagens slut
PLTR,B,kop,2025-12-26T15:30:00.000Z,2025-12-26T20:30:00.000Z,192.076,188.646,-0.99,-0.01009,dagens slut
PLTR,B,blank,2026-01-05T16:30:00.000Z,2026-01-05T16:30:00.000Z,175.332,174.477,0.14,0.00139,mål EMA20
PLTR,B,blank,2026-01-06T15:30:00.000Z,2026-01-06T20:30:00.000Z,178.930,179.950,-0.26,-0.00259,dagens slut
PLTR,A,blank,2026-01-08T16:30:00.000Z,2026-01-08T20:30:00.000Z,178.251,176.898,0.22,0.00222,dagens slut
PLTR,B,blank,2026-01-14T20:30:00.000Z,2026-01-14T20:30:00.000Z,177.531,178.499,-0.27,-0.00269,dagens slut
PLTR,A,blank,2026-01-16T15:30:00.000Z,2026-01-16T20:30:00.000Z,172.953,171.055,0.33,0.00333,dagens slut
PLTR,A,blank,2026-01-21T17:30:00.000Z,2026-01-21T19:30:00.000Z,161.599,166.755,-1.05,-0.01064,stopp
PLTR,B,blank,2026-01-22T16:30:00.000Z,2026-01-22T16:30:00.000Z,166.617,165.513,0.19,0.00192,mål EMA20
PLTR,B,blank,2026-01-23T15:30:00.000Z,2026-01-23T20:30:00.000Z,167.916,169.715,-0.47,-0.00471,dagens slut
PLTR,A,blank,2026-01-28T17:30:00.000Z,2026-01-28T20:30:00.000Z,159.620,157.429,0.55,0.00552,dagens slut
PLTR,A,blank,2026-01-29T15:30:00.000Z,2026-01-29T20:30:00.000Z,148.706,152.006,-0.74,-0.00746,dagens slut
PLTR,A,blank,2026-02-03T15:30:00.000Z,2026-02-03T20:30:00.000Z,155.892,157.949,-0.35,-0.00346,dagens slut
PLTR,A,blank,2026-02-04T15:30:00.000Z,2026-02-04T20:30:00.000Z,144.128,139.580,0.52,0.00521,dagens slut
PLTR,A,blank,2026-02-05T15:30:00.000Z,2026-02-05T20:30:00.000Z,129.205,130.045,-0.11,-0.00112,dagens slut
PLTR,B,blank,2026-02-06T16:30:00.000Z,2026-02-06T16:30:00.000Z,136.212,136.378,-0.04,-0.00040,mål EMA20
PLTR,B,blank,2026-02-06T17:30:00.000Z,2026-02-06T17:30:00.000Z,136.232,135.723,0.05,0.00051,mål EMA20
PLTR,B,blank,2026-02-09T15:30:00.000Z,2026-02-09T20:30:00.000Z,140.349,142.981,-0.40,-0.00404,dagens slut
PLTR,A,blank,2026-02-11T15:30:00.000Z,2026-02-11T20:30:00.000Z,133.393,135.738,-0.44,-0.00436,dagens slut
PLTR,A,blank,2026-02-12T16:30:00.000Z,2026-02-12T20:30:00.000Z,126.852,129.165,-0.45,-0.00444,dagens slut
PLTR,B,blank,2026-02-13T15:30:00.000Z,2026-02-13T15:30:00.000Z,131.634,130.540,0.19,0.00183,mål EMA20
PLTR,B,kop,2026-03-05T18:30:00.000Z,2026-03-05T18:30:00.000Z,150.175,151.354,0.21,0.00205,mål EMA20
PLTR,A,kop,2026-03-06T15:30:00.000Z,2026-03-06T20:30:00.000Z,155.098,157.091,0.36,0.00361,dagens slut
PLTR,B,kop,2026-03-10T15:30:00.000Z,2026-03-10T19:30:00.000Z,150.600,151.094,0.06,0.00062,dagens slut
PLTR,B,kop,2026-03-13T14:30:00.000Z,2026-03-13T19:30:00.000Z,151.946,150.875,-0.29,-0.00291,dagens slut
PLTR,B,kop,2026-03-18T14:30:00.000Z,2026-03-18T14:30:00.000Z,154.147,153.828,-0.14,-0.00138,mål EMA20
PLTR,B,kop,2026-03-18T15:30:00.000Z,2026-03-18T15:30:00.000Z,153.962,154.023,-0.03,-0.00028,mål EMA20
PLTR,A,kop,2026-03-23T14:30:00.000Z,2026-03-23T19:30:00.000Z,159.360,160.730,0.24,0.00242,dagens slut
PLTR,A,kop,2026-03-31T17:30:00.000Z,2026-03-31T19:30:00.000Z,146.983,146.197,-0.19,-0.00192,dagens slut
PLTR,A,blank,2026-04-10T14:30:00.000Z,2026-04-10T19:30:00.000Z,124.058,128.154,-0.71,-0.00699,dagens slut
PLTR,B,blank,2026-04-13T14:30:00.000Z,2026-04-13T17:30:00.000Z,132.484,132.621,-0.05,-0.00046,mål EMA20
PLTR,A,kop,2026-05-28T14:30:00.000Z,2026-05-28T19:30:00.000Z,138.349,143.258,1.26,0.01240,dagens slut
PLTR,A,kop,2026-05-29T14:30:00.000Z,2026-05-29T19:30:00.000Z,155.528,156.512,0.16,0.00157,dagens slut
PLTR,B,kop,2026-06-02T14:30:00.000Z,2026-06-02T15:30:00.000Z,151.956,153.513,0.25,0.00247,mål EMA20
PLTR,A,blank,2026-06-09T15:30:00.000Z,2026-06-09T19:30:00.000Z,130.910,132.136,-0.35,-0.00354,dagens slut
PLTR,B,blank,2026-06-15T14:30:00.000Z,2026-06-15T19:30:00.000Z,132.384,134.767,-0.67,-0.00670,dagens slut
PLTR,A,blank,2026-06-16T14:30:00.000Z,2026-06-16T19:30:00.000Z,130.365,133.307,-0.84,-0.00830,dagens slut
PLTR,A,blank,2026-06-18T14:30:00.000Z,2026-06-18T19:30:00.000Z,126.837,128.554,-0.42,-0.00409,dagens slut
PLTR,A,blank,2026-06-22T16:30:00.000Z,2026-06-22T19:30:00.000Z,120.140,119.540,0.11,0.00105,dagens slut
PLTR,A,blank,2026-06-25T15:30:00.000Z,2026-06-25T19:30:00.000Z,107.276,107.364,-0.05,-0.00045,dagens slut
PLTR,B,blank,2026-06-26T14:30:00.000Z,2026-06-26T19:30:00.000Z,112.074,112.886,-0.22,-0.00214,dagens slut
PLTR,B,kop,2026-07-08T14:30:00.000Z,2026-07-08T19:30:00.000Z,128.624,132.153,0.67,0.00649,mål EMA20
PLTR,A,kop,2026-07-14T14:30:00.000Z,2026-07-14T19:30:00.000Z,131.926,133.673,0.32,0.00319,dagens slut
PLTR,B,kop,2026-07-16T14:30:00.000Z,2026-07-16T14:30:00.000Z,131.786,132.799,0.20,0.00201,mål EMA20
PLTR,B,kop,2026-07-17T15:30:00.000Z,2026-07-17T16:30:00.000Z,131.696,134.363,0.62,0.00609,mål EMA20
PLTR,B,kop,2026-07-21T15:30:00.000Z,2026-07-21T19:30:00.000Z,133.188,132.554,-0.19,-0.00191,dagens slut
PLTR,A,kop,2026-07-27T15:30:00.000Z,2026-07-27T19:30:00.000Z,129.815,131.479,0.38,0.00381,dagens slut
PLTR,A,kop,2026-08-04T14:30:00.000Z,2026-08-04T19:30:00.000Z,158.149,162.549,0.57,0.00564,dagens slut
PLTR,B,kop,2026-08-06T14:30:00.000Z,2026-08-06T14:30:00.000Z,157.229,156.812,-0.09,-0.00093,mål EMA20
PLTR,B,kop,2026-08-06T15:30:00.000Z,2026-08-06T15:30:00.000Z,156.998,155.237,-0.32,-0.00315,mål EMA20
PLTR,B,kop,2026-08-06T16:30:00.000Z,2026-08-06T16:30:00.000Z,155.408,155.612,0.01,0.00008,mål EMA20
PLTR,A,kop,2026-08-07T14:30:00.000Z,2026-08-07T19:30:00.000Z,170.395,171.914,0.20,0.00197,dagens slut
PLTR,A,kop,2026-08-10T14:30:00.000Z,2026-08-10T19:30:00.000Z,177.769,175.132,-0.44,-0.00439,dagens slut
PLTR,B,kop,2026-08-12T14:30:00.000Z,2026-08-12T16:30:00.000Z,170.085,172.354,0.39,0.00392,mål EMA20
PLTR,A,kop,2026-08-13T19:30:00.000Z,2026-08-13T19:30:00.000Z,178.774,178.911,-0.01,-0.00009,dagens slut
PLTR,B,kop,2026-08-14T18:30:00.000Z,2026-08-14T19:30:00.000Z,175.165,173.953,-0.33,-0.00326,dagens slut
PLTR,B,kop,2026-08-17T18:30:00.000Z,2026-08-17T19:30:00.000Z,173.587,172.469,-0.34,-0.00334,dagens slut
PLTR,A,kop,2026-08-21T15:30:00.000Z,2026-08-21T19:30:00.000Z,178.309,179.850,0.29,0.00288,dagens slut
PLTR,B,kop,2026-08-25T14:30:00.000Z,2026-08-25T19:30:00.000Z,174.927,172.634,-0.47,-0.00467,dagens slut
PLTR,A,kop,2026-08-26T14:30:00.000Z,2026-08-26T19:30:00.000Z,176.038,177.381,0.21,0.00204,dagens slut
PLTR,A,kop,2026-08-27T14:30:00.000Z,2026-08-27T19:30:00.000Z,184.697,185.807,0.16,0.00163,dagens slut
PLTR,B,kop,2026-09-01T15:30:00.000Z,2026-09-01T19:30:00.000Z,184.092,179.810,-0.95,-0.00948,dagens slut
PLTR,A,kop,2026-09-03T14:30:00.000Z,2026-09-03T19:30:00.000Z,184.622,182.389,-0.35,-0.00342,dagens slut
PLTR,A,kop,2026-09-23T15:30:00.000Z,2026-09-23T19:30:00.000Z,191.741,191.674,-0.05,-0.00048,dagens slut
PLTR,B,kop,2026-09-25T19:30:00.000Z,2026-09-25T20:00:00.000Z,190.765,189.575,-0.34,-0.00335,periodens slut
COIN,A,kop,2025-10-02T14:30:00.000Z,2025-10-02T19:30:00.000Z,363.472,371.784,0.74,0.00743,dagens slut
COIN,B,kop,2025-10-07T15:30:00.000Z,2025-10-07T18:30:00.000Z,371.416,375.825,0.31,0.00308,mål EMA20
COIN,A,blank,2025-10-22T14:30:00.000Z,2025-10-22T19:30:00.000Z,317.861,320.595,-0.24,-0.00245,dagens slut
COIN,B,blank,2025-10-23T17:30:00.000Z,2025-10-23T18:30:00.000Z,324.083,326.053,-0.22,-0.00219,mål EMA20
COIN,A,blank,2025-10-29T14:30:00.000Z,2025-10-29T19:30:00.000Z,347.171,348.734,-0.17,-0.00168,dagens slut
COIN,A,blank,2025-11-03T15:30:00.000Z,2025-11-03T20:30:00.000Z,330.630,330.555,-0.02,-0.00017,dagens slut
COIN,B,blank,2025-11-05T18:30:00.000Z,2025-11-05T18:30:00.000Z,317.751,319.760,-0.20,-0.00200,mål EMA20
COIN,B,blank,2025-11-05T19:30:00.000Z,2025-11-05T20:30:00.000Z,319.450,319.370,-0.02,-0.00021,mål EMA20
COIN,A,blank,2025-11-06T15:30:00.000Z,2025-11-06T20:30:00.000Z,303.193,295.458,0.59,0.00591,dagens slut
COIN,B,blank,2025-11-07T18:30:00.000Z,2025-11-07T18:30:00.000Z,303.738,305.650,-0.18,-0.00180,mål EMA20
COIN,B,blank,2025-11-07T19:30:00.000Z,2025-11-07T20:30:00.000Z,305.407,309.375,-0.36,-0.00358,dagens slut
COIN,B,blank,2025-11-10T15:30:00.000Z,2025-11-10T20:30:00.000Z,316.172,318.029,-0.17,-0.00170,dagens slut
COIN,A,blank,2025-11-13T16:30:00.000Z,2025-11-13T20:30:00.000Z,291.594,283.232,0.80,0.00801,dagens slut
COIN,B,blank,2025-11-18T16:30:00.000Z,2025-11-18T16:30:00.000Z,268.461,265.184,0.25,0.00253,mål EMA20
COIN,A,blank,2025-11-19T16:30:00.000Z,2025-11-19T20:30:00.000Z,250.914,257.499,-0.62,-0.00622,dagens slut
COIN,B,blank,2025-11-20T15:30:00.000Z,2025-11-20T15:30:00.000Z,257.311,248.864,0.75,0.00754,mål EMA20
COIN,B,blank,2025-11-24T16:30:00.000Z,2025-11-24T20:30:00.000Z,251.734,256.078,-0.35,-0.00358,dagens slut
COIN,A,blank,2025-12-15T15:30:00.000Z,2025-12-15T20:30:00.000Z,253.393,250.545,0.24,0.00238,dagens slut
COIN,B,blank,2025-12-17T15:30:00.000Z,2025-12-17T15:30:00.000Z,257.251,251.816,0.56,0.00568,mål EMA20
COIN,B,blank,2026-01-02T16:30:00.000Z,2026-01-02T20:30:00.000Z,234.803,236.648,-0.41,-0.00415,dagens slut
COIN,A,blank,2026-01-07T15:30:00.000Z,2026-01-07T20:30:00.000Z,240.602,246.053,-0.76,-0.00771,dagens slut
COIN,B,blank,2026-01-12T15:30:00.000Z,2026-01-12T18:30:00.000Z,243.188,243.772,-0.11,-0.00113,mål EMA20
COIN,A,blank,2026-01-15T20:30:00.000Z,2026-01-15T20:30:00.000Z,237.621,239.390,-0.23,-0.00231,dagens slut
COIN,A,blank,2026-01-23T15:30:00.000Z,2026-01-23T20:30:00.000Z,216.711,217.038,-0.08,-0.00081,dagens slut
COIN,A,blank,2026-01-28T20:30:00.000Z,2026-01-28T20:30:00.000Z,208.141,209.585,-0.28,-0.00283,dagens slut
COIN,A,blank,2026-01-29T15:30:00.000Z,2026-01-29T20:30:00.000Z,198.471,199.340,-0.16,-0.00155,dagens slut
COIN,A,blank,2026-02-05T15:30:00.000Z,2026-02-05T20:30:00.000Z,154.203,146.163,0.88,0.00879,dagens slut
COIN,B,blank,2026-02-06T16:30:00.000Z,2026-02-06T16:30:00.000Z,160.560,162.741,-0.26,-0.00257,mål EMA20
COIN,B,blank,2026-02-06T17:30:00.000Z,2026-02-06T17:30:00.000Z,162.576,161.081,0.15,0.00151,mål EMA20
COIN,A,blank,2026-02-11T15:30:00.000Z,2026-02-11T20:30:00.000Z,150.698,153.287,-0.37,-0.00372,dagens slut
COIN,A,blank,2026-02-12T15:30:00.000Z,2026-02-12T20:30:00.000Z,146.917,140.960,0.83,0.00828,dagens slut
COIN,A,blank,2026-02-23T19:30:00.000Z,2026-02-23T20:30:00.000Z,159.520,160.359,-0.13,-0.00133,dagens slut
COIN,A,kop,2026-03-04T15:30:00.000Z,2026-03-04T20:30:00.000Z,208.614,208.766,-0.00,-0.00005,dagens slut
COIN,B,kop,2026-03-05T16:30:00.000Z,2026-03-05T16:30:00.000Z,205.533,205.537,-0.02,-0.00021,mål EMA20
COIN,B,kop,2026-03-05T18:30:00.000Z,2026-03-05T18:30:00.000Z,201.881,203.433,0.14,0.00142,mål EMA20
COIN,B,kop,2026-03-06T16:30:00.000Z,2026-03-06T20:30:00.000Z,197.917,196.971,-0.12,-0.00121,dagens slut
COIN,B,kop,2026-03-11T14:30:00.000Z,2026-03-11T16:30:00.000Z,195.408,198.501,0.32,0.00323,mål EMA20
COIN,B,kop,2026-03-18T14:30:00.000Z,2026-03-18T16:30:00.000Z,202.131,205.447,0.38,0.00386,mål EMA20
COIN,B,blank,2026-03-31T14:30:00.000Z,2026-03-31T14:30:00.000Z,169.205,166.143,0.39,0.00395,mål EMA20
COIN,B,blank,2026-03-31T18:30:00.000Z,2026-03-31T19:30:00.000Z,174.103,174.657,-0.09,-0.00095,dagens slut
COIN,B,blank,2026-04-01T14:30:00.000Z,2026-04-01T19:30:00.000Z,174.393,173.077,0.15,0.00151,dagens slut
COIN,A,blank,2026-04-08T14:30:00.000Z,2026-04-08T19:30:00.000Z,180.440,175.218,0.61,0.00618,dagens slut
COIN,A,blank,2026-04-09T14:30:00.000Z,2026-04-09T15:30:00.000Z,166.897,175.329,-1.03,-0.01057,stopp
COIN,A,blank,2026-04-16T14:30:00.000Z,2026-04-16T15:30:00.000Z,189.745,197.599,-1.04,-0.01053,stopp
COIN,B,kop,2026-04-20T14:30:00.000Z,2026-04-20T14:30:00.000Z,205.022,207.116,0.22,0.00225,mål EMA20
COIN,B,kop,2026-04-21T15:30:00.000Z,2026-04-21T19:30:00.000Z,202.211,195.832,-0.77,-0.00778,dagens slut
COIN,A,kop,2026-04-22T14:30:00.000Z,2026-04-22T19:30:00.000Z,211.661,206.157,-0.56,-0.00564,dagens slut
COIN,B,kop,2026-04-23T14:30:00.000Z,2026-04-23T19:30:00.000Z,200.070,197.901,-0.26,-0.00257,dagens slut
COIN,B,kop,2026-05-05T14:30:00.000Z,2026-05-05T14:30:00.000Z,198.834,198.471,-0.07,-0.00070,mål EMA20
COIN,B,kop,2026-05-05T15:30:00.000Z,2026-05-05T18:30:00.000Z,198.689,196.742,-0.27,-0.00268,mål EMA20
COIN,A,kop,2026-05-11T15:30:00.000Z,2026-05-11T19:30:00.000Z,209.625,216.511,0.71,0.00698,dagens slut
COIN,A,kop,2026-05-14T15:30:00.000Z,2026-05-14T19:30:00.000Z,209.975,211.864,0.18,0.00178,dagens slut
COIN,A,kop,2026-05-29T15:30:00.000Z,2026-05-29T19:30:00.000Z,188.199,188.915,0.08,0.00077,dagens slut
COIN,A,blank,2026-06-05T14:30:00.000Z,2026-06-05T19:30:00.000Z,152.209,152.576,-0.07,-0.00071,dagens slut
COIN,B,blank,2026-06-08T14:30:00.000Z,2026-06-08T19:30:00.000Z,159.645,162.196,-0.38,-0.00380,dagens slut
COIN,B,blank,2026-06-10T14:30:00.000Z,2026-06-10T14:30:00.000Z,158.611,157.729,0.10,0.00096,mål EMA20
COIN,B,blank,2026-06-11T18:30:00.000Z,2026-06-11T19:30:00.000Z,158.751,160.690,-0.31,-0.00311,dagens slut
COIN,B,blank,2026-06-26T16:30:00.000Z,2026-06-26T16:30:00.000Z,148.276,148.934,-0.12,-0.00116,mål EMA20
COIN,B,blank,2026-06-26T17:30:00.000Z,2026-06-26T17:30:00.000Z,148.781,147.354,0.19,0.00191,mål EMA20
COIN,B,blank,2026-07-14T14:30:00.000Z,2026-07-14T14:30:00.000Z,158.626,157.979,0.08,0.00084,mål EMA20
COIN,B,blank,2026-07-20T15:30:00.000Z,2026-07-20T18:30:00.000Z,160.290,159.850,0.04,0.00041,mål EMA20
COIN,A,blank,2026-07-24T14:30:00.000Z,2026-07-24T19:30:00.000Z,155.312,158.399,-0.46,-0.00461,dagens slut
COIN,B,blank,2026-07-27T14:30:00.000Z,2026-07-27T19:30:00.000Z,162.714,167.614,-0.71,-0.00701,dagens slut
COIN,A,blank,2026-07-31T14:30:00.000Z,2026-07-31T17:30:00.000Z,140.430,149.433,-1.02,-0.01004,stopp
COIN,B,blank,2026-08-12T19:30:00.000Z,2026-08-12T19:30:00.000Z,149.565,149.134,0.07,0.00066,dagens slut
COIN,B,kop,2026-08-24T17:30:00.000Z,2026-08-24T17:30:00.000Z,182.626,181.494,-0.15,-0.00150,mål EMA20
COIN,B,kop,2026-08-24T18:30:00.000Z,2026-08-24T18:30:00.000Z,181.781,180.765,-0.15,-0.00142,mål EMA20
COIN,B,kop,2026-08-24T19:30:00.000Z,2026-08-24T19:30:00.000Z,181.020,179.395,-0.23,-0.00222,mål EMA20
COIN,A,kop,2026-08-25T14:30:00.000Z,2026-08-25T19:30:00.000Z,185.423,187.096,0.17,0.00164,dagens slut
COIN,B,kop,2026-08-26T14:30:00.000Z,2026-08-26T18:30:00.000Z,184.212,182.609,-0.21,-0.00206,mål EMA20
COIN,A,kop,2026-08-27T15:30:00.000Z,2026-08-27T19:30:00.000Z,192.146,190.655,-0.21,-0.00203,dagens slut
COIN,B,kop,2026-08-28T14:30:00.000Z,2026-08-28T19:30:00.000Z,183.362,178.571,-0.62,-0.00600,dagens slut
COIN,A,kop,2026-09-03T14:30:00.000Z,2026-09-03T19:30:00.000Z,190.085,192.654,0.32,0.00302,dagens slut
COIN,B,kop,2026-09-04T14:30:00.000Z,2026-09-04T19:30:00.000Z,184.822,184.548,-0.06,-0.00060,dagens slut
COIN,A,kop,2026-09-11T14:30:00.000Z,2026-09-11T17:30:00.000Z,181.020,174.785,-1.04,-0.01001,stopp
COIN,A,kop,2026-09-14T15:30:00.000Z,2026-09-14T19:30:00.000Z,186.783,191.314,0.58,0.00554,dagens slut
COIN,A,kop,2026-09-18T14:30:00.000Z,2026-09-18T19:30:00.000Z,189.815,194.178,0.46,0.00439,dagens slut
COIN,B,kop,2026-09-22T14:30:00.000Z,2026-09-22T14:30:00.000Z,198.630,200.050,0.16,0.00150,mål EMA20
COIN,B,kop,2026-09-23T14:30:00.000Z,2026-09-23T14:30:00.000Z,196.458,200.245,0.50,0.00476,mål EMA20
COIN,B,kop,2026-09-24T15:30:00.000Z,2026-09-24T15:30:00.000Z,195.593,200.295,0.61,0.00592,mål EMA20
COIN,B,kop,2026-09-25T14:30:00.000Z,2026-09-25T20:00:00.000Z,194.127,195.012,0.10,0.00094,periodens slut
MSTR,B,blank,2025-09-29T14:30:00.000Z,2025-09-29T19:30:00.000Z,320.000,326.583,-0.61,-0.00613,dagens slut
MSTR,B,kop,2025-10-07T14:30:00.000Z,2025-10-07T15:30:00.000Z,344.012,331.063,-1.04,-0.01033,stopp
MSTR,A,blank,2025-10-16T16:30:00.000Z,2025-10-16T19:30:00.000Z,288.356,283.872,0.37,0.00360,dagens slut
MSTR,B,blank,2025-10-20T14:30:00.000Z,2025-10-20T19:30:00.000Z,302.464,296.758,0.44,0.00434,dagens slut
MSTR,B,blank,2025-10-23T15:30:00.000Z,2025-10-23T15:30:00.000Z,285.337,286.778,-0.17,-0.00166,mål EMA20
MSTR,B,blank,2025-10-23T16:30:00.000Z,2025-10-23T16:30:00.000Z,286.542,285.859,0.04,0.00039,mål EMA20
MSTR,B,blank,2025-10-24T14:30:00.000Z,2025-10-24T16:30:00.000Z,289.405,288.419,0.07,0.00074,mål EMA20
MSTR,A,blank,2025-11-06T15:30:00.000Z,2025-11-06T20:30:00.000Z,243.468,237.068,0.59,0.00583,dagens slut
MSTR,B,blank,2025-11-07T20:30:00.000Z,2025-11-07T20:30:00.000Z,240.480,242.081,-0.17,-0.00167,dagens slut
MSTR,A,blank,2025-11-10T15:30:00.000Z,2025-11-10T20:30:00.000Z,240.520,238.849,0.13,0.00124,dagens slut
MSTR,A,blank,2025-11-13T18:30:00.000Z,2025-11-13T20:30:00.000Z,212.084,208.654,0.36,0.00362,dagens slut
MSTR,B,blank,2025-11-18T15:30:00.000Z,2025-11-18T20:30:00.000Z,205.722,206.903,-0.12,-0.00124,dagens slut
MSTR,A,blank,2025-11-19T16:30:00.000Z,2025-11-19T20:30:00.000Z,188.366,186.583,0.13,0.00132,dagens slut
MSTR,B,blank,2025-11-24T18:30:00.000Z,2025-11-24T18:30:00.000Z,175.032,177.719,-0.27,-0.00272,mål EMA20
MSTR,B,blank,2025-11-24T19:30:00.000Z,2025-11-24T19:30:00.000Z,177.541,177.718,-0.03,-0.00034,mål EMA20
MSTR,B,blank,2025-11-24T20:30:00.000Z,2025-11-24T20:30:00.000Z,177.461,179.165,-0.19,-0.00189,dagens slut
MSTR,B,blank,2025-11-26T18:30:00.000Z,2025-11-26T20:30:00.000Z,179.935,175.858,0.41,0.00408,dagens slut
MSTR,A,blank,2025-12-01T15:30:00.000Z,2025-12-01T20:30:00.000Z,159.770,171.604,-1.02,-0.01021,stopp
MSTR,A,blank,2025-12-15T15:30:00.000Z,2025-12-15T20:30:00.000Z,164.962,162.121,0.29,0.00291,dagens slut
MSTR,B,blank,2025-12-17T15:30:00.000Z,2025-12-17T15:30:00.000Z,170.075,164.132,0.72,0.00715,mål EMA20
MSTR,B,blank,2025-12-19T16:30:00.000Z,2025-12-19T20:30:00.000Z,166.167,164.582,0.18,0.00176,dagens slut
MSTR,B,blank,2025-12-22T15:30:00.000Z,2025-12-22T19:30:00.000Z,167.966,164.012,0.51,0.00506,mål EMA20
MSTR,B,blank,2025-12-29T15:30:00.000Z,2025-12-29T15:30:00.000Z,159.490,157.259,0.40,0.00400,mål EMA20
MSTR,A,blank,2026-01-09T15:30:00.000Z,2026-01-09T20:30:00.000Z,158.771,157.409,0.14,0.00143,dagens slut
MSTR,A,blank,2026-01-15T15:30:00.000Z,2026-01-15T20:30:00.000Z,171.264,170.985,0.01,0.00012,dagens slut
MSTR,B,blank,2026-01-27T20:30:00.000Z,2026-01-27T20:30:00.000Z,161.119,161.751,-0.14,-0.00142,dagens slut
MSTR,A,blank,2026-01-29T15:30:00.000Z,2026-01-29T20:30:00.000Z,145.947,143.302,0.38,0.00380,dagens slut
MSTR,A,blank,2026-02-05T15:30:00.000Z,2026-02-05T20:30:00.000Z,112.953,106.993,0.66,0.00664,dagens slut
MSTR,B,blank,2026-02-06T15:30:00.000Z,2026-02-06T20:30:00.000Z,125.137,135.518,-1.02,-0.01040,stopp
MSTR,A,blank,2026-02-11T15:30:00.000Z,2026-02-11T20:30:00.000Z,126.607,126.213,0.03,0.00033,dagens slut
MSTR,A,blank,2026-03-03T15:30:00.000Z,2026-03-03T15:30:00.000Z,127.966,134.427,-1.03,-0.01042,stopp
MSTR,B,kop,2026-03-18T14:30:00.000Z,2026-03-18T19:30:00.000Z,142.992,140.560,-0.43,-0.00434,dagens slut
MSTR,A,blank,2026-04-08T14:30:00.000Z,2026-04-08T19:30:00.000Z,129.605,128.343,0.19,0.00186,dagens slut
MSTR,A,kop,2026-04-17T14:30:00.000Z,2026-04-17T19:30:00.000Z,167.584,166.437,-0.18,-0.00175,dagens slut
MSTR,B,kop,2026-04-21T17:30:00.000Z,2026-04-21T17:30:00.000Z,164.992,166.537,0.18,0.00176,mål EMA20
MSTR,A,kop,2026-04-22T14:30:00.000Z,2026-04-22T19:30:00.000Z,180.349,179.160,-0.14,-0.00136,dagens slut
MSTR,B,kop,2026-04-23T19:30:00.000Z,2026-04-23T19:30:00.000Z,173.537,172.394,-0.16,-0.00160,dagens slut
MSTR,B,kop,2026-04-24T14:30:00.000Z,2026-04-24T19:30:00.000Z,170.005,170.934,0.09,0.00090,dagens slut
MSTR,A,kop,2026-05-01T14:30:00.000Z,2026-05-01T19:30:00.000Z,175.748,177.191,0.18,0.00183,dagens slut
MSTR,B,kop,2026-05-06T15:30:00.000Z,2026-05-06T15:30:00.000Z,182.491,184.063,0.21,0.00213,mål EMA20
MSTR,B,kop,2026-05-07T16:30:00.000Z,2026-05-07T19:30:00.000Z,178.607,179.750,0.14,0.00143,dagens slut
MSTR,A,kop,2026-05-08T18:30:00.000Z,2026-05-08T19:30:00.000Z,187.334,187.436,-0.01,-0.00012,dagens slut
MSTR,B,kop,2026-05-12T14:30:00.000Z,2026-05-12T16:30:00.000Z,188.144,180.340,-1.04,-0.01036,stopp
MSTR,B,kop,2026-05-12T17:30:00.000Z,2026-05-12T19:30:00.000Z,183.742,184.318,0.05,0.00049,dagens slut
MSTR,A,kop,2026-05-14T15:30:00.000Z,2026-05-14T19:30:00.000Z,185.558,186.837,0.14,0.00141,dagens slut
MSTR,A,kop,2026-05-26T14:30:00.000Z,2026-05-26T17:30:00.000Z,166.673,160.498,-1.04,-0.01032,stopp
MSTR,A,blank,2026-06-02T14:30:00.000Z,2026-06-02T19:30:00.000Z,135.152,136.168,-0.13,-0.00127,dagens slut
MSTR,A,blank,2026-06-05T14:30:00.000Z,2026-06-05T19:30:00.000Z,117.801,120.630,-0.37,-0.00367,dagens slut
MSTR,B,blank,2026-06-08T14:30:00.000Z,2026-06-08T19:30:00.000Z,126.027,127.254,-0.18,-0.00171,dagens slut
MSTR,B,blank,2026-06-11T19:30:00.000Z,2026-06-11T19:30:00.000Z,119.590,120.230,-0.14,-0.00137,dagens slut
MSTR,B,blank,2026-06-12T14:30:00.000Z,2026-06-12T19:30:00.000Z,123.408,124.022,-0.13,-0.00124,dagens slut
MSTR,A,blank,2026-06-18T14:30:00.000Z,2026-06-18T19:30:00.000Z,111.824,112.616,-0.15,-0.00141,dagens slut
MSTR,B,blank,2026-06-22T14:30:00.000Z,2026-06-22T14:30:00.000Z,115.652,113.912,0.25,0.00241,mål EMA20
MSTR,A,blank,2026-06-24T16:30:00.000Z,2026-06-24T19:30:00.000Z,96.3018,94.2071,0.36,0.00349,dagens slut
MSTR,A,blank,2026-06-25T15:30:00.000Z,2026-06-25T19:30:00.000Z,86.8665,85.3627,0.22,0.00213,dagens slut
MSTR,B,blank,2026-06-29T16:30:00.000Z,2026-06-29T17:30:00.000Z,88.1939,93.7540,-1.02,-0.01004,stopp
MSTR,B,blank,2026-06-29T18:30:00.000Z,2026-06-29T19:30:00.000Z,92.8785,92.7263,0.01,0.00010,dagens slut
MSTR,B,blank,2026-07-01T14:30:00.000Z,2026-07-01T19:30:00.000Z,94.3328,93.4367,0.12,0.00118,dagens slut
MSTR,A,blank,2026-07-23T15:30:00.000Z,2026-07-23T19:30:00.000Z,92.8586,93.7068,-0.23,-0.00227,dagens slut
MSTR,A,blank,2026-07-31T14:30:00.000Z,2026-07-31T19:30:00.000Z,90.5847,93.4167,-0.63,-0.00606,dagens slut
MSTR,A,blank,2026-08-07T17:30:00.000Z,2026-08-07T19:30:00.000Z,97.7211,100.080,-0.53,-0.00506,dagens slut
MSTR,A,blank,2026-08-20T14:30:00.000Z,2026-08-20T19:30:00.000Z,109.525,112.376,-0.51,-0.00486,dagens slut
MSTR,A,kop,2026-08-24T14:30:00.000Z,2026-08-24T19:30:00.000Z,125.893,122.589,-0.57,-0.00544,dagens slut
MSTR,A,kop,2026-08-25T14:30:00.000Z,2026-08-25T19:30:00.000Z,125.873,126.786,0.12,0.00118,dagens slut
MSTR,B,kop,2026-08-26T14:30:00.000Z,2026-08-26T14:30:00.000Z,124.072,122.861,-0.22,-0.00206,mål EMA20
MSTR,B,kop,2026-08-26T15:30:00.000Z,2026-08-26T16:30:00.000Z,122.936,123.003,-0.01,-0.00009,mål EMA20
MSTR,A,kop,2026-08-27T14:30:00.000Z,2026-08-27T19:30:00.000Z,133.957,137.321,0.52,0.00494,dagens slut
MSTR,B,kop,2026-08-28T14:30:00.000Z,2026-08-28T14:30:00.000Z,132.066,132.334,0.02,0.00020,mål EMA20
MSTR,B,kop,2026-08-28T16:30:00.000Z,2026-08-28T19:30:00.000Z,126.943,127.236,0.02,0.00023,dagens slut
MSTR,B,kop,2026-09-01T16:30:00.000Z,2026-09-01T19:30:00.000Z,126.713,124.848,-0.33,-0.00317,dagens slut
MSTR,A,kop,2026-09-03T14:30:00.000Z,2026-09-03T19:30:00.000Z,136.178,144.768,1.38,0.01309,dagens slut
MSTR,B,kop,2026-09-08T15:30:00.000Z,2026-09-08T19:30:00.000Z,137.299,136.442,-0.17,-0.00162,dagens slut
MSTR,A,kop,2026-09-11T14:30:00.000Z,2026-09-11T19:30:00.000Z,135.938,130.905,-0.90,-0.00864,dagens slut
MSTR,A,kop,2026-09-18T14:30:00.000Z,2026-09-18T19:30:00.000Z,145.973,153.833,1.07,0.01018,dagens slut
MSTR,B,kop,2026-09-23T14:30:00.000Z,2026-09-23T14:30:00.000Z,162.546,165.022,0.36,0.00345,mål EMA20
MSTR,B,kop,2026-09-25T14:30:00.000Z,2026-09-25T20:00:00.000Z,158.311,158.531,0.01,0.00009,periodens slut
VOLV B,B,blank,2025-10-07T14:00:00.000Z,2025-10-07T14:00:00.000Z,271.164,270.235,0.20,0.00195,mål EMA20
VOLV B,B,blank,2025-10-09T13:00:00.000Z,2025-10-09T13:00:00.000Z,269.965,268.334,0.45,0.00452,mål EMA20
VOLV B,A,blank,2025-10-13T15:00:00.000Z,2025-10-13T15:00:00.000Z,264.967,265.833,-0.32,-0.00323,dagens slut
VOLV B,B,blank,2025-10-15T08:00:00.000Z,2025-10-15T08:00:00.000Z,266.267,265.333,0.20,0.00201,mål EMA20
VOLV B,B,blank,2025-10-16T08:00:00.000Z,2025-10-16T15:00:00.000Z,266.067,268.334,-0.90,-0.00901,dagens slut
VOLV B,A,blank,2025-10-17T09:00:00.000Z,2025-10-17T15:00:00.000Z,247.176,247.524,-0.11,-0.00110,dagens slut
VOLV B,B,blank,2025-10-20T14:00:00.000Z,2025-10-20T15:00:00.000Z,254.873,256.028,-0.29,-0.00293,dagens slut
VOLV B,B,blank,2025-10-21T08:00:00.000Z,2025-10-21T12:00:00.000Z,255.872,255.328,0.07,0.00065,mål EMA20
VOLV B,B,blank,2025-10-21T15:00:00.000Z,2025-10-21T15:00:00.000Z,257.971,258.529,-0.21,-0.00210,dagens slut
VOLV B,B,blank,2025-11-04T14:00:00.000Z,2025-11-04T15:00:00.000Z,259.270,258.529,0.17,0.00169,mål EMA20
VOLV B,B,blank,2025-11-18T16:00:00.000Z,2025-11-18T16:00:00.000Z,259.370,261.130,-0.62,-0.00618,mål EMA20
VOLV B,B,kop,2025-11-28T09:00:00.000Z,2025-11-28T10:00:00.000Z,283.242,283.058,-0.16,-0.00154,mål EMA20
VOLV B,B,kop,2025-11-28T16:00:00.000Z,2025-11-28T16:00:00.000Z,282.641,282.659,-0.11,-0.00092,dagens slut
VOLV B,B,kop,2025-12-01T10:00:00.000Z,2025-12-01T14:00:00.000Z,281.641,283.458,0.57,0.00536,mål EMA20
VOLV B,B,kop,2025-12-03T09:00:00.000Z,2025-12-03T13:00:00.000Z,281.341,278.599,-1.16,-0.01062,stopp
VOLV B,A,kop,2025-12-04T10:00:00.000Z,2025-12-04T16:00:00.000Z,286.443,288.356,0.50,0.00492,dagens slut
VOLV B,B,kop,2025-12-09T09:00:00.000Z,2025-12-09T16:00:00.000Z,290.945,289.855,-0.43,-0.00420,dagens slut
VOLV B,B,kop,2026-01-08T13:00:00.000Z,2026-01-08T13:00:00.000Z,304.252,304.348,-0.06,-0.00059,mål EMA20
VOLV B,B,kop,2026-01-08T15:00:00.000Z,2026-01-08T15:00:00.000Z,303.952,305.347,0.33,0.00319,mål EMA20
VOLV B,B,kop,2026-01-13T09:00:00.000Z,2026-01-13T15:00:00.000Z,306.553,307.546,0.17,0.00170,mål EMA20
VOLV B,B,kop,2026-01-27T09:00:00.000Z,2026-01-27T09:00:00.000Z,315.258,315.542,-0.01,-0.00010,mål EMA20
VOLV B,B,kop,2026-01-29T16:00:00.000Z,2026-01-29T16:00:00.000Z,322.461,322.839,0.01,0.00012,mål EMA20
VOLV B,A,kop,2026-02-03T09:00:00.000Z,2026-02-03T16:00:00.000Z,338.569,340.330,0.26,0.00257,dagens slut
VOLV B,B,kop,2026-02-05T09:00:00.000Z,2026-02-05T09:00:00.000Z,346.973,346.427,-0.17,-0.00172,mål EMA20
VOLV B,B,kop,2026-02-05T10:00:00.000Z,2026-02-05T10:00:00.000Z,346.673,345.427,-0.32,-0.00315,mål EMA20
VOLV B,B,kop,2026-02-05T11:00:00.000Z,2026-02-05T11:00:00.000Z,345.773,345.527,-0.12,-0.00119,mål EMA20
VOLV B,B,kop,2026-02-09T09:00:00.000Z,2026-02-09T16:00:00.000Z,342.971,342.729,-0.14,-0.00136,dagens slut
VOLV B,A,kop,2026-02-11T15:00:00.000Z,2026-02-11T16:00:00.000Z,350.975,348.226,-0.80,-0.00780,dagens slut
VOLV B,A,kop,2026-02-20T16:00:00.000Z,2026-02-20T16:00:00.000Z,351.576,350.924,-0.34,-0.00277,dagens slut
VOLV B,B,kop,2026-02-25T16:00:00.000Z,2026-02-25T16:00:00.000Z,350.075,349.625,-0.27,-0.00221,dagens slut
VOLV B,B,kop,2026-02-26T16:00:00.000Z,2026-02-26T16:00:00.000Z,350.875,350.225,-0.33,-0.00276,dagens slut
VOLV B,B,blank,2026-03-04T09:00:00.000Z,2026-03-04T09:00:00.000Z,336.232,337.969,-0.33,-0.00318,mål EMA20
VOLV B,B,blank,2026-03-04T10:00:00.000Z,2026-03-04T16:00:00.000Z,337.631,340.170,-0.47,-0.00450,dagens slut
VOLV B,B,blank,2026-03-09T15:00:00.000Z,2026-03-09T15:00:00.000Z,322.239,322.961,-0.16,-0.00153,mål EMA20
VOLV B,B,blank,2026-03-09T16:00:00.000Z,2026-03-09T16:00:00.000Z,322.539,321.361,0.13,0.00128,mål EMA20
VOLV B,B,blank,2026-03-10T09:00:00.000Z,2026-03-10T16:00:00.000Z,330.235,333.867,-0.55,-0.00522,dagens slut
VOLV B,B,blank,2026-03-16T14:00:00.000Z,2026-03-16T14:00:00.000Z,323.938,323.161,0.09,0.00085,mål EMA20
VOLV B,B,blank,2026-03-23T12:00:00.000Z,2026-03-23T14:00:00.000Z,291.754,300.191,-1.05,-0.01002,stopp
VOLV B,B,blank,2026-03-23T15:00:00.000Z,2026-03-23T16:00:00.000Z,299.750,297.449,0.24,0.00230,dagens slut
VOLV B,B,blank,2026-03-27T15:00:00.000Z,2026-03-27T16:00:00.000Z,300.350,300.250,-0.04,-0.00042,dagens slut
VOLV B,B,kop,2026-04-09T08:00:00.000Z,2026-04-09T13:00:00.000Z,316.658,320.240,0.39,0.00371,mål EMA20
VOLV B,B,kop,2026-04-13T08:00:00.000Z,2026-04-13T15:00:00.000Z,321.561,320.440,-0.24,-0.00229,dagens slut
VOLV B,A,kop,2026-04-17T13:00:00.000Z,2026-04-17T15:00:00.000Z,323.562,328.136,1.10,0.01036,dagens slut
VOLV B,B,kop,2026-04-21T13:00:00.000Z,2026-04-21T15:00:00.000Z,322.561,319.940,-0.65,-0.00620,dagens slut
VOLV B,B,kop,2026-04-27T14:00:00.000Z,2026-04-27T15:00:00.000Z,321.561,319.340,-0.53,-0.00500,dagens slut
VOLV B,A,kop,2026-05-06T09:00:00.000Z,2026-05-06T15:00:00.000Z,328.664,330.435,0.26,0.00249,dagens slut
VOLV B,B,kop,2026-05-26T08:00:00.000Z,2026-05-26T08:00:00.000Z,320.960,319.740,-0.39,-0.00365,mål EMA20
VOLV B,B,kop,2026-05-26T09:00:00.000Z,2026-05-26T09:00:00.000Z,320.160,319.940,-0.14,-0.00131,mål EMA20
VOLV B,B,kop,2026-05-28T08:00:00.000Z,2026-05-28T14:00:00.000Z,323.061,322.339,-0.26,-0.00245,mål EMA20
VOLV B,B,kop,2026-06-03T10:00:00.000Z,2026-06-03T10:00:00.000Z,324.062,325.137,0.14,0.00133,mål EMA20
VOLV B,B,kop,2026-06-04T15:00:00.000Z,2026-06-04T15:00:00.000Z,325.363,325.637,-0.01,-0.00010,dagens slut
VOLV B,A,kop,2026-06-08T15:00:00.000Z,2026-06-08T15:00:00.000Z,323.262,323.438,-0.03,-0.00028,dagens slut
VOLV B,B,kop,2026-06-15T15:00:00.000Z,2026-06-15T15:00:00.000Z,320.160,320.040,-0.08,-0.00074,mål EMA20
VOLV B,B,kop,2026-06-26T12:00:00.000Z,2026-06-26T12:00:00.000Z,326.563,325.537,-0.32,-0.00296,mål EMA20
VOLV B,B,kop,2026-06-26T13:00:00.000Z,2026-06-26T15:00:00.000Z,325.863,324.438,-0.40,-0.00377,mål EMA20
VOLV B,B,kop,2026-07-01T12:00:00.000Z,2026-07-01T12:00:00.000Z,328.564,327.736,-0.32,-0.00296,mål EMA20
VOLV B,B,kop,2026-07-01T13:00:00.000Z,2026-07-01T13:00:00.000Z,327.964,327.836,-0.13,-0.00120,mål EMA20
VOLV B,B,kop,2026-07-01T15:00:00.000Z,2026-07-01T15:00:00.000Z,326.963,327.336,0.01,0.00012,dagens slut
VOLV B,B,kop,2026-07-08T08:00:00.000Z,2026-07-08T08:00:00.000Z,338.169,333.730,-1.12,-0.01037,stopp
VOLV B,B,kop,2026-07-20T15:00:00.000Z,2026-07-20T15:00:00.000Z,339.470,338.531,-0.23,-0.00214,dagens slut
VOLV B,B,kop,2026-07-27T15:00:00.000Z,2026-07-27T15:00:00.000Z,357.779,355.322,-0.64,-0.00590,dagens slut
VOLV B,B,kop,2026-07-31T14:00:00.000Z,2026-07-31T14:00:00.000Z,364.582,365.517,0.13,0.00119,mål EMA20
VOLV B,A,kop,2026-08-03T09:00:00.000Z,2026-08-03T15:00:00.000Z,370.285,369.215,-0.30,-0.00273,dagens slut
VOLV B,B,kop,2026-08-04T08:00:00.000Z,2026-08-04T11:00:00.000Z,368.284,367.716,-0.22,-0.00200,mål EMA20
VOLV B,A,blank,2026-08-13T15:00:00.000Z,2026-08-13T15:00:00.000Z,339.530,340.270,-0.33,-0.00288,dagens slut
VOLV B,B,blank,2026-08-18T13:00:00.000Z,2026-08-18T13:00:00.000Z,342.928,341.171,0.45,0.00373,mål EMA20
VOLV B,B,blank,2026-08-21T09:00:00.000Z,2026-08-21T15:00:00.000Z,340.829,342.971,-0.79,-0.00661,dagens slut
VOLV B,B,blank,2026-09-03T12:00:00.000Z,2026-09-03T14:00:00.000Z,341.929,346.821,-1.11,-0.00999,stopp
VOLV B,B,blank,2026-09-11T14:00:00.000Z,2026-09-11T14:00:00.000Z,340.730,340.170,0.06,0.00056,mål EMA20
VOLV B,B,blank,2026-09-17T08:00:00.000Z,2026-09-17T15:00:00.000Z,334.433,337.969,-0.97,-0.00868,dagens slut
VOLV B,B,blank,2026-09-21T12:00:00.000Z,2026-09-21T12:00:00.000Z,334.033,333.867,-0.05,-0.00040,mål EMA20
VOLV B,B,blank,2026-09-22T10:00:00.000Z,2026-09-22T15:00:00.000Z,333.633,333.767,-0.10,-0.00092,dagens slut
SAAB B,B,kop,2025-09-30T08:00:00.000Z,2025-09-30T14:00:00.000Z,573.787,575.312,0.08,0.00085,mål EMA20
SAAB B,A,kop,2025-10-02T09:00:00.000Z,2025-10-02T13:00:00.000Z,575.087,563.805,-1.08,-0.01078,stopp
SAAB B,A,blank,2025-11-06T15:00:00.000Z,2025-11-06T16:00:00.000Z,502.049,512.152,-1.08,-0.01067,stopp
SAAB B,B,kop,2025-11-17T16:00:00.000Z,2025-11-17T16:00:00.000Z,542.071,538.231,-0.28,-0.00279,dagens slut
SAAB B,B,kop,2025-11-18T10:00:00.000Z,2025-11-18T16:00:00.000Z,533.367,515.787,-1.05,-0.01021,stopp
SAAB B,B,blank,2025-11-26T11:00:00.000Z,2025-11-26T11:00:00.000Z,462.868,463.181,-0.05,-0.00051,mål EMA20
SAAB B,B,blank,2025-11-26T12:00:00.000Z,2025-11-26T14:00:00.000Z,462.769,477.727,-1.05,-0.01012,stopp
SAAB B,B,blank,2025-11-26T15:00:00.000Z,2025-11-26T16:00:00.000Z,470.665,470.435,-0.02,-0.00016,dagens slut
SAAB B,A,blank,2025-12-03T10:00:00.000Z,2025-12-03T16:00:00.000Z,465.567,469.034,-0.31,-0.00301,dagens slut
SAAB B,A,blank,2025-12-10T15:00:00.000Z,2025-12-10T16:00:00.000Z,496.602,505.296,-1.09,-0.01038,stopp
SAAB B,B,blank,2025-12-17T09:00:00.000Z,2025-12-17T15:00:00.000Z,492.754,491.546,0.06,0.00059,mål EMA20
SAAB B,A,kop,2026-01-07T10:00:00.000Z,2026-01-07T16:00:00.000Z,613.407,626.387,0.76,0.00720,dagens slut
SAAB B,B,kop,2026-01-13T09:00:00.000Z,2026-01-13T09:00:00.000Z,689.244,693.753,0.21,0.00203,mål EMA20
SAAB B,B,kop,2026-01-14T11:00:00.000Z,2026-01-14T11:00:00.000Z,693.647,692.953,-0.09,-0.00087,mål EMA20
SAAB B,B,kop,2026-01-14T13:00:00.000Z,2026-01-14T16:00:00.000Z,686.443,692.454,0.36,0.00342,mål EMA20
SAAB B,B,kop,2026-01-16T14:00:00.000Z,2026-01-16T14:00:00.000Z,696.848,700.749,0.25,0.00239,mål EMA20
SAAB B,B,kop,2026-01-19T16:00:00.000Z,2026-01-19T16:00:00.000Z,727.363,722.938,-0.32,-0.00305,mål EMA20
SAAB B,B,kop,2026-01-20T09:00:00.000Z,2026-01-20T12:00:00.000Z,715.858,719.940,0.20,0.00191,mål EMA20
SAAB B,B,blank,2026-02-06T11:00:00.000Z,2026-02-06T14:00:00.000Z,667.666,658.129,0.37,0.00350,mål EMA20
SAAB B,B,blank,2026-02-17T15:00:00.000Z,2026-02-17T16:00:00.000Z,626.087,627.914,-0.17,-0.00164,dagens slut
SAAB B,A,blank,2026-02-25T12:00:00.000Z,2026-02-25T16:00:00.000Z,648.276,648.924,-0.12,-0.00112,dagens slut
SAAB B,A,blank,2026-03-02T10:00:00.000Z,2026-03-02T16:00:00.000Z,659.070,650.425,0.39,0.00371,dagens slut
SAAB B,A,blank,2026-03-19T12:00:00.000Z,2026-03-19T16:00:00.000Z,675.662,673.036,0.12,0.00120,dagens slut
SAAB B,B,blank,2026-03-23T14:00:00.000Z,2026-03-23T14:00:00.000Z,650.874,650.725,-0.03,-0.00024,mål EMA20
SAAB B,B,blank,2026-03-25T09:00:00.000Z,2026-03-25T09:00:00.000Z,640.580,635.017,0.29,0.00281,mål EMA20
SAAB B,B,blank,2026-03-30T11:00:00.000Z,2026-03-30T11:00:00.000Z,601.299,601.401,-0.05,-0.00046,mål EMA20
SAAB B,B,blank,2026-03-30T15:00:00.000Z,2026-03-30T15:00:00.000Z,608.196,604.902,0.20,0.00188,dagens slut
SAAB B,A,blank,2026-04-09T09:00:00.000Z,2026-04-09T14:00:00.000Z,607.296,625.348,-1.05,-0.01016,stopp
SAAB B,A,blank,2026-04-10T10:00:00.000Z,2026-04-10T15:00:00.000Z,609.695,610.305,-0.07,-0.00068,dagens slut
SAAB B,A,blank,2026-04-16T14:00:00.000Z,2026-04-16T15:00:00.000Z,598.201,601.601,-0.29,-0.00275,dagens slut
SAAB B,B,blank,2026-04-23T14:00:00.000Z,2026-04-23T14:00:00.000Z,577.611,593.653,-1.06,-0.01005,stopp
SAAB B,A,blank,2026-05-13T10:00:00.000Z,2026-05-13T10:00:00.000Z,494.103,491.846,0.13,0.00126,dagens slut
SAAB B,B,blank,2026-05-18T12:00:00.000Z,2026-05-18T12:00:00.000Z,495.652,494.347,0.06,0.00060,mål EMA20
SAAB B,B,kop,2026-06-01T08:00:00.000Z,2026-06-01T13:00:00.000Z,554.277,538.566,-1.05,-0.00994,stopp
SAAB B,A,kop,2026-06-11T15:00:00.000Z,2026-06-11T15:00:00.000Z,540.570,535.732,-0.45,-0.00424,dagens slut
SAAB B,A,blank,2026-06-22T14:00:00.000Z,2026-06-22T15:00:00.000Z,493.403,503.151,-0.87,-0.00813,dagens slut
SAAB B,B,blank,2026-06-25T14:00:00.000Z,2026-06-25T14:00:00.000Z,493.203,493.246,-0.04,-0.00041,mål EMA20
SAAB B,B,blank,2026-06-26T14:00:00.000Z,2026-06-26T14:00:00.000Z,487.356,486.393,0.05,0.00042,mål EMA20
SAAB B,B,blank,2026-06-29T08:00:00.000Z,2026-06-29T15:00:00.000Z,494.603,499.099,-0.46,-0.00424,dagens slut
SAAB B,B,kop,2026-07-07T14:00:00.000Z,2026-07-07T14:00:00.000Z,600.200,601.599,0.05,0.00043,mål EMA20
SAAB B,B,kop,2026-07-08T08:00:00.000Z,2026-07-08T15:00:00.000Z,586.193,585.707,-0.06,-0.00052,dagens slut
SAAB B,B,kop,2026-07-09T09:00:00.000Z,2026-07-09T15:00:00.000Z,573.687,563.718,-0.62,-0.00573,dagens slut
SAAB B,B,blank,2026-07-17T08:00:00.000Z,2026-07-17T08:00:00.000Z,528.935,542.695,-1.06,-0.00966,stopp
SAAB B,B,kop,2026-07-24T08:00:00.000Z,2026-07-24T08:00:00.000Z,590.395,589.505,-0.10,-0.00091,mål EMA20
SAAB B,B,kop,2026-07-24T09:00:00.000Z,2026-07-24T10:00:00.000Z,590.095,589.505,-0.08,-0.00074,mål EMA20
SAAB B,B,kop,2026-07-24T14:00:00.000Z,2026-07-24T15:00:00.000Z,586.793,587.106,-0.02,-0.00020,dagens slut
SAAB B,A,kop,2026-07-27T13:00:00.000Z,2026-07-27T15:00:00.000Z,603.502,600.700,-0.26,-0.00238,dagens slut
SAAB B,A,kop,2026-07-28T09:00:00.000Z,2026-07-28T15:00:00.000Z,618.609,615.092,-0.28,-0.00254,dagens slut
SAAB B,A,kop,2026-08-03T15:00:00.000Z,2026-08-03T15:00:00.000Z,616.208,614.792,-0.16,-0.00141,dagens slut
SAAB B,B,kop,2026-08-04T15:00:00.000Z,2026-08-04T15:00:00.000Z,617.709,619.390,0.08,0.00074,mål EMA20
SAAB B,B,kop,2026-08-06T13:00:00.000Z,2026-08-06T14:00:00.000Z,629.214,630.085,0.02,0.00015,mål EMA20
SAAB B,B,kop,2026-08-10T11:00:00.000Z,2026-08-10T13:00:00.000Z,627.514,634.383,0.48,0.00431,mål EMA20
SAAB B,A,kop,2026-08-13T09:00:00.000Z,2026-08-13T15:00:00.000Z,690.945,679.760,-0.89,-0.00804,dagens slut
SAAB B,B,kop,2026-08-17T09:00:00.000Z,2026-08-17T09:00:00.000Z,689.044,689.555,-0.01,-0.00012,mål EMA20
SAAB B,B,kop,2026-08-18T13:00:00.000Z,2026-08-18T15:00:00.000Z,686.343,687.656,0.06,0.00050,dagens slut
SAAB B,B,kop,2026-08-19T12:00:00.000Z,2026-08-19T13:00:00.000Z,685.743,674.146,-1.09,-0.00972,stopp
SAAB B,B,blank,2026-09-02T13:00:00.000Z,2026-09-02T13:00:00.000Z,609.895,609.605,-0.03,-0.00026,mål EMA20
SAAB B,A,blank,2026-09-03T10:00:00.000Z,2026-09-03T15:00:00.000Z,597.401,597.999,-0.11,-0.00096,dagens slut
SAAB B,A,blank,2026-09-04T15:00:00.000Z,2026-09-04T15:00:00.000Z,587.706,589.695,-0.26,-0.00225,dagens slut
SAAB B,B,blank,2026-09-09T13:00:00.000Z,2026-09-09T13:00:00.000Z,580.310,574.087,0.58,0.00506,mål EMA20
SAAB B,B,blank,2026-09-10T09:00:00.000Z,2026-09-10T09:00:00.000Z,578.111,577.589,-0.01,-0.00005,mål EMA20
SAAB B,B,blank,2026-09-14T10:00:00.000Z,2026-09-14T11:00:00.000Z,579.510,576.988,0.21,0.00182,mål EMA20
SAAB B,A,blank,2026-09-22T15:00:00.000Z,2026-09-22T15:00:00.000Z,610.695,614.307,-0.36,-0.00318,dagens slut
SAAB B,A,kop,2026-09-25T14:00:00.000Z,2026-09-25T15:00:00.000Z,629.615,622.389,-0.66,-0.00579,dagens slut